"client","route","role","screen","source","backend_dependency","loading_state","populated_state","empty_state","offline_state","validation_state","unauthorized_state","recoverable_error_state","success_state","primary_actions","current_test_coverage"
"expo_reference","/account-status","mixed","account-status.tsx","app/account-status.tsx","","not_detected","not_detected","not_detected","not_detected","not_detected","not_detected","not_detected","not_detected","Sign out","reference_client_not_credited_for_android_completion"
"expo_reference","/admin","admin","index.tsx","app/admin/index.tsx","","not_detected","detected","not_detected","not_detected","not_detected","detected","detected","not_detected","View notifications; Support queue; Rules and safety; Admin review required; RevenueCat debug; Open; Monetization hub","reference_client_not_credited_for_android_completion"
"expo_reference","/admin/jobs","admin","jobs.tsx","app/admin/jobs.tsx","","not_detected","detected","detected","not_detected","not_detected","not_detected","detected","not_detected","No jobs","reference_client_not_credited_for_android_completion"
"expo_reference","/admin/reports","admin","reports.tsx","app/admin/reports.tsx","","not_detected","detected","detected","not_detected","not_detected","not_detected","detected","not_detected","No reports; Mark reviewing; Resolve","reference_client_not_credited_for_android_completion"
"expo_reference","/admin/support","admin","support.tsx","app/admin/support.tsx","","not_detected","detected","detected","not_detected","not_detected","not_detected","detected","not_detected","No tickets","reference_client_not_credited_for_android_completion"
"expo_reference","/admin/users","admin","users.tsx","app/admin/users.tsx","","not_detected","detected","detected","not_detected","not_detected","detected","detected","not_detected","No users","reference_client_not_credited_for_android_completion"
"expo_reference","/admin/verification","admin","verification.tsx","app/admin/verification.tsx","","not_detected","detected","detected","not_detected","not_detected","not_detected","detected","detected","No submissions; Approve; Reject","reference_client_not_credited_for_android_completion"
"expo_reference","/adult/applications","adult","applications.tsx","app/adult/applications.tsx","","not_detected","detected","detected","not_detected","not_detected","not_detected","detected","detected","No applications; Dispute proof; Reject; Review proof","reference_client_not_credited_for_android_completion"
"expo_reference","/adult/dashboard","adult","dashboard.tsx","app/adult/dashboard.tsx","","not_detected","detected","detected","not_detected","not_detected","not_detected","detected","detected","Adult Pro planned; Post a teen-safe job; Post; Review applicants; Review; Subscription tools; Open; No posted jobs","reference_client_not_credited_for_android_completion"
"expo_reference","/adult/messages","adult","messages.tsx","app/adult/messages.tsx","","not_detected","detected","detected","not_detected","not_detected","not_detected","detected","not_detected","No threads; Open chat","reference_client_not_credited_for_android_completion"
"expo_reference","/adult/post-job","adult","post-job.tsx","app/adult/post-job.tsx","","not_detected","detected","not_detected","not_detected","detected","not_detected","detected","detected","Title; Description; Category; Public location text; City; State; Pay label; Minimum teen age; Maximum teen age","reference_client_not_credited_for_android_completion"
"expo_reference","/adult/profile","adult","profile.tsx","app/adult/profile.tsx","","not_detected","not_detected","not_detected","not_detected","not_detected","not_detected","detected","not_detected","Enable push notifications; Username; Subscription and business tools; Ad preferences; View notifications; Support; Rules and safety; Sign out","reference_client_not_credited_for_android_completion"
"expo_reference","/adult/verification","adult","verification.tsx","app/adult/verification.tsx","","not_detected","detected","not_detected","not_detected","detected","not_detected","detected","detected","Business or adult display name; Business type; Notes for moderators; Submit for review","reference_client_not_credited_for_android_completion"
"expo_reference","/auth/sign-in","mixed","sign-in.tsx","app/auth/sign-in.tsx","supabase_client","not_detected","not_detected","not_detected","not_detected","detected","not_detected","detected","not_detected","Email; Password","reference_client_not_credited_for_android_completion"
"expo_reference","/auth/sign-up","mixed","sign-up.tsx","app/auth/sign-up.tsx","supabase_client","not_detected","detected","not_detected","not_detected","detected","detected","detected","detected","Email; Password","reference_client_not_credited_for_android_completion"
"expo_reference","/guardian/approvals","guardian","approvals.tsx","app/guardian/approvals.tsx","","not_detected","detected","detected","not_detected","not_detected","not_detected","detected","not_detected","No approvals; Reject; Review proof","reference_client_not_credited_for_android_completion"
"expo_reference","/guardian/messages","guardian","messages.tsx","app/guardian/messages.tsx","","not_detected","detected","detected","not_detected","not_detected","not_detected","detected","not_detected","No supervised threads; Open chat","reference_client_not_credited_for_android_completion"
"expo_reference","/guardian/profile","guardian","profile.tsx","app/guardian/profile.tsx","","not_detected","not_detected","not_detected","not_detected","not_detected","not_detected","detected","not_detected","Enable push notifications; Username; Guardian Plus and subscriptions; Ad preferences; View notifications; Support; Rules and safety; Sign out","reference_client_not_credited_for_android_completion"
"expo_reference","/guardian/safety","guardian","safety.tsx","app/guardian/safety.tsx","","not_detected","detected","detected","not_detected","not_detected","not_detected","detected","detected","No safety pings","reference_client_not_credited_for_android_completion"
"expo_reference","/guardian/teens","guardian","teens.tsx","app/guardian/teens.tsx","","not_detected","detected","detected","not_detected","detected","not_detected","detected","detected","Teen invite code; Connect teen; Pause reason; Safety basics stay free; Subscription settings; Open; No connected teens","reference_client_not_credited_for_android_completion"
"expo_reference","/index","mixed","index.tsx","app/index.tsx","","detected","not_detected","not_detected","not_detected","not_detected","detected","not_detected","detected","","reference_client_not_credited_for_android_completion"
"expo_reference","/job/:id","mixed","[id].tsx","app/job/[id].tsx","","not_detected","detected","not_detected","not_detected","detected","detected","detected","detected","Report this job/poster; Guardian connected; No active guardian; Application note","reference_client_not_credited_for_android_completion"
"expo_reference","/legal","mixed","legal.tsx","app/legal.tsx","","not_detected","not_detected","not_detected","not_detected","not_detected","not_detected","not_detected","not_detected","","reference_client_not_credited_for_android_completion"
"expo_reference","/messages/:threadId","mixed","[threadId].tsx","app/messages/[threadId].tsx","","not_detected","detected","not_detected","not_detected","detected","not_detected","detected","detected","Report message; Message","reference_client_not_credited_for_android_completion"
"expo_reference","/monetization","mixed","index.tsx","app/monetization/index.tsx","","not_detected","not_detected","not_detected","not_detected","not_detected","detected","not_detected","detected","MORT Premium; Earn nearby. Move smart. Monetization stays teen-safe, transparent, and never paywalls safety.; Active entitlements; Current offering packages; Subscription plans; Open; Ad-free; Restore purchases; Manage subscription; Username token; Profile style pack; Job boost","reference_client_not_credited_for_android_completion"
"expo_reference","/monetization/ad-free","mixed","ad-free.tsx","app/monetization/ad-free.tsx","","not_detected","not_detected","not_detected","not_detected","not_detected","not_detected","not_detected","detected","Ad-free; Ads are disabled by default until consent, EAS testing, and ad units are ready.; Fair gating","reference_client_not_credited_for_android_completion"
"expo_reference","/monetization/job-boost","mixed","job-boost.tsx","app/monetization/job-boost.tsx","","not_detected","not_detected","not_detected","not_detected","not_detected","not_detected","not_detected","not_detected","Job boost; Optional adult/business visibility. Safety review always wins.; Suggested setup","reference_client_not_credited_for_android_completion"
"expo_reference","/monetization/manage","mixed","manage.tsx","app/monetization/manage.tsx","","not_detected","not_detected","not_detected","not_detected","not_detected","not_detected","not_detected","not_detected","Manage subscription; Manage billing in Apple subscription settings after real products exist.","reference_client_not_credited_for_android_completion"
"expo_reference","/monetization/paywall","mixed","paywall.tsx","app/monetization/paywall.tsx","","not_detected","not_detected","not_detected","not_detected","not_detected","not_detected","not_detected","not_detected","Make MORT yours.; Free stays useful. Plus just gives you extra style, control, and convenience.","reference_client_not_credited_for_android_completion"
"expo_reference","/monetization/profile-style-pack","mixed","profile-style-pack.tsx","app/monetization/profile-style-pack.tsx","","not_detected","not_detected","not_detected","not_detected","not_detected","not_detected","not_detected","not_detected","Neon green; Safety blue; Premium purple; Profile style pack; Cosmetic only. No safety, hiring, or ranking advantage.; Profile Style Pack; Preview accent","reference_client_not_credited_for_android_completion"
"expo_reference","/monetization/restore","mixed","restore.tsx","app/monetization/restore.tsx","","not_detected","not_detected","not_detected","not_detected","not_detected","not_detected","not_detected","not_detected","Restore purchases; Use this if you bought with the same Apple ID or after reinstalling MORT.","reference_client_not_credited_for_android_completion"
"expo_reference","/monetization/revenuecat-debug","mixed","revenuecat-debug.tsx","app/monetization/revenuecat-debug.tsx","","not_detected","not_detected","not_detected","not_detected","not_detected","detected","not_detected","detected","Debug unavailable; RevenueCat debug; Admin/dev-only view. No secrets are shown.","reference_client_not_credited_for_android_completion"
"expo_reference","/monetization/username-change","mixed","username-change.tsx","app/monetization/username-change.tsx","","not_detected","not_detected","not_detected","not_detected","not_detected","not_detected","not_detected","not_detected","Username token; You used your 3 free username changes. Another change is optional; your account still works.","reference_client_not_credited_for_android_completion"
"expo_reference","/notifications","mixed","notifications.tsx","app/notifications.tsx","","detected","detected","detected","not_detected","not_detected","not_detected","detected","not_detected","Mark all read; No notifications; Mark read","reference_client_not_credited_for_android_completion"
"expo_reference","/onboarding","mixed","onboarding.tsx","app/onboarding.tsx","","not_detected","detected","not_detected","not_detected","not_detected","detected","detected","detected","Display name; Date of birth (YYYY-MM-DD); City; State; Sign out","reference_client_not_credited_for_android_completion"
"expo_reference","/proof/:applicationId","mixed","[applicationId].tsx","app/proof/[applicationId].tsx","","detected","detected","detected","not_detected","not_detected","detected","detected","detected","No proof yet; Open signed preview; Proof note; Save proof","reference_client_not_credited_for_android_completion"
"expo_reference","/report/:targetUserId","mixed","[targetUserId].tsx","app/report/[targetUserId].tsx","","not_detected","detected","not_detected","not_detected","not_detected","not_detected","detected","detected","Reason; Details; Submit report; Block user","reference_client_not_credited_for_android_completion"
"expo_reference","/settings/ad-preferences","mixed","ad-preferences.tsx","app/settings/ad-preferences.tsx","","not_detected","not_detected","not_detected","not_detected","not_detected","detected","not_detected","detected","Ad preferences; Ad settings stay conservative until consent and legal review are complete.; Consent controls coming after UMP/ATT setup","reference_client_not_credited_for_android_completion"
"expo_reference","/settings/subscription","mixed","subscription.tsx","app/settings/subscription.tsx","","not_detected","not_detected","not_detected","not_detected","not_detected","not_detected","not_detected","not_detected","Subscription; Premium convenience controls, never safety paywalls.; View plans; Open; Restore purchases; Manage subscription; Username settings; Profile style pack","reference_client_not_credited_for_android_completion"
"expo_reference","/settings/username","mixed","username.tsx","app/settings/username.tsx","","not_detected","detected","not_detected","not_detected","not_detected","not_detected","detected","detected","Username; 3 free lifetime changes. Extra changes are optional and must pass safety checks.","reference_client_not_credited_for_android_completion"
"expo_reference","/support","mixed","support.tsx","app/support.tsx","","not_detected","detected","detected","not_detected","detected","not_detected","detected","not_detected","Subject; What happened?; No support tickets","reference_client_not_credited_for_android_completion"
"expo_reference","/teen/applications","teen","applications.tsx","app/teen/applications.tsx","","not_detected","detected","detected","not_detected","not_detected","not_detected","detected","not_detected","No applications","reference_client_not_credited_for_android_completion"
"expo_reference","/teen/feed","teen","feed.tsx","app/teen/feed.tsx","","detected","detected","detected","not_detected","not_detected","not_detected","detected","not_detected","No jobs yet","reference_client_not_credited_for_android_completion"
"expo_reference","/teen/messages","teen","messages.tsx","app/teen/messages.tsx","","not_detected","detected","detected","not_detected","not_detected","not_detected","detected","not_detected","No threads; Open chat","reference_client_not_credited_for_android_completion"
"expo_reference","/teen/profile","teen","profile.tsx","app/teen/profile.tsx","","not_detected","not_detected","not_detected","not_detected","not_detected","not_detected","detected","not_detected","Enable push notifications; Username; Subscription and ad-free; Ad preferences; View notifications; Support; Rules and safety; Sign out","reference_client_not_credited_for_android_completion"
"expo_reference","/teen/safety","teen","safety.tsx","app/teen/safety.tsx","","not_detected","detected","detected","not_detected","not_detected","not_detected","detected","detected","Guardian connected; No active guardian; Create guardian invite; Optional note; I; I need help; No pings yet","reference_client_not_credited_for_android_completion"
"flutter_android_authoritative","/","authenticated_or_public","SplashScreen","flutter_mort/lib/features/mort_screens.dart","missionPilotRepositoryProvider; authRepositoryProvider; profileRepositoryProvider; jobsRepositoryProvider; applicationsRepositoryProvider; uploadsRepositoryProvider; messagingRepositoryProvider; safetyRepositoryProvider; notificationsRepositoryProvider; adminRepositoryProvider; guardianRepositoryProvider; monetizationRepositoryProvider","detected","detected","detected","not_detected","detected","public_route","detected","detected","Enter MORT; Sign in; MORT; A darker, cleaner local hustle app for teens, adults, guardians, and safety moderation.; Free safety tools stay free; Create account; Read teen safety; MORT cannot connect right now; Close and reopen the app, then try again. Contact MORT Support if the problem continues.; Connection required; MORT is paused safely; Marketplace and account actions are temporarily unavailable while safety or reliability work is completed.","flutter_mort/test/account_trust_test.dart; flutter_mort/test/android_native_parity_test.dart; flutter_mort/test/app_lock_policy_test.dart; flutter_mort/test/bootstrap_and_button_test.dart; flutter_mort/test/crash_reporting_test.dart; flutter_mort/test/date_of_birth_field_test.dart; flutter_mort/test/date_of_birth_test.dart; flutter_mort/test/edge_observability_contract_test.dart; flutter_mort/test/feature_expansion_contract_test.dart; flutter_mort/test/google_play_billing_contract_test.dart; flutter_mort/test/guardian_job_profile_features_test.dart; flutter_mort/test/identity_verification_provider_test.dart; flutter_mort/test/job_progress_widget_test.dart; flutter_mort/test/legal_trust_foundation_test.dart; flutter_mort/test/mission_pilot_test.dart; flutter_mort/test/monetization_safety_test.dart; flutter_mort/test/mort_0_9_3_security_contract_test.dart; flutter_mort/test/mort_0_9_4_admin_moderation_contract_test.dart; flutter_mort/test/mort_guide_contract_test.dart; flutter_mort/test/notification_destination_test.dart; flutter_mort/test/operational_controls_contract_test.dart; flutter_mort/test/profile_persistence_contract_test.dart; flutter_mort/test/release_candidate_policy_test.dart; flutter_mort/test/route_access_test.dart; flutter_mort/test/safe_uri_test.dart; flutter_mort/test/stripe_marketplace_contract_test.dart; flutter_mort/test/support_chat_widget_test.dart; flutter_mort/test/user_facing_error_test.dart; flutter_mort/test/validators_test.dart; flutter_mort/test/widget_test.dart"
"flutter_android_authoritative","/account-status","authenticated_or_public","AccountStatusScreen","flutter_mort/lib/features/mort_screens.dart","missionPilotRepositoryProvider; authRepositoryProvider; profileRepositoryProvider; jobsRepositoryProvider; applicationsRepositoryProvider; uploadsRepositoryProvider; messagingRepositoryProvider; safetyRepositoryProvider; notificationsRepositoryProvider; adminRepositoryProvider; guardianRepositoryProvider; monetizationRepositoryProvider","detected","detected","detected","not_detected","detected","route_guard_detected","detected","detected","Enter MORT; Sign in; MORT; A darker, cleaner local hustle app for teens, adults, guardians, and safety moderation.; Free safety tools stay free; Create account; Read teen safety; MORT cannot connect right now; Close and reopen the app, then try again. Contact MORT Support if the problem continues.; Connection required; MORT is paused safely; Marketplace and account actions are temporarily unavailable while safety or reliability work is completed.","flutter_mort/test/notification_destination_test.dart"
"flutter_android_authoritative","/admin/abduction-concerns","admin","AdminQueueScreen","flutter_mort/lib/features/mort_screens.dart","missionPilotRepositoryProvider; authRepositoryProvider; profileRepositoryProvider; jobsRepositoryProvider; applicationsRepositoryProvider; uploadsRepositoryProvider; messagingRepositoryProvider; safetyRepositoryProvider; notificationsRepositoryProvider; adminRepositoryProvider; guardianRepositoryProvider; monetizationRepositoryProvider","detected","detected","detected","not_detected","detected","route_guard_detected","detected","detected","Enter MORT; Sign in; MORT; A darker, cleaner local hustle app for teens, adults, guardians, and safety moderation.; Free safety tools stay free; Create account; Read teen safety; MORT cannot connect right now; Close and reopen the app, then try again. Contact MORT Support if the problem continues.; Connection required; MORT is paused safely; Marketplace and account actions are temporarily unavailable while safety or reliability work is completed.","no_direct_static_reference"
"flutter_android_authoritative","/admin/account-sharing","admin","AdminQueueScreen","flutter_mort/lib/features/mort_screens.dart","missionPilotRepositoryProvider; authRepositoryProvider; profileRepositoryProvider; jobsRepositoryProvider; applicationsRepositoryProvider; uploadsRepositoryProvider; messagingRepositoryProvider; safetyRepositoryProvider; notificationsRepositoryProvider; adminRepositoryProvider; guardianRepositoryProvider; monetizationRepositoryProvider","detected","detected","detected","not_detected","detected","route_guard_detected","detected","detected","Enter MORT; Sign in; MORT; A darker, cleaner local hustle app for teens, adults, guardians, and safety moderation.; Free safety tools stay free; Create account; Read teen safety; MORT cannot connect right now; Close and reopen the app, then try again. Contact MORT Support if the problem continues.; Connection required; MORT is paused safely; Marketplace and account actions are temporarily unavailable while safety or reliability work is completed.","no_direct_static_reference"
"flutter_android_authoritative","/admin/account-trust","admin","TrustAdminReviewScreen","flutter_mort/lib/features/trust/account_trust_screens.dart","accountTrustRepositoryProvider","detected","detected","detected","not_detected","detected","route_guard_detected","detected","detected","Trust profile unavailable; Try again; Your trust profile; Signals are precise and server-derived. No badge guarantees identity, behavior, or safety.; Read trust-level details; Device security; Passkeys; School affiliation; Partner code; Business registry; Digital ID availability; Appeal a trust decision","no_direct_static_reference"
"flutter_android_authoritative","/admin/action-logs","admin","AdminQueueScreen","flutter_mort/lib/features/mort_screens.dart","missionPilotRepositoryProvider; authRepositoryProvider; profileRepositoryProvider; jobsRepositoryProvider; applicationsRepositoryProvider; uploadsRepositoryProvider; messagingRepositoryProvider; safetyRepositoryProvider; notificationsRepositoryProvider; adminRepositoryProvider; guardianRepositoryProvider; monetizationRepositoryProvider","detected","detected","detected","not_detected","detected","route_guard_detected","detected","detected","Enter MORT; Sign in; MORT; A darker, cleaner local hustle app for teens, adults, guardians, and safety moderation.; Free safety tools stay free; Create account; Read teen safety; MORT cannot connect right now; Close and reopen the app, then try again. Contact MORT Support if the problem continues.; Connection required; MORT is paused safely; Marketplace and account actions are temporarily unavailable while safety or reliability work is completed.","no_direct_static_reference"
"flutter_android_authoritative","/admin/adult-id","admin","AdminQueueScreen","flutter_mort/lib/features/mort_screens.dart","missionPilotRepositoryProvider; authRepositoryProvider; profileRepositoryProvider; jobsRepositoryProvider; applicationsRepositoryProvider; uploadsRepositoryProvider; messagingRepositoryProvider; safetyRepositoryProvider; notificationsRepositoryProvider; adminRepositoryProvider; guardianRepositoryProvider; monetizationRepositoryProvider","detected","detected","detected","not_detected","detected","route_guard_detected","detected","detected","Enter MORT; Sign in; MORT; A darker, cleaner local hustle app for teens, adults, guardians, and safety moderation.; Free safety tools stay free; Create account; Read teen safety; MORT cannot connect right now; Close and reopen the app, then try again. Contact MORT Support if the problem continues.; Connection required; MORT is paused safely; Marketplace and account actions are temporarily unavailable while safety or reliability work is completed.","no_direct_static_reference"
"flutter_android_authoritative","/admin/business-verifications","admin","AdminQueueScreen","flutter_mort/lib/features/mort_screens.dart","missionPilotRepositoryProvider; authRepositoryProvider; profileRepositoryProvider; jobsRepositoryProvider; applicationsRepositoryProvider; uploadsRepositoryProvider; messagingRepositoryProvider; safetyRepositoryProvider; notificationsRepositoryProvider; adminRepositoryProvider; guardianRepositoryProvider; monetizationRepositoryProvider","detected","detected","detected","not_detected","detected","route_guard_detected","detected","detected","Enter MORT; Sign in; MORT; A darker, cleaner local hustle app for teens, adults, guardians, and safety moderation.; Free safety tools stay free; Create account; Read teen safety; MORT cannot connect right now; Close and reopen the app, then try again. Contact MORT Support if the problem continues.; Connection required; MORT is paused safely; Marketplace and account actions are temporarily unavailable while safety or reliability work is completed.","no_direct_static_reference"
"flutter_android_authoritative","/admin/evidence-preservation","admin","AdminQueueScreen","flutter_mort/lib/features/mort_screens.dart","missionPilotRepositoryProvider; authRepositoryProvider; profileRepositoryProvider; jobsRepositoryProvider; applicationsRepositoryProvider; uploadsRepositoryProvider; messagingRepositoryProvider; safetyRepositoryProvider; notificationsRepositoryProvider; adminRepositoryProvider; guardianRepositoryProvider; monetizationRepositoryProvider","detected","detected","detected","not_detected","detected","route_guard_detected","detected","detected","Enter MORT; Sign in; MORT; A darker, cleaner local hustle app for teens, adults, guardians, and safety moderation.; Free safety tools stay free; Create account; Read teen safety; MORT cannot connect right now; Close and reopen the app, then try again. Contact MORT Support if the problem continues.; Connection required; MORT is paused safely; Marketplace and account actions are temporarily unavailable while safety or reliability work is completed.","no_direct_static_reference"
"flutter_android_authoritative","/admin/grooming-signals","admin","AdminQueueScreen","flutter_mort/lib/features/mort_screens.dart","missionPilotRepositoryProvider; authRepositoryProvider; profileRepositoryProvider; jobsRepositoryProvider; applicationsRepositoryProvider; uploadsRepositoryProvider; messagingRepositoryProvider; safetyRepositoryProvider; notificationsRepositoryProvider; adminRepositoryProvider; guardianRepositoryProvider; monetizationRepositoryProvider","detected","detected","detected","not_detected","detected","route_guard_detected","detected","detected","Enter MORT; Sign in; MORT; A darker, cleaner local hustle app for teens, adults, guardians, and safety moderation.; Free safety tools stay free; Create account; Read teen safety; MORT cannot connect right now; Close and reopen the app, then try again. Contact MORT Support if the problem continues.; Connection required; MORT is paused safely; Marketplace and account actions are temporarily unavailable while safety or reliability work is completed.","no_direct_static_reference"
"flutter_android_authoritative","/admin/home","admin","RoleHomeScreen","flutter_mort/lib/features/mort_screens.dart","missionPilotRepositoryProvider; authRepositoryProvider; profileRepositoryProvider; jobsRepositoryProvider; applicationsRepositoryProvider; uploadsRepositoryProvider; messagingRepositoryProvider; safetyRepositoryProvider; notificationsRepositoryProvider; adminRepositoryProvider; guardianRepositoryProvider; monetizationRepositoryProvider","detected","detected","detected","not_detected","detected","route_guard_detected","detected","detected","Enter MORT; Sign in; MORT; A darker, cleaner local hustle app for teens, adults, guardians, and safety moderation.; Free safety tools stay free; Create account; Read teen safety; MORT cannot connect right now; Close and reopen the app, then try again. Contact MORT Support if the problem continues.; Connection required; MORT is paused safely; Marketplace and account actions are temporarily unavailable while safety or reliability work is completed.","no_direct_static_reference"
"flutter_android_authoritative","/admin/incidents","admin","AdminQueueScreen","flutter_mort/lib/features/mort_screens.dart","missionPilotRepositoryProvider; authRepositoryProvider; profileRepositoryProvider; jobsRepositoryProvider; applicationsRepositoryProvider; uploadsRepositoryProvider; messagingRepositoryProvider; safetyRepositoryProvider; notificationsRepositoryProvider; adminRepositoryProvider; guardianRepositoryProvider; monetizationRepositoryProvider","detected","detected","detected","not_detected","detected","route_guard_detected","detected","detected","Enter MORT; Sign in; MORT; A darker, cleaner local hustle app for teens, adults, guardians, and safety moderation.; Free safety tools stay free; Create account; Read teen safety; MORT cannot connect right now; Close and reopen the app, then try again. Contact MORT Support if the problem continues.; Connection required; MORT is paused safely; Marketplace and account actions are temporarily unavailable while safety or reliability work is completed.","no_direct_static_reference"
"flutter_android_authoritative","/admin/jobs","admin","AdminQueueScreen","flutter_mort/lib/features/mort_screens.dart","missionPilotRepositoryProvider; authRepositoryProvider; profileRepositoryProvider; jobsRepositoryProvider; applicationsRepositoryProvider; uploadsRepositoryProvider; messagingRepositoryProvider; safetyRepositoryProvider; notificationsRepositoryProvider; adminRepositoryProvider; guardianRepositoryProvider; monetizationRepositoryProvider","detected","detected","detected","not_detected","detected","route_guard_detected","detected","detected","Enter MORT; Sign in; MORT; A darker, cleaner local hustle app for teens, adults, guardians, and safety moderation.; Free safety tools stay free; Create account; Read teen safety; MORT cannot connect right now; Close and reopen the app, then try again. Contact MORT Support if the problem continues.; Connection required; MORT is paused safely; Marketplace and account actions are temporarily unavailable while safety or reliability work is completed.","no_direct_static_reference"
"flutter_android_authoritative","/admin/lawful-requests","admin","AdminQueueScreen","flutter_mort/lib/features/mort_screens.dart","missionPilotRepositoryProvider; authRepositoryProvider; profileRepositoryProvider; jobsRepositoryProvider; applicationsRepositoryProvider; uploadsRepositoryProvider; messagingRepositoryProvider; safetyRepositoryProvider; notificationsRepositoryProvider; adminRepositoryProvider; guardianRepositoryProvider; monetizationRepositoryProvider","detected","detected","detected","not_detected","detected","route_guard_detected","detected","detected","Enter MORT; Sign in; MORT; A darker, cleaner local hustle app for teens, adults, guardians, and safety moderation.; Free safety tools stay free; Create account; Read teen safety; MORT cannot connect right now; Close and reopen the app, then try again. Contact MORT Support if the problem continues.; Connection required; MORT is paused safely; Marketplace and account actions are temporarily unavailable while safety or reliability work is completed.","no_direct_static_reference"
"flutter_android_authoritative","/admin/messages","admin","AdminQueueScreen","flutter_mort/lib/features/mort_screens.dart","missionPilotRepositoryProvider; authRepositoryProvider; profileRepositoryProvider; jobsRepositoryProvider; applicationsRepositoryProvider; uploadsRepositoryProvider; messagingRepositoryProvider; safetyRepositoryProvider; notificationsRepositoryProvider; adminRepositoryProvider; guardianRepositoryProvider; monetizationRepositoryProvider","detected","detected","detected","not_detected","detected","route_guard_detected","detected","detected","Enter MORT; Sign in; MORT; A darker, cleaner local hustle app for teens, adults, guardians, and safety moderation.; Free safety tools stay free; Create account; Read teen safety; MORT cannot connect right now; Close and reopen the app, then try again. Contact MORT Support if the problem continues.; Connection required; MORT is paused safely; Marketplace and account actions are temporarily unavailable while safety or reliability work is completed.","no_direct_static_reference"
"flutter_android_authoritative","/admin/monetization","admin","AdminQueueScreen","flutter_mort/lib/features/mort_screens.dart","missionPilotRepositoryProvider; authRepositoryProvider; profileRepositoryProvider; jobsRepositoryProvider; applicationsRepositoryProvider; uploadsRepositoryProvider; messagingRepositoryProvider; safetyRepositoryProvider; notificationsRepositoryProvider; adminRepositoryProvider; guardianRepositoryProvider; monetizationRepositoryProvider","detected","detected","detected","not_detected","detected","route_guard_detected","detected","detected","Enter MORT; Sign in; MORT; A darker, cleaner local hustle app for teens, adults, guardians, and safety moderation.; Free safety tools stay free; Create account; Read teen safety; MORT cannot connect right now; Close and reopen the app, then try again. Contact MORT Support if the problem continues.; Connection required; MORT is paused safely; Marketplace and account actions are temporarily unavailable while safety or reliability work is completed.","no_direct_static_reference"
"flutter_android_authoritative","/admin/operational-alerts","admin","AdminOperationalAlertsScreen","flutter_mort/lib/features/admin/admin_operational_alerts_screen.dart","adminRepositoryProvider","detected","detected","detected","not_detected","not_detected","route_guard_detected","detected","detected","Operational alerts; Redacted reliability and safety signals. Every load and action requires a specialized server role.; Operational queue unavailable; Retry; No alerts in this queue; Acknowledge; Resolve","no_direct_static_reference"
"flutter_android_authoritative","/admin/payment-operations","admin","AdminPaymentOperationsScreen","flutter_mort/lib/features/payments/admin_payment_operations_screen.dart","stripeMarketplaceRepositoryProvider","detected","detected","detected","not_detected","not_detected","route_guard_detected","detected","not_detected","Payment review and resolution; Human review and provider execution are separate, audited roles. All money and payout destinations come from server records.; Loading assigned payment work...; Payment operations unavailable; Retry; Restricted role required; Stripe ${_label(data[; Assigned human reviews; No assigned disputes; Prepared server resolutions; No prepared resolutions","no_direct_static_reference"
"flutter_android_authoritative","/admin/person-mismatch","admin","AdminQueueScreen","flutter_mort/lib/features/mort_screens.dart","missionPilotRepositoryProvider; authRepositoryProvider; profileRepositoryProvider; jobsRepositoryProvider; applicationsRepositoryProvider; uploadsRepositoryProvider; messagingRepositoryProvider; safetyRepositoryProvider; notificationsRepositoryProvider; adminRepositoryProvider; guardianRepositoryProvider; monetizationRepositoryProvider","detected","detected","detected","not_detected","detected","route_guard_detected","detected","detected","Enter MORT; Sign in; MORT; A darker, cleaner local hustle app for teens, adults, guardians, and safety moderation.; Free safety tools stay free; Create account; Read teen safety; MORT cannot connect right now; Close and reopen the app, then try again. Contact MORT Support if the problem continues.; Connection required; MORT is paused safely; Marketplace and account actions are temporarily unavailable while safety or reliability work is completed.","no_direct_static_reference"
"flutter_android_authoritative","/admin/property-theft","admin","AdminQueueScreen","flutter_mort/lib/features/mort_screens.dart","missionPilotRepositoryProvider; authRepositoryProvider; profileRepositoryProvider; jobsRepositoryProvider; applicationsRepositoryProvider; uploadsRepositoryProvider; messagingRepositoryProvider; safetyRepositoryProvider; notificationsRepositoryProvider; adminRepositoryProvider; guardianRepositoryProvider; monetizationRepositoryProvider","detected","detected","detected","not_detected","detected","route_guard_detected","detected","detected","Enter MORT; Sign in; MORT; A darker, cleaner local hustle app for teens, adults, guardians, and safety moderation.; Free safety tools stay free; Create account; Read teen safety; MORT cannot connect right now; Close and reopen the app, then try again. Contact MORT Support if the problem continues.; Connection required; MORT is paused safely; Marketplace and account actions are temporarily unavailable while safety or reliability work is completed.","no_direct_static_reference"
"flutter_android_authoritative","/admin/reports","admin","AdminQueueScreen","flutter_mort/lib/features/mort_screens.dart","missionPilotRepositoryProvider; authRepositoryProvider; profileRepositoryProvider; jobsRepositoryProvider; applicationsRepositoryProvider; uploadsRepositoryProvider; messagingRepositoryProvider; safetyRepositoryProvider; notificationsRepositoryProvider; adminRepositoryProvider; guardianRepositoryProvider; monetizationRepositoryProvider","detected","detected","detected","not_detected","detected","route_guard_detected","detected","detected","Enter MORT; Sign in; MORT; A darker, cleaner local hustle app for teens, adults, guardians, and safety moderation.; Free safety tools stay free; Create account; Read teen safety; MORT cannot connect right now; Close and reopen the app, then try again. Contact MORT Support if the problem continues.; Connection required; MORT is paused safely; Marketplace and account actions are temporarily unavailable while safety or reliability work is completed.","no_direct_static_reference"
"flutter_android_authoritative","/admin/reports/:id","admin","AdminModerationDetailScreen","flutter_mort/lib/features/admin/admin_moderation_detail_screen.dart","adminRepositoryProvider","detected","detected","detected","not_detected","not_detected","route_guard_detected","detected","detected","Server authorization is checked for every load and action. Raw identity files and private storage paths are not returned here.; Record unavailable; Retry; No record returned; ${_label(entry.key)}: ${entry.value}; Begin review; Resolve; Dismiss; Suspend target account; Restore target account","flutter_mort/test/mort_0_9_4_admin_moderation_contract_test.dart"
"flutter_android_authoritative","/admin/restricted-queues","admin","FeatureScaffoldScreen","flutter_mort/lib/features/mort_screens.dart","missionPilotRepositoryProvider; authRepositoryProvider; profileRepositoryProvider; jobsRepositoryProvider; applicationsRepositoryProvider; uploadsRepositoryProvider; messagingRepositoryProvider; safetyRepositoryProvider; notificationsRepositoryProvider; adminRepositoryProvider; guardianRepositoryProvider; monetizationRepositoryProvider","detected","detected","detected","not_detected","detected","route_guard_detected","detected","detected","Enter MORT; Sign in; MORT; A darker, cleaner local hustle app for teens, adults, guardians, and safety moderation.; Free safety tools stay free; Create account; Read teen safety; MORT cannot connect right now; Close and reopen the app, then try again. Contact MORT Support if the problem continues.; Connection required; MORT is paused safely; Marketplace and account actions are temporarily unavailable while safety or reliability work is completed.","no_direct_static_reference"
"flutter_android_authoritative","/admin/reviews","admin","AdminQueueScreen","flutter_mort/lib/features/mort_screens.dart","missionPilotRepositoryProvider; authRepositoryProvider; profileRepositoryProvider; jobsRepositoryProvider; applicationsRepositoryProvider; uploadsRepositoryProvider; messagingRepositoryProvider; safetyRepositoryProvider; notificationsRepositoryProvider; adminRepositoryProvider; guardianRepositoryProvider; monetizationRepositoryProvider","detected","detected","detected","not_detected","detected","route_guard_detected","detected","detected","Enter MORT; Sign in; MORT; A darker, cleaner local hustle app for teens, adults, guardians, and safety moderation.; Free safety tools stay free; Create account; Read teen safety; MORT cannot connect right now; Close and reopen the app, then try again. Contact MORT Support if the problem continues.; Connection required; MORT is paused safely; Marketplace and account actions are temporarily unavailable while safety or reliability work is completed.","no_direct_static_reference"
"flutter_android_authoritative","/admin/safety-pings","admin","AdminQueueScreen","flutter_mort/lib/features/mort_screens.dart","missionPilotRepositoryProvider; authRepositoryProvider; profileRepositoryProvider; jobsRepositoryProvider; applicationsRepositoryProvider; uploadsRepositoryProvider; messagingRepositoryProvider; safetyRepositoryProvider; notificationsRepositoryProvider; adminRepositoryProvider; guardianRepositoryProvider; monetizationRepositoryProvider","detected","detected","detected","not_detected","detected","route_guard_detected","detected","detected","Enter MORT; Sign in; MORT; A darker, cleaner local hustle app for teens, adults, guardians, and safety moderation.; Free safety tools stay free; Create account; Read teen safety; MORT cannot connect right now; Close and reopen the app, then try again. Contact MORT Support if the problem continues.; Connection required; MORT is paused safely; Marketplace and account actions are temporarily unavailable while safety or reliability work is completed.","flutter_mort/test/notification_destination_test.dart"
"flutter_android_authoritative","/admin/sexual-safety","admin","AdminQueueScreen","flutter_mort/lib/features/mort_screens.dart","missionPilotRepositoryProvider; authRepositoryProvider; profileRepositoryProvider; jobsRepositoryProvider; applicationsRepositoryProvider; uploadsRepositoryProvider; messagingRepositoryProvider; safetyRepositoryProvider; notificationsRepositoryProvider; adminRepositoryProvider; guardianRepositoryProvider; monetizationRepositoryProvider","detected","detected","detected","not_detected","detected","route_guard_detected","detected","detected","Enter MORT; Sign in; MORT; A darker, cleaner local hustle app for teens, adults, guardians, and safety moderation.; Free safety tools stay free; Create account; Read teen safety; MORT cannot connect right now; Close and reopen the app, then try again. Contact MORT Support if the problem continues.; Connection required; MORT is paused safely; Marketplace and account actions are temporarily unavailable while safety or reliability work is completed.","no_direct_static_reference"
"flutter_android_authoritative","/admin/support","admin","AdminSupportQueueScreen","flutter_mort/lib/features/support/support_screens.dart","authRepositoryProvider; supportRepositoryProvider","detected","detected","detected","detected","detected","route_guard_detected","detected","detected","MORT Support; Approved self-service help and private human-reviewed support cases.; Ask MORT Guide; Safety Center; Email fallback; Sign in for private support; Sign in; Start a support conversation; Your support history; Loading support cases...; Support history unavailable; Retry","no_direct_static_reference"
"flutter_android_authoritative","/admin/support/ticket/:ticketId","admin","AdminSupportTicketScreen","flutter_mort/lib/features/support/support_screens.dart","authRepositoryProvider; supportRepositoryProvider","detected","detected","detected","detected","detected","route_guard_detected","detected","detected","MORT Support; Approved self-service help and private human-reviewed support cases.; Ask MORT Guide; Safety Center; Email fallback; Sign in for private support; Sign in; Start a support conversation; Your support history; Loading support cases...; Support history unavailable; Retry","no_direct_static_reference"
"flutter_android_authoritative","/admin/teen-alternatives","admin","AdminQueueScreen","flutter_mort/lib/features/mort_screens.dart","missionPilotRepositoryProvider; authRepositoryProvider; profileRepositoryProvider; jobsRepositoryProvider; applicationsRepositoryProvider; uploadsRepositoryProvider; messagingRepositoryProvider; safetyRepositoryProvider; notificationsRepositoryProvider; adminRepositoryProvider; guardianRepositoryProvider; monetizationRepositoryProvider","detected","detected","detected","not_detected","detected","route_guard_detected","detected","detected","Enter MORT; Sign in; MORT; A darker, cleaner local hustle app for teens, adults, guardians, and safety moderation.; Free safety tools stay free; Create account; Read teen safety; MORT cannot connect right now; Close and reopen the app, then try again. Contact MORT Support if the problem continues.; Connection required; MORT is paused safely; Marketplace and account actions are temporarily unavailable while safety or reliability work is completed.","no_direct_static_reference"
"flutter_android_authoritative","/admin/teen-school-id","admin","AdminQueueScreen","flutter_mort/lib/features/mort_screens.dart","missionPilotRepositoryProvider; authRepositoryProvider; profileRepositoryProvider; jobsRepositoryProvider; applicationsRepositoryProvider; uploadsRepositoryProvider; messagingRepositoryProvider; safetyRepositoryProvider; notificationsRepositoryProvider; adminRepositoryProvider; guardianRepositoryProvider; monetizationRepositoryProvider","detected","detected","detected","not_detected","detected","route_guard_detected","detected","detected","Enter MORT; Sign in; MORT; A darker, cleaner local hustle app for teens, adults, guardians, and safety moderation.; Free safety tools stay free; Create account; Read teen safety; MORT cannot connect right now; Close and reopen the app, then try again. Contact MORT Support if the problem continues.; Connection required; MORT is paused safely; Marketplace and account actions are temporarily unavailable while safety or reliability work is completed.","no_direct_static_reference"
"flutter_android_authoritative","/admin/threats-violence","admin","AdminQueueScreen","flutter_mort/lib/features/mort_screens.dart","missionPilotRepositoryProvider; authRepositoryProvider; profileRepositoryProvider; jobsRepositoryProvider; applicationsRepositoryProvider; uploadsRepositoryProvider; messagingRepositoryProvider; safetyRepositoryProvider; notificationsRepositoryProvider; adminRepositoryProvider; guardianRepositoryProvider; monetizationRepositoryProvider","detected","detected","detected","not_detected","detected","route_guard_detected","detected","detected","Enter MORT; Sign in; MORT; A darker, cleaner local hustle app for teens, adults, guardians, and safety moderation.; Free safety tools stay free; Create account; Read teen safety; MORT cannot connect right now; Close and reopen the app, then try again. Contact MORT Support if the problem continues.; Connection required; MORT is paused safely; Marketplace and account actions are temporarily unavailable while safety or reliability work is completed.","no_direct_static_reference"
"flutter_android_authoritative","/admin/users","admin","AdminQueueScreen","flutter_mort/lib/features/mort_screens.dart","missionPilotRepositoryProvider; authRepositoryProvider; profileRepositoryProvider; jobsRepositoryProvider; applicationsRepositoryProvider; uploadsRepositoryProvider; messagingRepositoryProvider; safetyRepositoryProvider; notificationsRepositoryProvider; adminRepositoryProvider; guardianRepositoryProvider; monetizationRepositoryProvider","detected","detected","detected","not_detected","detected","route_guard_detected","detected","detected","Enter MORT; Sign in; MORT; A darker, cleaner local hustle app for teens, adults, guardians, and safety moderation.; Free safety tools stay free; Create account; Read teen safety; MORT cannot connect right now; Close and reopen the app, then try again. Contact MORT Support if the problem continues.; Connection required; MORT is paused safely; Marketplace and account actions are temporarily unavailable while safety or reliability work is completed.","flutter_mort/test/notification_destination_test.dart; flutter_mort/test/safe_uri_test.dart"
"flutter_android_authoritative","/admin/verification-appeals","admin","AdminQueueScreen","flutter_mort/lib/features/mort_screens.dart","missionPilotRepositoryProvider; authRepositoryProvider; profileRepositoryProvider; jobsRepositoryProvider; applicationsRepositoryProvider; uploadsRepositoryProvider; messagingRepositoryProvider; safetyRepositoryProvider; notificationsRepositoryProvider; adminRepositoryProvider; guardianRepositoryProvider; monetizationRepositoryProvider","detected","detected","detected","not_detected","detected","route_guard_detected","detected","detected","Enter MORT; Sign in; MORT; A darker, cleaner local hustle app for teens, adults, guardians, and safety moderation.; Free safety tools stay free; Create account; Read teen safety; MORT cannot connect right now; Close and reopen the app, then try again. Contact MORT Support if the problem continues.; Connection required; MORT is paused safely; Marketplace and account actions are temporarily unavailable while safety or reliability work is completed.","no_direct_static_reference"
"flutter_android_authoritative","/admin/verifications","admin","AdminQueueScreen","flutter_mort/lib/features/mort_screens.dart","missionPilotRepositoryProvider; authRepositoryProvider; profileRepositoryProvider; jobsRepositoryProvider; applicationsRepositoryProvider; uploadsRepositoryProvider; messagingRepositoryProvider; safetyRepositoryProvider; notificationsRepositoryProvider; adminRepositoryProvider; guardianRepositoryProvider; monetizationRepositoryProvider","detected","detected","detected","not_detected","detected","route_guard_detected","detected","detected","Enter MORT; Sign in; MORT; A darker, cleaner local hustle app for teens, adults, guardians, and safety moderation.; Free safety tools stay free; Create account; Read teen safety; MORT cannot connect right now; Close and reopen the app, then try again. Contact MORT Support if the problem continues.; Connection required; MORT is paused safely; Marketplace and account actions are temporarily unavailable while safety or reliability work is completed.","no_direct_static_reference"
"flutter_android_authoritative","/admin/verifications/:id","admin","AdminModerationDetailScreen","flutter_mort/lib/features/admin/admin_moderation_detail_screen.dart","adminRepositoryProvider","detected","detected","detected","not_detected","not_detected","route_guard_detected","detected","detected","Server authorization is checked for every load and action. Raw identity files and private storage paths are not returned here.; Record unavailable; Retry; No record returned; ${_label(entry.key)}: ${entry.value}; Begin review; Resolve; Dismiss; Suspend target account; Restore target account","flutter_mort/test/mort_0_9_4_admin_moderation_contract_test.dart"
"flutter_android_authoritative","/adult/analytics","adult","unresolved_builder","flutter_mort/lib/core/routing/app_router.dart","authRepositoryProvider","detected","not_detected","not_detected","not_detected","not_detected","route_guard_detected","detected","detected","Restricted safety queues; Account trust review; Adult ID review; Teen school-ID review; Teen alternatives; Business verification; Verification appeals; All incident cases; Person mismatch; Sexual safety; Grooming signals; Abduction concerns","no_direct_static_reference"
"flutter_android_authoritative","/adult/applicants","adult","ApplicationListScreen","flutter_mort/lib/features/jobs/application_screens.dart","applicationsRepositoryProvider","detected","detected","detected","not_detected","not_detected","route_guard_detected","detected","detected","Applicants; View, accept, decline, and complete applications through protected job actions.; Approval requests; Only linked-teen applications for jobs that requested approval appear here.; Applications; Track real submission, review, assignment, work, proof, and completion states.; Applications unavailable; Retry; Nothing here yet; Availability confirmed; Approve for poster review; Decline","flutter_mort/test/notification_destination_test.dart"
"flutter_android_authoritative","/adult/applicants/:applicationId","adult","ApplicationListScreen","flutter_mort/lib/features/jobs/application_screens.dart","applicationsRepositoryProvider","detected","detected","detected","not_detected","not_detected","route_guard_detected","detected","detected","Applicants; View, accept, decline, and complete applications through protected job actions.; Approval requests; Only linked-teen applications for jobs that requested approval appear here.; Applications; Track real submission, review, assignment, work, proof, and completion states.; Applications unavailable; Retry; Nothing here yet; Availability confirmed; Approve for poster review; Decline","no_direct_static_reference"
"flutter_android_authoritative","/adult/business","adult","unresolved_builder","flutter_mort/lib/core/routing/app_router.dart","authRepositoryProvider","detected","not_detected","not_detected","not_detected","not_detected","route_guard_detected","detected","detected","Restricted safety queues; Account trust review; Adult ID review; Teen school-ID review; Teen alternatives; Business verification; Verification appeals; All incident cases; Person mismatch; Sexual safety; Grooming signals; Abduction concerns","no_direct_static_reference"
"flutter_android_authoritative","/adult/business-verification","adult","VerificationScreen","flutter_mort/lib/features/mort_screens.dart","missionPilotRepositoryProvider; authRepositoryProvider; profileRepositoryProvider; jobsRepositoryProvider; applicationsRepositoryProvider; uploadsRepositoryProvider; messagingRepositoryProvider; safetyRepositoryProvider; notificationsRepositoryProvider; adminRepositoryProvider; guardianRepositoryProvider; monetizationRepositoryProvider","detected","detected","detected","not_detected","detected","route_guard_detected","detected","detected","Enter MORT; Sign in; MORT; A darker, cleaner local hustle app for teens, adults, guardians, and safety moderation.; Free safety tools stay free; Create account; Read teen safety; MORT cannot connect right now; Close and reopen the app, then try again. Contact MORT Support if the problem continues.; Connection required; MORT is paused safely; Marketplace and account actions are temporarily unavailable while safety or reliability work is completed.","no_direct_static_reference"
"flutter_android_authoritative","/adult/home","adult","RoleHomeScreen","flutter_mort/lib/features/mort_screens.dart","missionPilotRepositoryProvider; authRepositoryProvider; profileRepositoryProvider; jobsRepositoryProvider; applicationsRepositoryProvider; uploadsRepositoryProvider; messagingRepositoryProvider; safetyRepositoryProvider; notificationsRepositoryProvider; adminRepositoryProvider; guardianRepositoryProvider; monetizationRepositoryProvider","detected","detected","detected","not_detected","detected","route_guard_detected","detected","detected","Enter MORT; Sign in; MORT; A darker, cleaner local hustle app for teens, adults, guardians, and safety moderation.; Free safety tools stay free; Create account; Read teen safety; MORT cannot connect right now; Close and reopen the app, then try again. Contact MORT Support if the problem continues.; Connection required; MORT is paused safely; Marketplace and account actions are temporarily unavailable while safety or reliability work is completed.","no_direct_static_reference"
"flutter_android_authoritative","/adult/jobs","adult","AdultJobsScreen","flutter_mort/lib/features/jobs/job_screens.dart","jobsRepositoryProvider","detected","detected","detected","not_detected","detected","route_guard_detected","detected","detected","Loading job draft; Back; Create a job listing. Exact addresses and private contact details do not belong in public fields.; Save as draft; Title; Category; Short summary; Detailed description; Estimated duration (minutes); Workers needed; Experience level; Skills needed","flutter_mort/test/safe_uri_test.dart"
"flutter_android_authoritative","/adult/jobs/:id","adult","AdultJobManagementScreen","flutter_mort/lib/features/jobs/job_screens.dart","jobsRepositoryProvider","detected","detected","detected","not_detected","detected","route_guard_detected","detected","detected","Loading job draft; Back; Create a job listing. Exact addresses and private contact details do not belong in public fields.; Save as draft; Title; Category; Short summary; Detailed description; Estimated duration (minutes); Workers needed; Experience level; Skills needed","no_direct_static_reference"
"flutter_android_authoritative","/adult/jobs/:id/edit","adult","JobCreationScreen","flutter_mort/lib/features/jobs/job_screens.dart","jobsRepositoryProvider","detected","detected","detected","not_detected","detected","route_guard_detected","detected","detected","Loading job draft; Back; Create a job listing. Exact addresses and private contact details do not belong in public fields.; Save as draft; Title; Category; Short summary; Detailed description; Estimated duration (minutes); Workers needed; Experience level; Skills needed","no_direct_static_reference"
"flutter_android_authoritative","/adult/post-job","adult","JobCreationScreen","flutter_mort/lib/features/jobs/job_screens.dart","jobsRepositoryProvider","detected","detected","detected","not_detected","detected","route_guard_detected","detected","detected","Loading job draft; Back; Create a job listing. Exact addresses and private contact details do not belong in public fields.; Save as draft; Title; Category; Short summary; Detailed description; Estimated duration (minutes); Workers needed; Experience level; Skills needed","no_direct_static_reference"
"flutter_android_authoritative","/adult/profile","adult","ProfileSetupScreen","flutter_mort/lib/features/mort_screens.dart","missionPilotRepositoryProvider; authRepositoryProvider; profileRepositoryProvider; jobsRepositoryProvider; applicationsRepositoryProvider; uploadsRepositoryProvider; messagingRepositoryProvider; safetyRepositoryProvider; notificationsRepositoryProvider; adminRepositoryProvider; guardianRepositoryProvider; monetizationRepositoryProvider","detected","detected","detected","not_detected","detected","route_guard_detected","detected","detected","Enter MORT; Sign in; MORT; A darker, cleaner local hustle app for teens, adults, guardians, and safety moderation.; Free safety tools stay free; Create account; Read teen safety; MORT cannot connect right now; Close and reopen the app, then try again. Contact MORT Support if the problem continues.; Connection required; MORT is paused safely; Marketplace and account actions are temporarily unavailable while safety or reliability work is completed.","flutter_mort/test/profile_persistence_contract_test.dart"
"flutter_android_authoritative","/adult/proof-review/:applicationId","adult","ProofReviewScreen","flutter_mort/lib/features/jobs/proof_review_screen.dart","applicationsRepositoryProvider; uploadsRepositoryProvider","detected","detected","detected","detected","not_detected","route_guard_detected","detected","detected","Mark this job complete?; Review completion proof; Approve the current proof or explain what needs to be resubmitted. Proof access remains limited to authorized participants.; Proof unavailable; Retry; No proof submitted; Private image unavailable; Private completion proof image; Image could not load; Review note; Approve proof; Request new proof","no_direct_static_reference"
"flutter_android_authoritative","/adult/verification","adult","IdentityVerificationScreen","flutter_mort/lib/features/safety/trust_safety_screens.dart","trustSafetyRepositoryProvider","detected","detected","detected","not_detected","detected","route_guard_detected","detected","detected","Loading verification status; Identity verification; Public marketplace participation stays closed until secure production verification is available. Guardian Mode remains optional.; Verification unavailable; Verification is not a safety guarantee; Identity verification is not accepting public submissions yet.; Sandbox restricted; TEST MODE; Start simulated verification; Production provider unavailable; Provider session required; Request another review","no_direct_static_reference"
"flutter_android_authoritative","/applications/:applicationId/safety","authenticated_or_public","JobSafetyWorkspaceScreen","flutter_mort/lib/features/safety/trust_safety_screens.dart","trustSafetyRepositoryProvider","detected","detected","detected","not_detected","detected","route_guard_detected","detected","detected","Loading verification status; Identity verification; Public marketplace participation stays closed until secure production verification is available. Guardian Mode remains optional.; Verification unavailable; Verification is not a safety guarantee; Identity verification is not accepting public submissions yet.; Sandbox restricted; TEST MODE; Start simulated verification; Production provider unavailable; Provider session required; Request another review","no_direct_static_reference"
"flutter_android_authoritative","/auth-callback","authenticated_or_public","SplashScreen","flutter_mort/lib/features/mort_screens.dart","missionPilotRepositoryProvider; authRepositoryProvider; profileRepositoryProvider; jobsRepositoryProvider; applicationsRepositoryProvider; uploadsRepositoryProvider; messagingRepositoryProvider; safetyRepositoryProvider; notificationsRepositoryProvider; adminRepositoryProvider; guardianRepositoryProvider; monetizationRepositoryProvider","detected","detected","detected","not_detected","detected","public_route","detected","detected","Enter MORT; Sign in; MORT; A darker, cleaner local hustle app for teens, adults, guardians, and safety moderation.; Free safety tools stay free; Create account; Read teen safety; MORT cannot connect right now; Close and reopen the app, then try again. Contact MORT Support if the problem continues.; Connection required; MORT is paused safely; Marketplace and account actions are temporarily unavailable while safety or reliability work is completed.","no_direct_static_reference"
"flutter_android_authoritative","/auth/forgot-password","authenticated_or_public","ForgotPasswordScreen","flutter_mort/lib/features/mort_screens.dart","missionPilotRepositoryProvider; authRepositoryProvider; profileRepositoryProvider; jobsRepositoryProvider; applicationsRepositoryProvider; uploadsRepositoryProvider; messagingRepositoryProvider; safetyRepositoryProvider; notificationsRepositoryProvider; adminRepositoryProvider; guardianRepositoryProvider; monetizationRepositoryProvider","detected","detected","detected","not_detected","detected","public_route","detected","detected","Enter MORT; Sign in; MORT; A darker, cleaner local hustle app for teens, adults, guardians, and safety moderation.; Free safety tools stay free; Create account; Read teen safety; MORT cannot connect right now; Close and reopen the app, then try again. Contact MORT Support if the problem continues.; Connection required; MORT is paused safely; Marketplace and account actions are temporarily unavailable while safety or reliability work is completed.","no_direct_static_reference"
"flutter_android_authoritative","/auth/sign-in","authenticated_or_public","SignInScreen","flutter_mort/lib/features/mort_screens.dart","missionPilotRepositoryProvider; authRepositoryProvider; profileRepositoryProvider; jobsRepositoryProvider; applicationsRepositoryProvider; uploadsRepositoryProvider; messagingRepositoryProvider; safetyRepositoryProvider; notificationsRepositoryProvider; adminRepositoryProvider; guardianRepositoryProvider; monetizationRepositoryProvider","detected","detected","detected","not_detected","detected","public_route","detected","detected","Enter MORT; Sign in; MORT; A darker, cleaner local hustle app for teens, adults, guardians, and safety moderation.; Free safety tools stay free; Create account; Read teen safety; MORT cannot connect right now; Close and reopen the app, then try again. Contact MORT Support if the problem continues.; Connection required; MORT is paused safely; Marketplace and account actions are temporarily unavailable while safety or reliability work is completed.","no_direct_static_reference"
"flutter_android_authoritative","/auth/sign-up","authenticated_or_public","SignUpScreen","flutter_mort/lib/features/mort_screens.dart","missionPilotRepositoryProvider; authRepositoryProvider; profileRepositoryProvider; jobsRepositoryProvider; applicationsRepositoryProvider; uploadsRepositoryProvider; messagingRepositoryProvider; safetyRepositoryProvider; notificationsRepositoryProvider; adminRepositoryProvider; guardianRepositoryProvider; monetizationRepositoryProvider","detected","detected","detected","not_detected","detected","public_route","detected","detected","Enter MORT; Sign in; MORT; A darker, cleaner local hustle app for teens, adults, guardians, and safety moderation.; Free safety tools stay free; Create account; Read teen safety; MORT cannot connect right now; Close and reopen the app, then try again. Contact MORT Support if the problem continues.; Connection required; MORT is paused safely; Marketplace and account actions are temporarily unavailable while safety or reliability work is completed.","no_direct_static_reference"
"flutter_android_authoritative","/block/user/:id","authenticated_or_public","BlockUserScreen","flutter_mort/lib/features/mort_screens.dart","missionPilotRepositoryProvider; authRepositoryProvider; profileRepositoryProvider; jobsRepositoryProvider; applicationsRepositoryProvider; uploadsRepositoryProvider; messagingRepositoryProvider; safetyRepositoryProvider; notificationsRepositoryProvider; adminRepositoryProvider; guardianRepositoryProvider; monetizationRepositoryProvider","detected","detected","detected","not_detected","detected","route_guard_detected","detected","detected","Enter MORT; Sign in; MORT; A darker, cleaner local hustle app for teens, adults, guardians, and safety moderation.; Free safety tools stay free; Create account; Read teen safety; MORT cannot connect right now; Close and reopen the app, then try again. Contact MORT Support if the problem continues.; Connection required; MORT is paused safely; Marketplace and account actions are temporarily unavailable while safety or reliability work is completed.","no_direct_static_reference"
"flutter_android_authoritative","/contracts","authenticated_or_public","JobContractsScreen","flutter_mort/lib/features/legal/contract_payment_screens.dart","legalContractRepositoryProvider","detected","detected","detected","not_detected","detected","route_guard_detected","detected","detected","Exact work, pay, and safety terms; MORT creates a fixed agreement after an application is accepted. Material changes require both parties.; Agreements unavailable; No job agreements yet; Job contract review; One party cannot silently change pay, scope, hours, location, hazards, expenses, or payment timing.; Agreement unavailable; No agreement version; Parties and scope; Time, place, and payment; Safety and changes; Confirmation sentence","no_direct_static_reference"
"flutter_android_authoritative","/contracts/:contractId","authenticated_or_public","JobContractScreen","flutter_mort/lib/features/legal/contract_payment_screens.dart","legalContractRepositoryProvider","detected","detected","detected","not_detected","detected","route_guard_detected","detected","detected","Exact work, pay, and safety terms; MORT creates a fixed agreement after an application is accepted. Material changes require both parties.; Agreements unavailable; No job agreements yet; Job contract review; One party cannot silently change pay, scope, hours, location, hazards, expenses, or payment timing.; Agreement unavailable; No agreement version; Parties and scope; Time, place, and payment; Safety and changes; Confirmation sentence","no_direct_static_reference"
"flutter_android_authoritative","/contracts/:contractId/change","authenticated_or_public","ContractChangeScreen","flutter_mort/lib/features/legal/contract_payment_screens.dart","legalContractRepositoryProvider","detected","detected","detected","not_detected","detected","route_guard_detected","detected","detected","Exact work, pay, and safety terms; MORT creates a fixed agreement after an application is accepted. Material changes require both parties.; Agreements unavailable; No job agreements yet; Job contract review; One party cannot silently change pay, scope, hours, location, hazards, expenses, or payment timing.; Agreement unavailable; No agreement version; Parties and scope; Time, place, and payment; Safety and changes; Confirmation sentence","no_direct_static_reference"
"flutter_android_authoritative","/contracts/:contractId/fund","adult","StripeJobFundingScreen","flutter_mort/lib/features/payments/stripe_marketplace_screens.dart","stripeMarketplaceRepositoryProvider","detected","detected","not_detected","not_detected","not_detected","route_guard_detected","detected","detected","Stripe payout setup; Stripe-hosted onboarding handles payout details and any provider-required guardian steps. MORT does not collect bank credentials or Stripe identity documents.; Payout status unavailable; Open Stripe-hosted onboarding; Refresh payout status; Review job funding; Stripe processes the charge. The accepted MORT contract controls the amount; the phone cannot change it.; Funding preview unavailable; Agreed job earnings; MORT service fee; Total adult charge; Expected teen transfer","no_direct_static_reference"
"flutter_android_authoritative","/contracts/:contractId/payment","authenticated_or_public","PaymentStatusScreen","flutter_mort/lib/features/legal/contract_payment_screens.dart","legalContractRepositoryProvider","detected","detected","detected","not_detected","detected","route_guard_detected","detected","detected","Exact work, pay, and safety terms; MORT creates a fixed agreement after an application is accepted. Material changes require both parties.; Agreements unavailable; No job agreements yet; Job contract review; One party cannot silently change pay, scope, hours, location, hazards, expenses, or payment timing.; Agreement unavailable; No agreement version; Parties and scope; Time, place, and payment; Safety and changes; Confirmation sentence","no_direct_static_reference"
"flutter_android_authoritative","/disputes/:disputeId","authenticated_or_public","PaymentDisputeScreen","flutter_mort/lib/features/legal/contract_payment_screens.dart","legalContractRepositoryProvider","detected","detected","detected","not_detected","detected","route_guard_detected","detected","detected","Exact work, pay, and safety terms; MORT creates a fixed agreement after an application is accepted. Material changes require both parties.; Agreements unavailable; No job agreements yet; Job contract review; One party cannot silently change pay, scope, hours, location, hazards, expenses, or payment timing.; Agreement unavailable; No agreement version; Parties and scope; Time, place, and payment; Safety and changes; Confirmation sentence","no_direct_static_reference"
"flutter_android_authoritative","/disputes/:disputeId/export","authenticated_or_public","EvidenceExportScreen","flutter_mort/lib/features/legal/contract_payment_screens.dart","legalContractRepositoryProvider","detected","detected","detected","not_detected","detected","route_guard_detected","detected","detected","Exact work, pay, and safety terms; MORT creates a fixed agreement after an application is accepted. Material changes require both parties.; Agreements unavailable; No job agreements yet; Job contract review; One party cannot silently change pay, scope, hours, location, hazards, expenses, or payment timing.; Agreement unavailable; No agreement version; Parties and scope; Time, place, and payment; Safety and changes; Confirmation sentence","no_direct_static_reference"
"flutter_android_authoritative","/guardian/activity","guardian","ActivityHistoryScreen","flutter_mort/lib/features/profile/activity_history_screen.dart","applicationsRepositoryProvider; jobsRepositoryProvider; guardianRepositoryProvider; reviewsRepositoryProvider; safetyRepositoryProvider","detected","detected","detected","not_detected","not_detected","route_guard_detected","detected","not_detected","Your MORT activity; This view shows only activity available to your account. Admin records and other users\; Applications and work; Posted jobs; Guardian links; Approved reviews received; Safety reports you submitted; $title unavailable","no_direct_static_reference"
"flutter_android_authoritative","/guardian/approvals","guardian","ApplicationListScreen","flutter_mort/lib/features/jobs/application_screens.dart","applicationsRepositoryProvider","detected","detected","detected","not_detected","not_detected","route_guard_detected","detected","detected","Applicants; View, accept, decline, and complete applications through protected job actions.; Approval requests; Only linked-teen applications for jobs that requested approval appear here.; Applications; Track real submission, review, assignment, work, proof, and completion states.; Applications unavailable; Retry; Nothing here yet; Availability confirmed; Approve for poster review; Decline","no_direct_static_reference"
"flutter_android_authoritative","/guardian/approvals/:applicationId","guardian","ApplicationListScreen","flutter_mort/lib/features/jobs/application_screens.dart","applicationsRepositoryProvider","detected","detected","detected","not_detected","not_detected","route_guard_detected","detected","detected","Applicants; View, accept, decline, and complete applications through protected job actions.; Approval requests; Only linked-teen applications for jobs that requested approval appear here.; Applications; Track real submission, review, assignment, work, proof, and completion states.; Applications unavailable; Retry; Nothing here yet; Availability confirmed; Approve for poster review; Decline","no_direct_static_reference"
"flutter_android_authoritative","/guardian/emergency-contacts","guardian","unresolved_builder","flutter_mort/lib/core/routing/app_router.dart","authRepositoryProvider","detected","not_detected","not_detected","not_detected","not_detected","route_guard_detected","detected","detected","Restricted safety queues; Account trust review; Adult ID review; Teen school-ID review; Teen alternatives; Business verification; Verification appeals; All incident cases; Person mismatch; Sexual safety; Grooming signals; Abduction concerns","no_direct_static_reference"
"flutter_android_authoritative","/guardian/home","guardian","RoleHomeScreen","flutter_mort/lib/features/mort_screens.dart","missionPilotRepositoryProvider; authRepositoryProvider; profileRepositoryProvider; jobsRepositoryProvider; applicationsRepositoryProvider; uploadsRepositoryProvider; messagingRepositoryProvider; safetyRepositoryProvider; notificationsRepositoryProvider; adminRepositoryProvider; guardianRepositoryProvider; monetizationRepositoryProvider","detected","detected","detected","not_detected","detected","route_guard_detected","detected","detected","Enter MORT; Sign in; MORT; A darker, cleaner local hustle app for teens, adults, guardians, and safety moderation.; Free safety tools stay free; Create account; Read teen safety; MORT cannot connect right now; Close and reopen the app, then try again. Contact MORT Support if the problem continues.; Connection required; MORT is paused safely; Marketplace and account actions are temporarily unavailable while safety or reliability work is completed.","no_direct_static_reference"
"flutter_android_authoritative","/guardian/linked-teens","guardian","GuardianModeScreen","flutter_mort/lib/features/guardian/guardian_mode_screens.dart","guardianRepositoryProvider","detected","detected","detected","not_detected","detected","route_guard_detected","detected","detected","Guardian setup is optional; Guardian linking is designed for teen accounts. You can manage your own Guardian Mode connections later in Settings.; Continue to safety; Add a guardian? Optional.; Guardian Mode can share selected safety alerts and check-ins with someone you trust. You can skip this and set it up later.; Guardian email (optional); Link a guardian now; Send an invite; Use an invite code; Continue; Skip for now; Unlink this guardian?","no_direct_static_reference"
"flutter_android_authoritative","/guardian/permissions","guardian","GuardianModeScreen","flutter_mort/lib/features/guardian/guardian_mode_screens.dart","guardianRepositoryProvider","detected","detected","detected","not_detected","detected","route_guard_detected","detected","detected","Guardian setup is optional; Guardian linking is designed for teen accounts. You can manage your own Guardian Mode connections later in Settings.; Continue to safety; Add a guardian? Optional.; Guardian Mode can share selected safety alerts and check-ins with someone you trust. You can skip this and set it up later.; Guardian email (optional); Link a guardian now; Send an invite; Use an invite code; Continue; Skip for now; Unlink this guardian?","no_direct_static_reference"
"flutter_android_authoritative","/guardian/safety-pings","guardian","GuardianSafetyPingsScreen","flutter_mort/lib/features/guardian/guardian_safety_pings_screen.dart","safetyRepositoryProvider","detected","detected","detected","not_detected","not_detected","route_guard_detected","detected","not_detected","Safety pings; Only pings from actively linked teens with Safety Ping sharing enabled are visible here.; Safety pings unavailable; Retry; No shared safety pings","flutter_mort/test/notification_destination_test.dart"
"flutter_android_authoritative","/guide","authenticated_or_public","MortGuideView","flutter_mort/lib/features/guide/mort_guide_screens.dart","mortGuideRepositoryProvider","detected","detected","detected","not_detected","not_detected","route_guard_detected","detected","detected","Ask MORT Guide; Opening MORT Guide...; MORT Guide; Ask about MORT, jobs, applications, contracts, payments, reports, or account controls.; MORT Guide could not answer; Ask a MORT question; Send; Privacy; Human support; Open Safety Center; Manage history; MORT Guide history","flutter_mort/test/mort_guide_contract_test.dart; flutter_mort/test/safe_uri_test.dart"
"flutter_android_authoritative","/guide/conversation/:conversationId","authenticated_or_public","MortGuideView","flutter_mort/lib/features/guide/mort_guide_screens.dart","mortGuideRepositoryProvider","detected","detected","detected","not_detected","not_detected","route_guard_detected","detected","detected","Ask MORT Guide; Opening MORT Guide...; MORT Guide; Ask about MORT, jobs, applications, contracts, payments, reports, or account controls.; MORT Guide could not answer; Ask a MORT question; Send; Privacy; Human support; Open Safety Center; Manage history; MORT Guide history","flutter_mort/test/mort_guide_contract_test.dart"
"flutter_android_authoritative","/guide/delete-history","authenticated_or_public","MortGuideDeleteHistoryView","flutter_mort/lib/features/guide/mort_guide_screens.dart","mortGuideRepositoryProvider","detected","detected","detected","not_detected","not_detected","route_guard_detected","detected","detected","Ask MORT Guide; Opening MORT Guide...; MORT Guide; Ask about MORT, jobs, applications, contracts, payments, reports, or account controls.; MORT Guide could not answer; Ask a MORT question; Send; Privacy; Human support; Open Safety Center; Manage history; MORT Guide history","flutter_mort/test/mort_guide_contract_test.dart"
"flutter_android_authoritative","/guide/history","authenticated_or_public","MortGuideHistoryView","flutter_mort/lib/features/guide/mort_guide_screens.dart","mortGuideRepositoryProvider","detected","detected","detected","not_detected","not_detected","route_guard_detected","detected","detected","Ask MORT Guide; Opening MORT Guide...; MORT Guide; Ask about MORT, jobs, applications, contracts, payments, reports, or account controls.; MORT Guide could not answer; Ask a MORT question; Send; Privacy; Human support; Open Safety Center; Manage history; MORT Guide history","flutter_mort/test/mort_guide_contract_test.dart; flutter_mort/test/safe_uri_test.dart"
"flutter_android_authoritative","/jobs/progress/:applicationId","authenticated_or_public","JobProgressScreen","flutter_mort/lib/features/jobs/job_progress_screen.dart","jobExecutionRepositoryProvider","detected","detected","detected","not_detected","detected","route_guard_detected","detected","detected","Report person mismatch?; Request job cancellation; Factual cancellation reason; Report possible abandonment; What happened?; Loading server job progress...; Job progress unavailable; Retry; Job progress; Agreement, funding, in-person handoff, completion review, and payment release stay separate.; Job tools; Messages","flutter_mort/test/job_progress_widget_test.dart"
"flutter_android_authoritative","/legal-center","authenticated_or_public","LegalCenterScreen","flutter_mort/lib/features/legal/legal_screens.dart","legalContractRepositoryProvider","detected","detected","detected","not_detected","detected","route_guard_detected","detected","detected","Exact versions, affirmative choices; Browsing MORT never creates acceptance. Only a published, effective, exact-hash version can be accepted.; Legal requirements unavailable; No approved clickwrap is published; Teen plain-language summary; Teen terms summary; This draft summary helps with understanding. It does not replace the full agreement or attorney review.; Acceptance is never inferred from opening, scrolling, or using MORT.; Exact version unavailable; Electronic signature name; Accept exact version","no_direct_static_reference"
"flutter_android_authoritative","/legal-center/teen-summary","authenticated_or_public","TeenTermsSummaryScreen","flutter_mort/lib/features/legal/legal_screens.dart","legalContractRepositoryProvider","detected","detected","detected","not_detected","detected","route_guard_detected","detected","detected","Exact versions, affirmative choices; Browsing MORT never creates acceptance. Only a published, effective, exact-hash version can be accepted.; Legal requirements unavailable; No approved clickwrap is published; Teen plain-language summary; Teen terms summary; This draft summary helps with understanding. It does not replace the full agreement or attorney review.; Acceptance is never inferred from opening, scrolling, or using MORT.; Exact version unavailable; Electronic signature name; Accept exact version","flutter_mort/test/legal_trust_foundation_test.dart"
"flutter_android_authoritative","/legal-center/version/:versionId","authenticated_or_public","LegalClickwrapScreen","flutter_mort/lib/features/legal/legal_screens.dart","legalContractRepositoryProvider","detected","detected","detected","not_detected","detected","route_guard_detected","detected","detected","Exact versions, affirmative choices; Browsing MORT never creates acceptance. Only a published, effective, exact-hash version can be accepted.; Legal requirements unavailable; No approved clickwrap is published; Teen plain-language summary; Teen terms summary; This draft summary helps with understanding. It does not replace the full agreement or attorney review.; Acceptance is never inferred from opening, scrolling, or using MORT.; Exact version unavailable; Electronic signature name; Accept exact version","no_direct_static_reference"
"flutter_android_authoritative","/legal/ad-disclosure","authenticated_or_public","LegalDocScreen","flutter_mort/lib/features/mort_screens.dart","missionPilotRepositoryProvider; authRepositoryProvider; profileRepositoryProvider; jobsRepositoryProvider; applicationsRepositoryProvider; uploadsRepositoryProvider; messagingRepositoryProvider; safetyRepositoryProvider; notificationsRepositoryProvider; adminRepositoryProvider; guardianRepositoryProvider; monetizationRepositoryProvider","detected","detected","detected","not_detected","detected","public_route","detected","detected","Enter MORT; Sign in; MORT; A darker, cleaner local hustle app for teens, adults, guardians, and safety moderation.; Free safety tools stay free; Create account; Read teen safety; MORT cannot connect right now; Close and reopen the app, then try again. Contact MORT Support if the problem continues.; Connection required; MORT is paused safely; Marketplace and account actions are temporarily unavailable while safety or reliability work is completed.","no_direct_static_reference"
"flutter_android_authoritative","/legal/community-rules","authenticated_or_public","LegalDocScreen","flutter_mort/lib/features/mort_screens.dart","missionPilotRepositoryProvider; authRepositoryProvider; profileRepositoryProvider; jobsRepositoryProvider; applicationsRepositoryProvider; uploadsRepositoryProvider; messagingRepositoryProvider; safetyRepositoryProvider; notificationsRepositoryProvider; adminRepositoryProvider; guardianRepositoryProvider; monetizationRepositoryProvider","detected","detected","detected","not_detected","detected","public_route","detected","detected","Enter MORT; Sign in; MORT; A darker, cleaner local hustle app for teens, adults, guardians, and safety moderation.; Free safety tools stay free; Create account; Read teen safety; MORT cannot connect right now; Close and reopen the app, then try again. Contact MORT Support if the problem continues.; Connection required; MORT is paused safely; Marketplace and account actions are temporarily unavailable while safety or reliability work is completed.","no_direct_static_reference"
"flutter_android_authoritative","/legal/guardian-guide","authenticated_or_public","LegalDocScreen","flutter_mort/lib/features/mort_screens.dart","missionPilotRepositoryProvider; authRepositoryProvider; profileRepositoryProvider; jobsRepositoryProvider; applicationsRepositoryProvider; uploadsRepositoryProvider; messagingRepositoryProvider; safetyRepositoryProvider; notificationsRepositoryProvider; adminRepositoryProvider; guardianRepositoryProvider; monetizationRepositoryProvider","detected","detected","detected","not_detected","detected","public_route","detected","detected","Enter MORT; Sign in; MORT; A darker, cleaner local hustle app for teens, adults, guardians, and safety moderation.; Free safety tools stay free; Create account; Read teen safety; MORT cannot connect right now; Close and reopen the app, then try again. Contact MORT Support if the problem continues.; Connection required; MORT is paused safely; Marketplace and account actions are temporarily unavailable while safety or reliability work is completed.","no_direct_static_reference"
"flutter_android_authoritative","/legal/payment-disclaimer","authenticated_or_public","LegalDocScreen","flutter_mort/lib/features/mort_screens.dart","missionPilotRepositoryProvider; authRepositoryProvider; profileRepositoryProvider; jobsRepositoryProvider; applicationsRepositoryProvider; uploadsRepositoryProvider; messagingRepositoryProvider; safetyRepositoryProvider; notificationsRepositoryProvider; adminRepositoryProvider; guardianRepositoryProvider; monetizationRepositoryProvider","detected","detected","detected","not_detected","detected","public_route","detected","detected","Enter MORT; Sign in; MORT; A darker, cleaner local hustle app for teens, adults, guardians, and safety moderation.; Free safety tools stay free; Create account; Read teen safety; MORT cannot connect right now; Close and reopen the app, then try again. Contact MORT Support if the problem continues.; Connection required; MORT is paused safely; Marketplace and account actions are temporarily unavailable while safety or reliability work is completed.","no_direct_static_reference"
"flutter_android_authoritative","/legal/privacy","authenticated_or_public","LegalDocScreen","flutter_mort/lib/features/mort_screens.dart","missionPilotRepositoryProvider; authRepositoryProvider; profileRepositoryProvider; jobsRepositoryProvider; applicationsRepositoryProvider; uploadsRepositoryProvider; messagingRepositoryProvider; safetyRepositoryProvider; notificationsRepositoryProvider; adminRepositoryProvider; guardianRepositoryProvider; monetizationRepositoryProvider","detected","detected","detected","not_detected","detected","public_route","detected","detected","Enter MORT; Sign in; MORT; A darker, cleaner local hustle app for teens, adults, guardians, and safety moderation.; Free safety tools stay free; Create account; Read teen safety; MORT cannot connect right now; Close and reopen the app, then try again. Contact MORT Support if the problem continues.; Connection required; MORT is paused safely; Marketplace and account actions are temporarily unavailable while safety or reliability work is completed.","flutter_mort/test/safe_uri_test.dart"
"flutter_android_authoritative","/legal/subscription-disclosure","authenticated_or_public","LegalDocScreen","flutter_mort/lib/features/mort_screens.dart","missionPilotRepositoryProvider; authRepositoryProvider; profileRepositoryProvider; jobsRepositoryProvider; applicationsRepositoryProvider; uploadsRepositoryProvider; messagingRepositoryProvider; safetyRepositoryProvider; notificationsRepositoryProvider; adminRepositoryProvider; guardianRepositoryProvider; monetizationRepositoryProvider","detected","detected","detected","not_detected","detected","public_route","detected","detected","Enter MORT; Sign in; MORT; A darker, cleaner local hustle app for teens, adults, guardians, and safety moderation.; Free safety tools stay free; Create account; Read teen safety; MORT cannot connect right now; Close and reopen the app, then try again. Contact MORT Support if the problem continues.; Connection required; MORT is paused safely; Marketplace and account actions are temporarily unavailable while safety or reliability work is completed.","no_direct_static_reference"
"flutter_android_authoritative","/legal/teen-safety","authenticated_or_public","LegalDocScreen","flutter_mort/lib/features/mort_screens.dart","missionPilotRepositoryProvider; authRepositoryProvider; profileRepositoryProvider; jobsRepositoryProvider; applicationsRepositoryProvider; uploadsRepositoryProvider; messagingRepositoryProvider; safetyRepositoryProvider; notificationsRepositoryProvider; adminRepositoryProvider; guardianRepositoryProvider; monetizationRepositoryProvider","detected","detected","detected","not_detected","detected","public_route","detected","detected","Enter MORT; Sign in; MORT; A darker, cleaner local hustle app for teens, adults, guardians, and safety moderation.; Free safety tools stay free; Create account; Read teen safety; MORT cannot connect right now; Close and reopen the app, then try again. Contact MORT Support if the problem continues.; Connection required; MORT is paused safely; Marketplace and account actions are temporarily unavailable while safety or reliability work is completed.","no_direct_static_reference"
"flutter_android_authoritative","/legal/terms","authenticated_or_public","LegalDocScreen","flutter_mort/lib/features/mort_screens.dart","missionPilotRepositoryProvider; authRepositoryProvider; profileRepositoryProvider; jobsRepositoryProvider; applicationsRepositoryProvider; uploadsRepositoryProvider; messagingRepositoryProvider; safetyRepositoryProvider; notificationsRepositoryProvider; adminRepositoryProvider; guardianRepositoryProvider; monetizationRepositoryProvider","detected","detected","detected","not_detected","detected","public_route","detected","detected","Enter MORT; Sign in; MORT; A darker, cleaner local hustle app for teens, adults, guardians, and safety moderation.; Free safety tools stay free; Create account; Read teen safety; MORT cannot connect right now; Close and reopen the app, then try again. Contact MORT Support if the problem continues.; Connection required; MORT is paused safely; Marketplace and account actions are temporarily unavailable while safety or reliability work is completed.","no_direct_static_reference"
"flutter_android_authoritative","/legal/verification-disclaimer","authenticated_or_public","LegalDocScreen","flutter_mort/lib/features/mort_screens.dart","missionPilotRepositoryProvider; authRepositoryProvider; profileRepositoryProvider; jobsRepositoryProvider; applicationsRepositoryProvider; uploadsRepositoryProvider; messagingRepositoryProvider; safetyRepositoryProvider; notificationsRepositoryProvider; adminRepositoryProvider; guardianRepositoryProvider; monetizationRepositoryProvider","detected","detected","detected","not_detected","detected","public_route","detected","detected","Enter MORT; Sign in; MORT; A darker, cleaner local hustle app for teens, adults, guardians, and safety moderation.; Free safety tools stay free; Create account; Read teen safety; MORT cannot connect right now; Close and reopen the app, then try again. Contact MORT Support if the problem continues.; Connection required; MORT is paused safely; Marketplace and account actions are temporarily unavailable while safety or reliability work is completed.","no_direct_static_reference"
"flutter_android_authoritative","/messages","authenticated_or_public","MessagesScreen","flutter_mort/lib/features/mort_screens.dart","missionPilotRepositoryProvider; authRepositoryProvider; profileRepositoryProvider; jobsRepositoryProvider; applicationsRepositoryProvider; uploadsRepositoryProvider; messagingRepositoryProvider; safetyRepositoryProvider; notificationsRepositoryProvider; adminRepositoryProvider; guardianRepositoryProvider; monetizationRepositoryProvider","detected","detected","detected","not_detected","detected","route_guard_detected","detected","detected","Enter MORT; Sign in; MORT; A darker, cleaner local hustle app for teens, adults, guardians, and safety moderation.; Free safety tools stay free; Create account; Read teen safety; MORT cannot connect right now; Close and reopen the app, then try again. Contact MORT Support if the problem continues.; Connection required; MORT is paused safely; Marketplace and account actions are temporarily unavailable while safety or reliability work is completed.","flutter_mort/test/notification_destination_test.dart"
"flutter_android_authoritative","/messages/:conversationId","authenticated_or_public","MessageThreadScreen","flutter_mort/lib/features/mort_screens.dart","missionPilotRepositoryProvider; authRepositoryProvider; profileRepositoryProvider; jobsRepositoryProvider; applicationsRepositoryProvider; uploadsRepositoryProvider; messagingRepositoryProvider; safetyRepositoryProvider; notificationsRepositoryProvider; adminRepositoryProvider; guardianRepositoryProvider; monetizationRepositoryProvider","detected","detected","detected","not_detected","detected","route_guard_detected","detected","detected","Enter MORT; Sign in; MORT; A darker, cleaner local hustle app for teens, adults, guardians, and safety moderation.; Free safety tools stay free; Create account; Read teen safety; MORT cannot connect right now; Close and reopen the app, then try again. Contact MORT Support if the problem continues.; Connection required; MORT is paused safely; Marketplace and account actions are temporarily unavailable while safety or reliability work is completed.","no_direct_static_reference"
"flutter_android_authoritative","/mission/discreet-mode","authenticated_or_public","DiscreetModeScreen","flutter_mort/lib/features/mission/mission_pilot_screens.dart","missionPilotRepositoryProvider","detected","detected","detected","not_detected","detected","route_guard_detected","detected","detected","Pilot eligibility; Approved organization support and hosted server rules control protected marketplace access.; Pilot access unavailable; Try again; Guardian Mode; Permanent address; Public marketplace; Real document collection; Payment custody; Partner invitation; Partner attestations; Acknowledge teen rules","no_direct_static_reference"
"flutter_android_authoritative","/mission/document-review","authenticated_or_public","DocumentReviewStatusScreen","flutter_mort/lib/features/mission/mission_pilot_screens.dart","missionPilotRepositoryProvider","detected","detected","detected","not_detected","detected","route_guard_detected","detected","detected","Pilot eligibility; Approved organization support and hosted server rules control protected marketplace access.; Pilot access unavailable; Try again; Guardian Mode; Permanent address; Public marketplace; Real document collection; Payment custody; Partner invitation; Partner attestations; Acknowledge teen rules","no_direct_static_reference"
"flutter_android_authoritative","/mission/earnings-goals","teen","EarningsGoalsScreen","flutter_mort/lib/features/mission/mission_pilot_screens.dart","missionPilotRepositoryProvider","detected","detected","detected","not_detected","detected","route_guard_detected","detected","detected","Pilot eligibility; Approved organization support and hosted server rules control protected marketplace access.; Pilot access unavailable; Try again; Guardian Mode; Permanent address; Public marketplace; Real document collection; Payment custody; Partner invitation; Partner attestations; Acknowledge teen rules","no_direct_static_reference"
"flutter_android_authoritative","/mission/future-independence","teen","FutureIndependenceScreen","flutter_mort/lib/features/mission/mission_pilot_screens.dart","missionPilotRepositoryProvider","detected","detected","detected","not_detected","detected","route_guard_detected","detected","detected","Pilot eligibility; Approved organization support and hosted server rules control protected marketplace access.; Pilot access unavailable; Try again; Guardian Mode; Permanent address; Public marketplace; Real document collection; Payment custody; Partner invitation; Partner attestations; Acknowledge teen rules","no_direct_static_reference"
"flutter_android_authoritative","/mission/partner-affiliation","authenticated_or_public","PartnerAffiliationScreen","flutter_mort/lib/features/mission/mission_pilot_screens.dart","missionPilotRepositoryProvider","detected","detected","detected","not_detected","detected","route_guard_detected","detected","detected","Pilot eligibility; Approved organization support and hosted server rules control protected marketplace access.; Pilot access unavailable; Try again; Guardian Mode; Permanent address; Public marketplace; Real document collection; Payment custody; Partner invitation; Partner attestations; Acknowledge teen rules","no_direct_static_reference"
"flutter_android_authoritative","/mission/partner-invitation","authenticated_or_public","PartnerInvitationScreen","flutter_mort/lib/features/mission/mission_pilot_screens.dart","missionPilotRepositoryProvider","detected","detected","detected","not_detected","detected","route_guard_detected","detected","detected","Pilot eligibility; Approved organization support and hosted server rules control protected marketplace access.; Pilot access unavailable; Try again; Guardian Mode; Permanent address; Public marketplace; Real document collection; Payment custody; Partner invitation; Partner attestations; Acknowledge teen rules","no_direct_static_reference"
"flutter_android_authoritative","/mission/pilot-eligibility","authenticated_or_public","PilotEligibilityScreen","flutter_mort/lib/features/mission/mission_pilot_screens.dart","missionPilotRepositoryProvider","detected","detected","detected","not_detected","detected","route_guard_detected","detected","detected","Pilot eligibility; Approved organization support and hosted server rules control protected marketplace access.; Pilot access unavailable; Try again; Guardian Mode; Permanent address; Public marketplace; Real document collection; Payment custody; Partner invitation; Partner attestations; Acknowledge teen rules","no_direct_static_reference"
"flutter_android_authoritative","/mission/pilot-job-safety","authenticated_or_public","PilotJobSafetyScreen","flutter_mort/lib/features/mission/mission_pilot_screens.dart","missionPilotRepositoryProvider","detected","detected","detected","not_detected","detected","route_guard_detected","detected","detected","Pilot eligibility; Approved organization support and hosted server rules control protected marketplace access.; Pilot access unavailable; Try again; Guardian Mode; Permanent address; Public marketplace; Real document collection; Payment custody; Partner invitation; Partner attestations; Acknowledge teen rules","no_direct_static_reference"
"flutter_android_authoritative","/mission/resources","teen","ResourceDirectoryScreen","flutter_mort/lib/features/mission/mission_pilot_screens.dart","missionPilotRepositoryProvider","detected","detected","detected","not_detected","detected","route_guard_detected","detected","detected","Pilot eligibility; Approved organization support and hosted server rules control protected marketplace access.; Pilot access unavailable; Try again; Guardian Mode; Permanent address; Public marketplace; Real document collection; Payment custody; Partner invitation; Partner attestations; Acknowledge teen rules","no_direct_static_reference"
"flutter_android_authoritative","/mission/support-circle","teen","SupportCircleScreen","flutter_mort/lib/features/mission/mission_pilot_screens.dart","missionPilotRepositoryProvider","detected","detected","detected","not_detected","detected","route_guard_detected","detected","detected","Pilot eligibility; Approved organization support and hosted server rules control protected marketplace access.; Pilot access unavailable; Try again; Guardian Mode; Permanent address; Public marketplace; Real document collection; Payment custody; Partner invitation; Partner attestations; Acknowledge teen rules","no_direct_static_reference"
"flutter_android_authoritative","/mission/verification-wording","authenticated_or_public","VerificationExplanationScreen","flutter_mort/lib/features/mission/mission_pilot_screens.dart","missionPilotRepositoryProvider","detected","detected","detected","not_detected","detected","route_guard_detected","detected","detected","Pilot eligibility; Approved organization support and hosted server rules control protected marketplace access.; Pilot access unavailable; Try again; Guardian Mode; Permanent address; Public marketplace; Real document collection; Payment custody; Partner invitation; Partner attestations; Acknowledge teen rules","no_direct_static_reference"
"flutter_android_authoritative","/monetization","authenticated_or_public","MonetizationHomeScreen","flutter_mort/lib/features/monetization/screens/monetization_home_screen.dart","","not_detected","not_detected","not_detected","not_detected","not_detected","route_guard_detected","not_detected","not_detected","Make MORT yours.; Free stays useful. Premium is only for style, convenience, ad-free, analytics, and boosts.; MORT Plus; Ad-free; Username token; Job boost; Restore; Manage","flutter_mort/test/google_play_billing_contract_test.dart; flutter_mort/test/monetization_safety_test.dart"
"flutter_android_authoritative","/monetization/ad-free","authenticated_or_public","AdFreeScreen","flutter_mort/lib/features/monetization/screens/ad_free_screen.dart","","not_detected","not_detected","not_detected","not_detected","not_detected","route_guard_detected","not_detected","not_detected","Go ad-free.; Hide eligible ads while keeping safety, reports, messages, and basic jobs free.","no_direct_static_reference"
"flutter_android_authoritative","/monetization/job-boost","authenticated_or_public","JobBoostPaywallScreen","flutter_mort/lib/features/monetization/screens/job_boost_paywall_screen.dart","","not_detected","not_detected","not_detected","not_detected","not_detected","route_guard_detected","not_detected","not_detected","Boost a job safely.; Boosts are optional adult/business perks. They never bypass moderation, safety rules, or verification.","no_direct_static_reference"
"flutter_android_authoritative","/monetization/manage","authenticated_or_public","ManageSubscriptionView","flutter_mort/lib/features/monetization/screens/google_play_billing_screens.dart","","detected","detected","not_detected","not_detected","not_detected","route_guard_detected","detected","detected","MORT Plus; Cosmetic and convenience extras. Jobs, safety, reporting, basic Guardian Mode, and applying stay free.; Choose a Google Play plan; Prices and billing periods below come from Google Play. Subscriptions renew automatically until canceled in Google Play.; Cosmetic packs; One-time purchases. They do not improve job or safety access.; Restore purchases; Manage subscription; Loading Google Play products...; Browse, apply, post jobs, and message; Reports, blocking, Safety Ping, and appeals; Basic Guardian Mode and FAQ help","no_direct_static_reference"
"flutter_android_authoritative","/monetization/paywall","authenticated_or_public","MortPlusView","flutter_mort/lib/features/monetization/screens/google_play_billing_screens.dart","","detected","detected","not_detected","not_detected","not_detected","route_guard_detected","detected","detected","MORT Plus; Cosmetic and convenience extras. Jobs, safety, reporting, basic Guardian Mode, and applying stay free.; Choose a Google Play plan; Prices and billing periods below come from Google Play. Subscriptions renew automatically until canceled in Google Play.; Cosmetic packs; One-time purchases. They do not improve job or safety access.; Restore purchases; Manage subscription; Loading Google Play products...; Browse, apply, post jobs, and message; Reports, blocking, Safety Ping, and appeals; Basic Guardian Mode and FAQ help","no_direct_static_reference"
"flutter_android_authoritative","/monetization/restore","authenticated_or_public","RestorePurchasesView","flutter_mort/lib/features/monetization/screens/google_play_billing_screens.dart","","detected","detected","not_detected","not_detected","not_detected","route_guard_detected","detected","detected","MORT Plus; Cosmetic and convenience extras. Jobs, safety, reporting, basic Guardian Mode, and applying stay free.; Choose a Google Play plan; Prices and billing periods below come from Google Play. Subscriptions renew automatically until canceled in Google Play.; Cosmetic packs; One-time purchases. They do not improve job or safety access.; Restore purchases; Manage subscription; Loading Google Play products...; Browse, apply, post jobs, and message; Reports, blocking, Safety Ping, and appeals; Basic Guardian Mode and FAQ help","no_direct_static_reference"
"flutter_android_authoritative","/monetization/username-change","authenticated_or_public","UsernameChangePaywallScreen","flutter_mort/lib/features/monetization/screens/username_change_paywall_screen.dart","","not_detected","not_detected","not_detected","not_detected","not_detected","route_guard_detected","not_detected","not_detected","Need another username change?; You used your 3 free username changes. Grab a cheap username change token if you want. Your account still works if you do not pay.","no_direct_static_reference"
"flutter_android_authoritative","/notifications","authenticated_or_public","NotificationCenterScreen","flutter_mort/lib/features/notifications/notification_center_screen.dart","notificationsRepositoryProvider","detected","detected","detected","not_detected","not_detected","route_guard_detected","detected","detected","Updates; Application, message, job, proof, review, guardian, safety, support, and verification events appear here.; Notifications unavailable; Retry; No notifications; new","no_direct_static_reference"
"flutter_android_authoritative","/onboarding","authenticated_or_public","OnboardingHubScreen","flutter_mort/lib/features/mort_screens.dart","missionPilotRepositoryProvider; authRepositoryProvider; profileRepositoryProvider; jobsRepositoryProvider; applicationsRepositoryProvider; uploadsRepositoryProvider; messagingRepositoryProvider; safetyRepositoryProvider; notificationsRepositoryProvider; adminRepositoryProvider; guardianRepositoryProvider; monetizationRepositoryProvider","detected","detected","detected","not_detected","detected","route_guard_detected","detected","detected","Enter MORT; Sign in; MORT; A darker, cleaner local hustle app for teens, adults, guardians, and safety moderation.; Free safety tools stay free; Create account; Read teen safety; MORT cannot connect right now; Close and reopen the app, then try again. Contact MORT Support if the problem continues.; Connection required; MORT is paused safely; Marketplace and account actions are temporarily unavailable while safety or reliability work is completed.","no_direct_static_reference"
"flutter_android_authoritative","/onboarding/age","authenticated_or_public","AgeGateScreen","flutter_mort/lib/features/mort_screens.dart","missionPilotRepositoryProvider; authRepositoryProvider; profileRepositoryProvider; jobsRepositoryProvider; applicationsRepositoryProvider; uploadsRepositoryProvider; messagingRepositoryProvider; safetyRepositoryProvider; notificationsRepositoryProvider; adminRepositoryProvider; guardianRepositoryProvider; monetizationRepositoryProvider","detected","detected","detected","not_detected","detected","route_guard_detected","detected","detected","Enter MORT; Sign in; MORT; A darker, cleaner local hustle app for teens, adults, guardians, and safety moderation.; Free safety tools stay free; Create account; Read teen safety; MORT cannot connect right now; Close and reopen the app, then try again. Contact MORT Support if the problem continues.; Connection required; MORT is paused safely; Marketplace and account actions are temporarily unavailable while safety or reliability work is completed.","no_direct_static_reference"
"flutter_android_authoritative","/onboarding/availability","authenticated_or_public","AvailabilityScreen","flutter_mort/lib/features/mort_screens.dart","missionPilotRepositoryProvider; authRepositoryProvider; profileRepositoryProvider; jobsRepositoryProvider; applicationsRepositoryProvider; uploadsRepositoryProvider; messagingRepositoryProvider; safetyRepositoryProvider; notificationsRepositoryProvider; adminRepositoryProvider; guardianRepositoryProvider; monetizationRepositoryProvider","detected","detected","detected","not_detected","detected","route_guard_detected","detected","detected","Enter MORT; Sign in; MORT; A darker, cleaner local hustle app for teens, adults, guardians, and safety moderation.; Free safety tools stay free; Create account; Read teen safety; MORT cannot connect right now; Close and reopen the app, then try again. Contact MORT Support if the problem continues.; Connection required; MORT is paused safely; Marketplace and account actions are temporarily unavailable while safety or reliability work is completed.","no_direct_static_reference"
"flutter_android_authoritative","/onboarding/guardian","authenticated_or_public","GuardianOptionalOnboardingScreen","flutter_mort/lib/features/guardian/guardian_mode_screens.dart","guardianRepositoryProvider","detected","detected","detected","not_detected","detected","route_guard_detected","detected","detected","Guardian setup is optional; Guardian linking is designed for teen accounts. You can manage your own Guardian Mode connections later in Settings.; Continue to safety; Add a guardian? Optional.; Guardian Mode can share selected safety alerts and check-ins with someone you trust. You can skip this and set it up later.; Guardian email (optional); Link a guardian now; Send an invite; Use an invite code; Continue; Skip for now; Unlink this guardian?","flutter_mort/test/guardian_job_profile_features_test.dart"
"flutter_android_authoritative","/onboarding/payment","authenticated_or_public","PaymentPreferenceScreen","flutter_mort/lib/features/mort_screens.dart","missionPilotRepositoryProvider; authRepositoryProvider; profileRepositoryProvider; jobsRepositoryProvider; applicationsRepositoryProvider; uploadsRepositoryProvider; messagingRepositoryProvider; safetyRepositoryProvider; notificationsRepositoryProvider; adminRepositoryProvider; guardianRepositoryProvider; monetizationRepositoryProvider","detected","detected","detected","not_detected","detected","route_guard_detected","detected","detected","Enter MORT; Sign in; MORT; A darker, cleaner local hustle app for teens, adults, guardians, and safety moderation.; Free safety tools stay free; Create account; Read teen safety; MORT cannot connect right now; Close and reopen the app, then try again. Contact MORT Support if the problem continues.; Connection required; MORT is paused safely; Marketplace and account actions are temporarily unavailable while safety or reliability work is completed.","no_direct_static_reference"
"flutter_android_authoritative","/onboarding/profile","authenticated_or_public","ProfileSetupScreen","flutter_mort/lib/features/mort_screens.dart","missionPilotRepositoryProvider; authRepositoryProvider; profileRepositoryProvider; jobsRepositoryProvider; applicationsRepositoryProvider; uploadsRepositoryProvider; messagingRepositoryProvider; safetyRepositoryProvider; notificationsRepositoryProvider; adminRepositoryProvider; guardianRepositoryProvider; monetizationRepositoryProvider","detected","detected","detected","not_detected","detected","route_guard_detected","detected","detected","Enter MORT; Sign in; MORT; A darker, cleaner local hustle app for teens, adults, guardians, and safety moderation.; Free safety tools stay free; Create account; Read teen safety; MORT cannot connect right now; Close and reopen the app, then try again. Contact MORT Support if the problem continues.; Connection required; MORT is paused safely; Marketplace and account actions are temporarily unavailable while safety or reliability work is completed.","flutter_mort/test/profile_persistence_contract_test.dart"
"flutter_android_authoritative","/onboarding/role","authenticated_or_public","RoleSelectionScreen","flutter_mort/lib/features/mort_screens.dart","missionPilotRepositoryProvider; authRepositoryProvider; profileRepositoryProvider; jobsRepositoryProvider; applicationsRepositoryProvider; uploadsRepositoryProvider; messagingRepositoryProvider; safetyRepositoryProvider; notificationsRepositoryProvider; adminRepositoryProvider; guardianRepositoryProvider; monetizationRepositoryProvider","detected","detected","detected","not_detected","detected","route_guard_detected","detected","detected","Enter MORT; Sign in; MORT; A darker, cleaner local hustle app for teens, adults, guardians, and safety moderation.; Free safety tools stay free; Create account; Read teen safety; MORT cannot connect right now; Close and reopen the app, then try again. Contact MORT Support if the problem continues.; Connection required; MORT is paused safely; Marketplace and account actions are temporarily unavailable while safety or reliability work is completed.","no_direct_static_reference"
"flutter_android_authoritative","/onboarding/safety","authenticated_or_public","SafetyRulesScreen","flutter_mort/lib/features/mort_screens.dart","missionPilotRepositoryProvider; authRepositoryProvider; profileRepositoryProvider; jobsRepositoryProvider; applicationsRepositoryProvider; uploadsRepositoryProvider; messagingRepositoryProvider; safetyRepositoryProvider; notificationsRepositoryProvider; adminRepositoryProvider; guardianRepositoryProvider; monetizationRepositoryProvider","detected","detected","detected","not_detected","detected","route_guard_detected","detected","detected","Enter MORT; Sign in; MORT; A darker, cleaner local hustle app for teens, adults, guardians, and safety moderation.; Free safety tools stay free; Create account; Read teen safety; MORT cannot connect right now; Close and reopen the app, then try again. Contact MORT Support if the problem continues.; Connection required; MORT is paused safely; Marketplace and account actions are temporarily unavailable while safety or reliability work is completed.","no_direct_static_reference"
"flutter_android_authoritative","/onboarding/skills","authenticated_or_public","SkillsScreen","flutter_mort/lib/features/mort_screens.dart","missionPilotRepositoryProvider; authRepositoryProvider; profileRepositoryProvider; jobsRepositoryProvider; applicationsRepositoryProvider; uploadsRepositoryProvider; messagingRepositoryProvider; safetyRepositoryProvider; notificationsRepositoryProvider; adminRepositoryProvider; guardianRepositoryProvider; monetizationRepositoryProvider","detected","detected","detected","not_detected","detected","route_guard_detected","detected","detected","Enter MORT; Sign in; MORT; A darker, cleaner local hustle app for teens, adults, guardians, and safety moderation.; Free safety tools stay free; Create account; Read teen safety; MORT cannot connect right now; Close and reopen the app, then try again. Contact MORT Support if the problem continues.; Connection required; MORT is paused safely; Marketplace and account actions are temporarily unavailable while safety or reliability work is completed.","flutter_mort/test/profile_persistence_contract_test.dart"
"flutter_android_authoritative","/partner/home","authenticated_or_public","PartnerStaffHomeScreen","flutter_mort/lib/features/mission/partner_staff_screens.dart","missionPilotRepositoryProvider","detected","detected","detected","not_detected","detected","route_guard_detected","detected","detected","Partner workspace; Access is limited to organization-bound participants and expressly granted staff permissions.; Partner access unavailable; Retry; No active partner assignment; Contact support; Connected participants; Scoped invitations; Report a safety concern; Fact observed; Reason; Only participants linked to this organization are shown. Private job messages and financial details are excluded.","flutter_mort/test/release_candidate_policy_test.dart"
"flutter_android_authoritative","/partner/invites/:organizationId","authenticated_or_public","PartnerInvitesScreen","flutter_mort/lib/features/mission/partner_staff_screens.dart","missionPilotRepositoryProvider","detected","detected","detected","not_detected","detected","route_guard_detected","detected","detected","Partner workspace; Access is limited to organization-bound participants and expressly granted staff permissions.; Partner access unavailable; Retry; No active partner assignment; Contact support; Connected participants; Scoped invitations; Report a safety concern; Fact observed; Reason; Only participants linked to this organization are shown. Private job messages and financial details are excluded.","flutter_mort/test/release_candidate_policy_test.dart"
"flutter_android_authoritative","/partner/participants/:organizationId","authenticated_or_public","PartnerParticipantsScreen","flutter_mort/lib/features/mission/partner_staff_screens.dart","missionPilotRepositoryProvider","detected","detected","detected","not_detected","detected","route_guard_detected","detected","detected","Partner workspace; Access is limited to organization-bound participants and expressly granted staff permissions.; Partner access unavailable; Retry; No active partner assignment; Contact support; Connected participants; Scoped invitations; Report a safety concern; Fact observed; Reason; Only participants linked to this organization are shown. Private job messages and financial details are excluded.","flutter_mort/test/release_candidate_policy_test.dart"
"flutter_android_authoritative","/payments/:obligationId/nonpayment","authenticated_or_public","NonpaymentReportScreen","flutter_mort/lib/features/legal/contract_payment_screens.dart","legalContractRepositoryProvider","detected","detected","detected","not_detected","detected","route_guard_detected","detected","detected","Exact work, pay, and safety terms; MORT creates a fixed agreement after an application is accepted. Material changes require both parties.; Agreements unavailable; No job agreements yet; Job contract review; One party cannot silently change pay, scope, hours, location, hazards, expenses, or payment timing.; Agreement unavailable; No agreement version; Parties and scope; Time, place, and payment; Safety and changes; Confirmation sentence","no_direct_static_reference"
"flutter_android_authoritative","/payments/stripe/payout-setup","teen","StripePayoutSetupScreen","flutter_mort/lib/features/payments/stripe_marketplace_screens.dart","stripeMarketplaceRepositoryProvider","detected","detected","not_detected","not_detected","not_detected","route_guard_detected","detected","detected","Stripe payout setup; Stripe-hosted onboarding handles payout details and any provider-required guardian steps. MORT does not collect bank credentials or Stripe identity documents.; Payout status unavailable; Open Stripe-hosted onboarding; Refresh payout status; Review job funding; Stripe processes the charge. The accepted MORT contract controls the amount; the phone cannot change it.; Funding preview unavailable; Agreed job earnings; MORT service fee; Total adult charge; Expected teen transfer","no_direct_static_reference"
"flutter_android_authoritative","/report/job/:id","authenticated_or_public","ReportScreen","flutter_mort/lib/features/mort_screens.dart","missionPilotRepositoryProvider; authRepositoryProvider; profileRepositoryProvider; jobsRepositoryProvider; applicationsRepositoryProvider; uploadsRepositoryProvider; messagingRepositoryProvider; safetyRepositoryProvider; notificationsRepositoryProvider; adminRepositoryProvider; guardianRepositoryProvider; monetizationRepositoryProvider","detected","detected","detected","not_detected","detected","route_guard_detected","detected","detected","Enter MORT; Sign in; MORT; A darker, cleaner local hustle app for teens, adults, guardians, and safety moderation.; Free safety tools stay free; Create account; Read teen safety; MORT cannot connect right now; Close and reopen the app, then try again. Contact MORT Support if the problem continues.; Connection required; MORT is paused safely; Marketplace and account actions are temporarily unavailable while safety or reliability work is completed.","no_direct_static_reference"
"flutter_android_authoritative","/report/message/:id","authenticated_or_public","ReportScreen","flutter_mort/lib/features/mort_screens.dart","missionPilotRepositoryProvider; authRepositoryProvider; profileRepositoryProvider; jobsRepositoryProvider; applicationsRepositoryProvider; uploadsRepositoryProvider; messagingRepositoryProvider; safetyRepositoryProvider; notificationsRepositoryProvider; adminRepositoryProvider; guardianRepositoryProvider; monetizationRepositoryProvider","detected","detected","detected","not_detected","detected","route_guard_detected","detected","detected","Enter MORT; Sign in; MORT; A darker, cleaner local hustle app for teens, adults, guardians, and safety moderation.; Free safety tools stay free; Create account; Read teen safety; MORT cannot connect right now; Close and reopen the app, then try again. Contact MORT Support if the problem continues.; Connection required; MORT is paused safely; Marketplace and account actions are temporarily unavailable while safety or reliability work is completed.","no_direct_static_reference"
"flutter_android_authoritative","/report/review/:id","authenticated_or_public","ReportScreen","flutter_mort/lib/features/mort_screens.dart","missionPilotRepositoryProvider; authRepositoryProvider; profileRepositoryProvider; jobsRepositoryProvider; applicationsRepositoryProvider; uploadsRepositoryProvider; messagingRepositoryProvider; safetyRepositoryProvider; notificationsRepositoryProvider; adminRepositoryProvider; guardianRepositoryProvider; monetizationRepositoryProvider","detected","detected","detected","not_detected","detected","route_guard_detected","detected","detected","Enter MORT; Sign in; MORT; A darker, cleaner local hustle app for teens, adults, guardians, and safety moderation.; Free safety tools stay free; Create account; Read teen safety; MORT cannot connect right now; Close and reopen the app, then try again. Contact MORT Support if the problem continues.; Connection required; MORT is paused safely; Marketplace and account actions are temporarily unavailable while safety or reliability work is completed.","no_direct_static_reference"
"flutter_android_authoritative","/report/user/:id","authenticated_or_public","ReportScreen","flutter_mort/lib/features/mort_screens.dart","missionPilotRepositoryProvider; authRepositoryProvider; profileRepositoryProvider; jobsRepositoryProvider; applicationsRepositoryProvider; uploadsRepositoryProvider; messagingRepositoryProvider; safetyRepositoryProvider; notificationsRepositoryProvider; adminRepositoryProvider; guardianRepositoryProvider; monetizationRepositoryProvider","detected","detected","detected","not_detected","detected","route_guard_detected","detected","detected","Enter MORT; Sign in; MORT; A darker, cleaner local hustle app for teens, adults, guardians, and safety moderation.; Free safety tools stay free; Create account; Read teen safety; MORT cannot connect right now; Close and reopen the app, then try again. Contact MORT Support if the problem continues.; Connection required; MORT is paused safely; Marketplace and account actions are temporarily unavailable while safety or reliability work is completed.","no_direct_static_reference"
"flutter_android_authoritative","/reviews/:applicationId","authenticated_or_public","LeaveReviewScreen","flutter_mort/lib/features/profile/review_screens.dart","applicationsRepositoryProvider; reviewsRepositoryProvider; authRepositoryProvider","detected","detected","detected","not_detected","not_detected","route_guard_detected","detected","detected","Loading review eligibility; Review unavailable; Application unavailable; Thanks for the feedback; MORT permits one review per side for each job.; Review not available yet; Leave a review; Rate your experience for ${application.job?.title ?? ; $_rating; Short review (optional); Submit review; Reviews received","no_direct_static_reference"
"flutter_android_authoritative","/settings","authenticated_or_public","SettingsScreen","flutter_mort/lib/features/mort_screens.dart","missionPilotRepositoryProvider; authRepositoryProvider; profileRepositoryProvider; jobsRepositoryProvider; applicationsRepositoryProvider; uploadsRepositoryProvider; messagingRepositoryProvider; safetyRepositoryProvider; notificationsRepositoryProvider; adminRepositoryProvider; guardianRepositoryProvider; monetizationRepositoryProvider","detected","detected","detected","not_detected","detected","route_guard_detected","detected","detected","Enter MORT; Sign in; MORT; A darker, cleaner local hustle app for teens, adults, guardians, and safety moderation.; Free safety tools stay free; Create account; Read teen safety; MORT cannot connect right now; Close and reopen the app, then try again. Contact MORT Support if the problem continues.; Connection required; MORT is paused safely; Marketplace and account actions are temporarily unavailable while safety or reliability work is completed.","no_direct_static_reference"
"flutter_android_authoritative","/settings/account-deletion","authenticated_or_public","AccountDeletionRequestScreen","flutter_mort/lib/features/settings/account_management_screens.dart","accountDeletionRepositoryProvider; authRepositoryProvider","detected","not_detected","not_detected","not_detected","not_detected","route_guard_detected","detected","detected","Request account deletion; Submit a verified request to delete your MORT account and ordinary profile data. This does not require contacting support first.; Checking deletion status...; Cancel pending request; Confirm your password; Type DELETE to confirm; Submit deletion request","no_direct_static_reference"
"flutter_android_authoritative","/settings/account-trust","authenticated_or_public","AccountTrustScreen","flutter_mort/lib/features/trust/account_trust_screens.dart","accountTrustRepositoryProvider","detected","detected","detected","not_detected","detected","route_guard_detected","detected","detected","Trust profile unavailable; Try again; Your trust profile; Signals are precise and server-derived. No badge guarantees identity, behavior, or safety.; Read trust-level details; Device security; Passkeys; School affiliation; Partner code; Business registry; Digital ID availability; Appeal a trust decision","no_direct_static_reference"
"flutter_android_authoritative","/settings/active-sessions","authenticated_or_public","AccountSessionsScreen","flutter_mort/lib/features/safety/trust_safety_screens.dart","trustSafetyRepositoryProvider","detected","detected","detected","not_detected","detected","route_guard_detected","detected","detected","Loading verification status; Identity verification; Public marketplace participation stays closed until secure production verification is available. Guardian Mode remains optional.; Verification unavailable; Verification is not a safety guarantee; Identity verification is not accepting public submissions yet.; Sandbox restricted; TEST MODE; Start simulated verification; Production provider unavailable; Provider session required; Request another review","no_direct_static_reference"
"flutter_android_authoritative","/settings/activity","authenticated_or_public","ActivityHistoryScreen","flutter_mort/lib/features/profile/activity_history_screen.dart","applicationsRepositoryProvider; jobsRepositoryProvider; guardianRepositoryProvider; reviewsRepositoryProvider; safetyRepositoryProvider","detected","detected","detected","not_detected","not_detected","route_guard_detected","detected","not_detected","Your MORT activity; This view shows only activity available to your account. Admin records and other users\; Applications and work; Posted jobs; Guardian links; Approved reviews received; Safety reports you submitted; $title unavailable","no_direct_static_reference"
"flutter_android_authoritative","/settings/ad-preferences","authenticated_or_public","AdPreferencesScreen","flutter_mort/lib/features/mort_screens.dart","missionPilotRepositoryProvider; authRepositoryProvider; profileRepositoryProvider; jobsRepositoryProvider; applicationsRepositoryProvider; uploadsRepositoryProvider; messagingRepositoryProvider; safetyRepositoryProvider; notificationsRepositoryProvider; adminRepositoryProvider; guardianRepositoryProvider; monetizationRepositoryProvider","detected","detected","detected","not_detected","detected","route_guard_detected","detected","detected","Enter MORT; Sign in; MORT; A darker, cleaner local hustle app for teens, adults, guardians, and safety moderation.; Free safety tools stay free; Create account; Read teen safety; MORT cannot connect right now; Close and reopen the app, then try again. Contact MORT Support if the problem continues.; Connection required; MORT is paused safely; Marketplace and account actions are temporarily unavailable while safety or reliability work is completed.","no_direct_static_reference"
"flutter_android_authoritative","/settings/business-registry","authenticated_or_public","BusinessRegistryMatchScreen","flutter_mort/lib/features/trust/account_trust_screens.dart","accountTrustRepositoryProvider","detected","detected","detected","not_detected","detected","route_guard_detected","detected","detected","Trust profile unavailable; Try again; Your trust profile; Signals are precise and server-derived. No badge guarantees identity, behavior, or safety.; Read trust-level details; Device security; Passkeys; School affiliation; Partner code; Business registry; Digital ID availability; Appeal a trust decision","no_direct_static_reference"
"flutter_android_authoritative","/settings/device-security","authenticated_or_public","DeviceSecuritySettingsScreen","flutter_mort/lib/features/trust/account_trust_screens.dart","accountTrustRepositoryProvider","detected","detected","detected","not_detected","detected","route_guard_detected","detected","detected","Trust profile unavailable; Try again; Your trust profile; Signals are precise and server-derived. No badge guarantees identity, behavior, or safety.; Read trust-level details; Device security; Passkeys; School affiliation; Partner code; Business registry; Digital ID availability; Appeal a trust decision","no_direct_static_reference"
"flutter_android_authoritative","/settings/digital-id","authenticated_or_public","DigitalIDAvailabilityScreen","flutter_mort/lib/features/trust/account_trust_screens.dart","accountTrustRepositoryProvider","detected","detected","detected","not_detected","detected","route_guard_detected","detected","detected","Trust profile unavailable; Try again; Your trust profile; Signals are precise and server-derived. No badge guarantees identity, behavior, or safety.; Read trust-level details; Device security; Passkeys; School affiliation; Partner code; Business registry; Digital ID availability; Appeal a trust decision","no_direct_static_reference"
"flutter_android_authoritative","/settings/guardian-mode","authenticated_or_public","GuardianModeScreen","flutter_mort/lib/features/guardian/guardian_mode_screens.dart","guardianRepositoryProvider","detected","detected","detected","not_detected","detected","route_guard_detected","detected","detected","Guardian setup is optional; Guardian linking is designed for teen accounts. You can manage your own Guardian Mode connections later in Settings.; Continue to safety; Add a guardian? Optional.; Guardian Mode can share selected safety alerts and check-ins with someone you trust. You can skip this and set it up later.; Guardian email (optional); Link a guardian now; Send an invite; Use an invite code; Continue; Skip for now; Unlink this guardian?","no_direct_static_reference"
"flutter_android_authoritative","/settings/identity-verification","authenticated_or_public","IdentityVerificationScreen","flutter_mort/lib/features/safety/trust_safety_screens.dart","trustSafetyRepositoryProvider","detected","detected","detected","not_detected","detected","route_guard_detected","detected","detected","Loading verification status; Identity verification; Public marketplace participation stays closed until secure production verification is available. Guardian Mode remains optional.; Verification unavailable; Verification is not a safety guarantee; Identity verification is not accepting public submissions yet.; Sandbox restricted; TEST MODE; Start simulated verification; Production provider unavailable; Provider session required; Request another review","no_direct_static_reference"
"flutter_android_authoritative","/settings/legal","authenticated_or_public","_legalIndex","flutter_mort/lib/core/routing/app_router.dart","authRepositoryProvider","detected","not_detected","not_detected","not_detected","not_detected","route_guard_detected","detected","detected","Restricted safety queues; Account trust review; Adult ID review; Teen school-ID review; Teen alternatives; Business verification; Verification appeals; All incident cases; Person mismatch; Sexual safety; Grooming signals; Abduction concerns","no_direct_static_reference"
"flutter_android_authoritative","/settings/native-permissions","authenticated_or_public","NativePermissionsScreen","flutter_mort/lib/features/settings/native_permissions_screen.dart","","detected","not_detected","not_detected","not_detected","not_detected","route_guard_detected","detected","detected","Permissions; MORT asks only when you use a related feature. Background location is not requested.; Checking device permissions...; Permission status unavailable; Retry; Notifications; Camera; Photos; Foreground location; Open device settings; Request when needed","no_direct_static_reference"
"flutter_android_authoritative","/settings/partner-code","authenticated_or_public","PartnerCodeVerificationScreen","flutter_mort/lib/features/trust/account_trust_screens.dart","accountTrustRepositoryProvider","detected","detected","detected","not_detected","detected","route_guard_detected","detected","detected","Trust profile unavailable; Try again; Your trust profile; Signals are precise and server-derived. No badge guarantees identity, behavior, or safety.; Read trust-level details; Device security; Passkeys; School affiliation; Partner code; Business registry; Digital ID availability; Appeal a trust decision","no_direct_static_reference"
"flutter_android_authoritative","/settings/passkeys","authenticated_or_public","PasskeySettingsScreen","flutter_mort/lib/features/trust/account_trust_screens.dart","accountTrustRepositoryProvider","detected","detected","detected","not_detected","detected","route_guard_detected","detected","detected","Trust profile unavailable; Try again; Your trust profile; Signals are precise and server-derived. No badge guarantees identity, behavior, or safety.; Read trust-level details; Device security; Passkeys; School affiliation; Partner code; Business registry; Digital ID availability; Appeal a trust decision","no_direct_static_reference"
"flutter_android_authoritative","/settings/privacy","authenticated_or_public","LegalDocScreen","flutter_mort/lib/features/mort_screens.dart","missionPilotRepositoryProvider; authRepositoryProvider; profileRepositoryProvider; jobsRepositoryProvider; applicationsRepositoryProvider; uploadsRepositoryProvider; messagingRepositoryProvider; safetyRepositoryProvider; notificationsRepositoryProvider; adminRepositoryProvider; guardianRepositoryProvider; monetizationRepositoryProvider","detected","detected","detected","not_detected","detected","route_guard_detected","detected","detected","Enter MORT; Sign in; MORT; A darker, cleaner local hustle app for teens, adults, guardians, and safety moderation.; Free safety tools stay free; Create account; Read teen safety; MORT cannot connect right now; Close and reopen the app, then try again. Contact MORT Support if the problem continues.; Connection required; MORT is paused safely; Marketplace and account actions are temporarily unavailable while safety or reliability work is completed.","no_direct_static_reference"
"flutter_android_authoritative","/settings/profile","authenticated_or_public","ProfileSetupScreen","flutter_mort/lib/features/mort_screens.dart","missionPilotRepositoryProvider; authRepositoryProvider; profileRepositoryProvider; jobsRepositoryProvider; applicationsRepositoryProvider; uploadsRepositoryProvider; messagingRepositoryProvider; safetyRepositoryProvider; notificationsRepositoryProvider; adminRepositoryProvider; guardianRepositoryProvider; monetizationRepositoryProvider","detected","detected","detected","not_detected","detected","route_guard_detected","detected","detected","Enter MORT; Sign in; MORT; A darker, cleaner local hustle app for teens, adults, guardians, and safety moderation.; Free safety tools stay free; Create account; Read teen safety; MORT cannot connect right now; Close and reopen the app, then try again. Contact MORT Support if the problem continues.; Connection required; MORT is paused safely; Marketplace and account actions are temporarily unavailable while safety or reliability work is completed.","flutter_mort/test/profile_persistence_contract_test.dart"
"flutter_android_authoritative","/settings/reviews","authenticated_or_public","MyReviewsScreen","flutter_mort/lib/features/profile/review_screens.dart","applicationsRepositoryProvider; reviewsRepositoryProvider; authRepositoryProvider","detected","detected","detected","not_detected","not_detected","route_guard_detected","detected","detected","Loading review eligibility; Review unavailable; Application unavailable; Thanks for the feedback; MORT permits one review per side for each job.; Review not available yet; Leave a review; Rate your experience for ${application.job?.title ?? ; $_rating; Short review (optional); Submit review; Reviews received","no_direct_static_reference"
"flutter_android_authoritative","/settings/safety-cases","authenticated_or_public","SafetyCasesScreen","flutter_mort/lib/features/safety/trust_safety_screens.dart","trustSafetyRepositoryProvider","detected","detected","detected","not_detected","detected","route_guard_detected","detected","detected","Loading verification status; Identity verification; Public marketplace participation stays closed until secure production verification is available. Guardian Mode remains optional.; Verification unavailable; Verification is not a safety guarantee; Identity verification is not accepting public submissions yet.; Sandbox restricted; TEST MODE; Start simulated verification; Production provider unavailable; Provider session required; Request another review","no_direct_static_reference"
"flutter_android_authoritative","/settings/safety-circle","authenticated_or_public","SafetyCircleScreen","flutter_mort/lib/features/safety/trust_safety_screens.dart","trustSafetyRepositoryProvider","detected","detected","detected","not_detected","detected","route_guard_detected","detected","detected","Loading verification status; Identity verification; Public marketplace participation stays closed until secure production verification is available. Guardian Mode remains optional.; Verification unavailable; Verification is not a safety guarantee; Identity verification is not accepting public submissions yet.; Sandbox restricted; TEST MODE; Start simulated verification; Production provider unavailable; Provider session required; Request another review","no_direct_static_reference"
"flutter_android_authoritative","/settings/school-affiliation","authenticated_or_public","SchoolEmailVerificationScreen","flutter_mort/lib/features/trust/account_trust_screens.dart","accountTrustRepositoryProvider","detected","detected","detected","not_detected","detected","route_guard_detected","detected","detected","Trust profile unavailable; Try again; Your trust profile; Signals are precise and server-derived. No badge guarantees identity, behavior, or safety.; Read trust-level details; Device security; Passkeys; School affiliation; Partner code; Business registry; Digital ID availability; Appeal a trust decision","no_direct_static_reference"
"flutter_android_authoritative","/settings/subscription","authenticated_or_public","MortPlusView","flutter_mort/lib/features/monetization/screens/google_play_billing_screens.dart","","detected","detected","not_detected","not_detected","not_detected","route_guard_detected","detected","detected","MORT Plus; Cosmetic and convenience extras. Jobs, safety, reporting, basic Guardian Mode, and applying stay free.; Choose a Google Play plan; Prices and billing periods below come from Google Play. Subscriptions renew automatically until canceled in Google Play.; Cosmetic packs; One-time purchases. They do not improve job or safety access.; Restore purchases; Manage subscription; Loading Google Play products...; Browse, apply, post jobs, and message; Reports, blocking, Safety Ping, and appeals; Basic Guardian Mode and FAQ help","no_direct_static_reference"
"flutter_android_authoritative","/settings/trust-appeal","authenticated_or_public","VerificationAppealScreen","flutter_mort/lib/features/trust/account_trust_screens.dart","accountTrustRepositoryProvider","detected","detected","detected","not_detected","detected","route_guard_detected","detected","detected","Trust profile unavailable; Try again; Your trust profile; Signals are precise and server-derived. No badge guarantees identity, behavior, or safety.; Read trust-level details; Device security; Passkeys; School affiliation; Partner code; Business registry; Digital ID availability; Appeal a trust decision","no_direct_static_reference"
"flutter_android_authoritative","/settings/username","authenticated_or_public","UsernameSettingsScreen","flutter_mort/lib/features/mort_screens.dart","missionPilotRepositoryProvider; authRepositoryProvider; profileRepositoryProvider; jobsRepositoryProvider; applicationsRepositoryProvider; uploadsRepositoryProvider; messagingRepositoryProvider; safetyRepositoryProvider; notificationsRepositoryProvider; adminRepositoryProvider; guardianRepositoryProvider; monetizationRepositoryProvider","detected","detected","detected","not_detected","detected","route_guard_detected","detected","detected","Enter MORT; Sign in; MORT; A darker, cleaner local hustle app for teens, adults, guardians, and safety moderation.; Free safety tools stay free; Create account; Read teen safety; MORT cannot connect right now; Close and reopen the app, then try again. Contact MORT Support if the problem continues.; Connection required; MORT is paused safely; Marketplace and account actions are temporarily unavailable while safety or reliability work is completed.","no_direct_static_reference"
"flutter_android_authoritative","/splash","authenticated_or_public","SplashScreen","flutter_mort/lib/features/mort_screens.dart","missionPilotRepositoryProvider; authRepositoryProvider; profileRepositoryProvider; jobsRepositoryProvider; applicationsRepositoryProvider; uploadsRepositoryProvider; messagingRepositoryProvider; safetyRepositoryProvider; notificationsRepositoryProvider; adminRepositoryProvider; guardianRepositoryProvider; monetizationRepositoryProvider","detected","detected","detected","not_detected","detected","public_route","detected","detected","Enter MORT; Sign in; MORT; A darker, cleaner local hustle app for teens, adults, guardians, and safety moderation.; Free safety tools stay free; Create account; Read teen safety; MORT cannot connect right now; Close and reopen the app, then try again. Contact MORT Support if the problem continues.; Connection required; MORT is paused safely; Marketplace and account actions are temporarily unavailable while safety or reliability work is completed.","no_direct_static_reference"
"flutter_android_authoritative","/support","authenticated_or_public","SupportHomeScreen","flutter_mort/lib/features/support/support_screens.dart","authRepositoryProvider; supportRepositoryProvider","detected","detected","detected","detected","detected","public_route","detected","detected","MORT Support; Approved self-service help and private human-reviewed support cases.; Ask MORT Guide; Safety Center; Email fallback; Sign in for private support; Sign in; Start a support conversation; Your support history; Loading support cases...; Support history unavailable; Retry","flutter_mort/test/account_trust_test.dart; flutter_mort/test/mort_0_9_3_security_contract_test.dart; flutter_mort/test/mort_guide_contract_test.dart; flutter_mort/test/notification_destination_test.dart; flutter_mort/test/safe_uri_test.dart; flutter_mort/test/support_chat_widget_test.dart"
"flutter_android_authoritative","/support/new","authenticated_or_public","NewSupportConversationScreen","flutter_mort/lib/features/support/support_screens.dart","authRepositoryProvider; supportRepositoryProvider","detected","detected","detected","detected","detected","route_guard_detected","detected","detected","MORT Support; Approved self-service help and private human-reviewed support cases.; Ask MORT Guide; Safety Center; Email fallback; Sign in for private support; Sign in; Start a support conversation; Your support history; Loading support cases...; Support history unavailable; Retry","flutter_mort/test/support_chat_widget_test.dart"
"flutter_android_authoritative","/support/ticket/:ticketId","authenticated_or_public","SupportTicketScreen","flutter_mort/lib/features/support/support_screens.dart","authRepositoryProvider; supportRepositoryProvider","detected","detected","detected","detected","detected","route_guard_detected","detected","detected","MORT Support; Approved self-service help and private human-reviewed support cases.; Ask MORT Guide; Safety Center; Email fallback; Sign in for private support; Sign in; Start a support conversation; Your support history; Loading support cases...; Support history unavailable; Retry","flutter_mort/test/support_chat_widget_test.dart"
"flutter_android_authoritative","/teen/applications","teen","ApplicationListScreen","flutter_mort/lib/features/jobs/application_screens.dart","applicationsRepositoryProvider","detected","detected","detected","not_detected","not_detected","route_guard_detected","detected","detected","Applicants; View, accept, decline, and complete applications through protected job actions.; Approval requests; Only linked-teen applications for jobs that requested approval appear here.; Applications; Track real submission, review, assignment, work, proof, and completion states.; Applications unavailable; Retry; Nothing here yet; Availability confirmed; Approve for poster review; Decline","flutter_mort/test/notification_destination_test.dart"
"flutter_android_authoritative","/teen/applications/:id","teen","ApplicationListScreen","flutter_mort/lib/features/jobs/application_screens.dart","applicationsRepositoryProvider","detected","detected","detected","not_detected","not_detected","route_guard_detected","detected","detected","Applicants; View, accept, decline, and complete applications through protected job actions.; Approval requests; Only linked-teen applications for jobs that requested approval appear here.; Applications; Track real submission, review, assignment, work, proof, and completion states.; Applications unavailable; Retry; Nothing here yet; Availability confirmed; Approve for poster review; Decline","no_direct_static_reference"
"flutter_android_authoritative","/teen/availability","teen","AvailabilityScreen","flutter_mort/lib/features/mort_screens.dart","missionPilotRepositoryProvider; authRepositoryProvider; profileRepositoryProvider; jobsRepositoryProvider; applicationsRepositoryProvider; uploadsRepositoryProvider; messagingRepositoryProvider; safetyRepositoryProvider; notificationsRepositoryProvider; adminRepositoryProvider; guardianRepositoryProvider; monetizationRepositoryProvider","detected","detected","detected","not_detected","detected","route_guard_detected","detected","detected","Enter MORT; Sign in; MORT; A darker, cleaner local hustle app for teens, adults, guardians, and safety moderation.; Free safety tools stay free; Create account; Read teen safety; MORT cannot connect right now; Close and reopen the app, then try again. Contact MORT Support if the problem continues.; Connection required; MORT is paused safely; Marketplace and account actions are temporarily unavailable while safety or reliability work is completed.","no_direct_static_reference"
"flutter_android_authoritative","/teen/goals","teen","EarningsGoalsScreen","flutter_mort/lib/features/mission/mission_pilot_screens.dart","missionPilotRepositoryProvider","detected","detected","detected","not_detected","detected","route_guard_detected","detected","detected","Pilot eligibility; Approved organization support and hosted server rules control protected marketplace access.; Pilot access unavailable; Try again; Guardian Mode; Permanent address; Public marketplace; Real document collection; Payment custody; Partner invitation; Partner attestations; Acknowledge teen rules","no_direct_static_reference"
"flutter_android_authoritative","/teen/home","teen","RoleHomeScreen","flutter_mort/lib/features/mort_screens.dart","missionPilotRepositoryProvider; authRepositoryProvider; profileRepositoryProvider; jobsRepositoryProvider; applicationsRepositoryProvider; uploadsRepositoryProvider; messagingRepositoryProvider; safetyRepositoryProvider; notificationsRepositoryProvider; adminRepositoryProvider; guardianRepositoryProvider; monetizationRepositoryProvider","detected","detected","detected","not_detected","detected","route_guard_detected","detected","detected","Enter MORT; Sign in; MORT; A darker, cleaner local hustle app for teens, adults, guardians, and safety moderation.; Free safety tools stay free; Create account; Read teen safety; MORT cannot connect right now; Close and reopen the app, then try again. Contact MORT Support if the problem continues.; Connection required; MORT is paused safely; Marketplace and account actions are temporarily unavailable while safety or reliability work is completed.","no_direct_static_reference"
"flutter_android_authoritative","/teen/hustle-academy","teen","_academy","flutter_mort/lib/core/routing/app_router.dart","authRepositoryProvider","detected","not_detected","not_detected","not_detected","not_detected","route_guard_detected","detected","detected","Restricted safety queues; Account trust review; Adult ID review; Teen school-ID review; Teen alternatives; Business verification; Verification appeals; All incident cases; Person mismatch; Sexual safety; Grooming signals; Abduction concerns","no_direct_static_reference"
"flutter_android_authoritative","/teen/jobs","teen","TeenJobFeedScreen","flutter_mort/lib/features/jobs/teen_job_screens.dart","jobsRepositoryProvider; applicationsRepositoryProvider","detected","detected","detected","not_detected","not_detected","route_guard_detected","detected","detected","Nearby jobs; Search open jobs by general area details. Exact addresses are never shown in the public feed.; Search jobs; Category; Minimum pay in dollars; Payment type; Schedule; Applicant verification preference; Guardian approval; Work environment; City; State code","no_direct_static_reference"
"flutter_android_authoritative","/teen/jobs/:id","teen","TeenJobDetailScreen","flutter_mort/lib/features/jobs/teen_job_screens.dart","jobsRepositoryProvider; applicationsRepositoryProvider","detected","detected","detected","not_detected","not_detected","route_guard_detected","detected","detected","Nearby jobs; Search open jobs by general area details. Exact addresses are never shown in the public feed.; Search jobs; Category; Minimum pay in dollars; Payment type; Schedule; Applicant verification preference; Guardian approval; Work environment; City; State code","no_direct_static_reference"
"flutter_android_authoritative","/teen/portfolio","teen","unresolved_builder","flutter_mort/lib/core/routing/app_router.dart","authRepositoryProvider","detected","not_detected","not_detected","not_detected","not_detected","route_guard_detected","detected","detected","Restricted safety queues; Account trust review; Adult ID review; Teen school-ID review; Teen alternatives; Business verification; Verification appeals; All incident cases; Person mismatch; Sexual safety; Grooming signals; Abduction concerns","no_direct_static_reference"
"flutter_android_authoritative","/teen/profile","teen","ProfileSetupScreen","flutter_mort/lib/features/mort_screens.dart","missionPilotRepositoryProvider; authRepositoryProvider; profileRepositoryProvider; jobsRepositoryProvider; applicationsRepositoryProvider; uploadsRepositoryProvider; messagingRepositoryProvider; safetyRepositoryProvider; notificationsRepositoryProvider; adminRepositoryProvider; guardianRepositoryProvider; monetizationRepositoryProvider","detected","detected","detected","not_detected","detected","route_guard_detected","detected","detected","Enter MORT; Sign in; MORT; A darker, cleaner local hustle app for teens, adults, guardians, and safety moderation.; Free safety tools stay free; Create account; Read teen safety; MORT cannot connect right now; Close and reopen the app, then try again. Contact MORT Support if the problem continues.; Connection required; MORT is paused safely; Marketplace and account actions are temporarily unavailable while safety or reliability work is completed.","flutter_mort/test/profile_persistence_contract_test.dart"
"flutter_android_authoritative","/teen/proof/:applicationId","teen","ProofUploadScreen","flutter_mort/lib/features/mort_screens.dart","missionPilotRepositoryProvider; authRepositoryProvider; profileRepositoryProvider; jobsRepositoryProvider; applicationsRepositoryProvider; uploadsRepositoryProvider; messagingRepositoryProvider; safetyRepositoryProvider; notificationsRepositoryProvider; adminRepositoryProvider; guardianRepositoryProvider; monetizationRepositoryProvider","detected","detected","detected","not_detected","detected","route_guard_detected","detected","detected","Enter MORT; Sign in; MORT; A darker, cleaner local hustle app for teens, adults, guardians, and safety moderation.; Free safety tools stay free; Create account; Read teen safety; MORT cannot connect right now; Close and reopen the app, then try again. Contact MORT Support if the problem continues.; Connection required; MORT is paused safely; Marketplace and account actions are temporarily unavailable while safety or reliability work is completed.","no_direct_static_reference"
"flutter_android_authoritative","/teen/safety","teen","SafetyCenterScreen","flutter_mort/lib/features/mort_screens.dart","missionPilotRepositoryProvider; authRepositoryProvider; profileRepositoryProvider; jobsRepositoryProvider; applicationsRepositoryProvider; uploadsRepositoryProvider; messagingRepositoryProvider; safetyRepositoryProvider; notificationsRepositoryProvider; adminRepositoryProvider; guardianRepositoryProvider; monetizationRepositoryProvider","detected","detected","detected","not_detected","detected","route_guard_detected","detected","detected","Enter MORT; Sign in; MORT; A darker, cleaner local hustle app for teens, adults, guardians, and safety moderation.; Free safety tools stay free; Create account; Read teen safety; MORT cannot connect right now; Close and reopen the app, then try again. Contact MORT Support if the problem continues.; Connection required; MORT is paused safely; Marketplace and account actions are temporarily unavailable while safety or reliability work is completed.","no_direct_static_reference"
"flutter_android_authoritative","/teen/saved","teen","SavedJobsScreen","flutter_mort/lib/features/jobs/job_screens.dart","jobsRepositoryProvider","detected","detected","detected","not_detected","detected","route_guard_detected","detected","detected","Loading job draft; Back; Create a job listing. Exact addresses and private contact details do not belong in public fields.; Save as draft; Title; Category; Short summary; Detailed description; Estimated duration (minutes); Workers needed; Experience level; Skills needed","no_direct_static_reference"
"flutter_android_authoritative","/teen/skills","teen","SkillsScreen","flutter_mort/lib/features/mort_screens.dart","missionPilotRepositoryProvider; authRepositoryProvider; profileRepositoryProvider; jobsRepositoryProvider; applicationsRepositoryProvider; uploadsRepositoryProvider; messagingRepositoryProvider; safetyRepositoryProvider; notificationsRepositoryProvider; adminRepositoryProvider; guardianRepositoryProvider; monetizationRepositoryProvider","detected","detected","detected","not_detected","detected","route_guard_detected","detected","detected","Enter MORT; Sign in; MORT; A darker, cleaner local hustle app for teens, adults, guardians, and safety moderation.; Free safety tools stay free; Create account; Read teen safety; MORT cannot connect right now; Close and reopen the app, then try again. Contact MORT Support if the problem continues.; Connection required; MORT is paused safely; Marketplace and account actions are temporarily unavailable while safety or reliability work is completed.","flutter_mort/test/profile_persistence_contract_test.dart"
"flutter_android_authoritative","/trust/device-auth","authenticated_or_public","DeviceAuthExplanationScreen","flutter_mort/lib/features/legal/trust_foundation_screens.dart","legalContractRepositoryProvider","detected","detected","not_detected","not_detected","not_detected","route_guard_detected","detected","not_detected","Precise signals, no identity theater; The first-party architecture is implemented for synthetic QA. Real provider verification and real ID collection are disabled.; Trust status unavailable; Browser-safe capture preparation; Liveness limits and accessibility; Passkey and device-auth explanation; Real identity capture is off; This screen explains future quality checks without opening the browser camera or file picker for identity documents.; Native app required for future approved capture; Replay resistance is not identity proof; Real face video and camera gestures are unavailable in web preview. Synthetic QA is controlled and creates no identity level.; Real liveness disabled","no_direct_static_reference"
"flutter_android_authoritative","/trust/document-capture","authenticated_or_public","BrowserSafeCapturePreparationScreen","flutter_mort/lib/features/legal/trust_foundation_screens.dart","legalContractRepositoryProvider","detected","detected","not_detected","not_detected","not_detected","route_guard_detected","detected","not_detected","Precise signals, no identity theater; The first-party architecture is implemented for synthetic QA. Real provider verification and real ID collection are disabled.; Trust status unavailable; Browser-safe capture preparation; Liveness limits and accessibility; Passkey and device-auth explanation; Real identity capture is off; This screen explains future quality checks without opening the browser camera or file picker for identity documents.; Native app required for future approved capture; Replay resistance is not identity proof; Real face video and camera gestures are unavailable in web preview. Synthetic QA is controlled and creates no identity level.; Real liveness disabled","flutter_mort/test/legal_trust_foundation_test.dart"
"flutter_android_authoritative","/trust/foundations","authenticated_or_public","TrustFoundationsScreen","flutter_mort/lib/features/legal/trust_foundation_screens.dart","legalContractRepositoryProvider","detected","detected","not_detected","not_detected","not_detected","route_guard_detected","detected","not_detected","Precise signals, no identity theater; The first-party architecture is implemented for synthetic QA. Real provider verification and real ID collection are disabled.; Trust status unavailable; Browser-safe capture preparation; Liveness limits and accessibility; Passkey and device-auth explanation; Real identity capture is off; This screen explains future quality checks without opening the browser camera or file picker for identity documents.; Native app required for future approved capture; Replay resistance is not identity proof; Real face video and camera gestures are unavailable in web preview. Synthetic QA is controlled and creates no identity level.; Real liveness disabled","no_direct_static_reference"
"flutter_android_authoritative","/trust/liveness","authenticated_or_public","LivenessExplanationScreen","flutter_mort/lib/features/legal/trust_foundation_screens.dart","legalContractRepositoryProvider","detected","detected","not_detected","not_detected","not_detected","route_guard_detected","detected","not_detected","Precise signals, no identity theater; The first-party architecture is implemented for synthetic QA. Real provider verification and real ID collection are disabled.; Trust status unavailable; Browser-safe capture preparation; Liveness limits and accessibility; Passkey and device-auth explanation; Real identity capture is off; This screen explains future quality checks without opening the browser camera or file picker for identity documents.; Native app required for future approved capture; Replay resistance is not identity proof; Real face video and camera gestures are unavailable in web preview. Synthetic QA is controlled and creates no identity level.; Real liveness disabled","no_direct_static_reference"
"flutter_android_authoritative","/trust/teen-verification","authenticated_or_public","TeenVerificationOptionsScreen","flutter_mort/lib/features/trust/teen_verification_screens.dart","","not_detected","not_detected","not_detected","not_detected","not_detected","route_guard_detected","not_detected","detected","Choose an evidence route; A current middle-school or high-school ID review is recommended when available, but it is not mandatory.; Current school ID review; Verified school email; Partner or youth-program attestation; Government or youth-program ID; Manual exception or no-document pilot route; Review capture and privacy steps; Request a manual route; Document capture and privacy; MORT requests camera access only after you choose a permitted document route and tap Use camera.; Photo Picker - unavailable for real IDs","no_direct_static_reference"
"flutter_android_authoritative","/trust/teen-verification/capture","authenticated_or_public","TeenVerificationCapturePreparationScreen","flutter_mort/lib/features/trust/teen_verification_screens.dart","","not_detected","not_detected","not_detected","not_detected","not_detected","route_guard_detected","not_detected","detected","Choose an evidence route; A current middle-school or high-school ID review is recommended when available, but it is not mandatory.; Current school ID review; Verified school email; Partner or youth-program attestation; Government or youth-program ID; Manual exception or no-document pilot route; Review capture and privacy steps; Request a manual route; Document capture and privacy; MORT requests camera access only after you choose a permitted document route and tap Use camera.; Photo Picker - unavailable for real IDs","no_direct_static_reference"
"flutter_android_authoritative","/welcome","authenticated_or_public","WelcomeScreen","flutter_mort/lib/features/mort_screens.dart","missionPilotRepositoryProvider; authRepositoryProvider; profileRepositoryProvider; jobsRepositoryProvider; applicationsRepositoryProvider; uploadsRepositoryProvider; messagingRepositoryProvider; safetyRepositoryProvider; notificationsRepositoryProvider; adminRepositoryProvider; guardianRepositoryProvider; monetizationRepositoryProvider","detected","detected","detected","not_detected","detected","public_route","detected","detected","Enter MORT; Sign in; MORT; A darker, cleaner local hustle app for teens, adults, guardians, and safety moderation.; Free safety tools stay free; Create account; Read teen safety; MORT cannot connect right now; Close and reopen the app, then try again. Contact MORT Support if the problem continues.; Connection required; MORT is paused safely; Marketplace and account actions are temporarily unavailable while safety or reliability work is completed.","no_direct_static_reference"
