"client","route","role","purpose","screen","source","backend_dependency","authorization_requirement","loading_state","populated_state","empty_state","offline_state","validation_state","unauthorized_state","recoverable_error_state","nonrecoverable_error_state","success_state","accessibility","deep_link_support","analytics_event","primary_actions","current_test_coverage","remaining_defect"
"expo_reference","/account-status","mixed","Reference route /account-status","account-status.tsx","app/account-status.tsx","","reference_client_not_credited","not_detected","not_detected","not_detected","not_detected","not_detected","not_detected","not_detected","not_detected","not_detected","not_detected","reference_client_not_credited","reference_client_not_credited","Sign out","reference_client_not_credited_for_android_completion","reference_client_not_credited_for_flutter_completion"
"expo_reference","/admin","admin","Reference route /admin","index.tsx","app/admin/index.tsx","","reference_client_not_credited","not_detected","detected","not_detected","not_detected","not_detected","detected","detected","not_detected","not_detected","not_detected","reference_client_not_credited","reference_client_not_credited","View notifications; Support queue; Rules and safety; Admin review required; RevenueCat debug; Open; Monetization hub","reference_client_not_credited_for_android_completion","reference_client_not_credited_for_flutter_completion"
"expo_reference","/admin/jobs","admin","Reference route /admin/jobs","jobs.tsx","app/admin/jobs.tsx","","reference_client_not_credited","not_detected","detected","detected","not_detected","not_detected","not_detected","detected","not_detected","not_detected","not_detected","reference_client_not_credited","reference_client_not_credited","No jobs","reference_client_not_credited_for_android_completion","reference_client_not_credited_for_flutter_completion"
"expo_reference","/admin/reports","admin","Reference route /admin/reports","reports.tsx","app/admin/reports.tsx","","reference_client_not_credited","not_detected","detected","detected","not_detected","not_detected","not_detected","detected","not_detected","not_detected","not_detected","reference_client_not_credited","reference_client_not_credited","No reports; Mark reviewing; Resolve","reference_client_not_credited_for_android_completion","reference_client_not_credited_for_flutter_completion"
"expo_reference","/admin/support","admin","Reference route /admin/support","support.tsx","app/admin/support.tsx","","reference_client_not_credited","not_detected","detected","detected","not_detected","not_detected","not_detected","detected","not_detected","not_detected","not_detected","reference_client_not_credited","reference_client_not_credited","No tickets","reference_client_not_credited_for_android_completion","reference_client_not_credited_for_flutter_completion"
"expo_reference","/admin/users","admin","Reference route /admin/users","users.tsx","app/admin/users.tsx","","reference_client_not_credited","not_detected","detected","detected","not_detected","not_detected","detected","detected","not_detected","not_detected","not_detected","reference_client_not_credited","reference_client_not_credited","No users","reference_client_not_credited_for_android_completion","reference_client_not_credited_for_flutter_completion"
"expo_reference","/admin/verification","admin","Reference route /admin/verification","verification.tsx","app/admin/verification.tsx","","reference_client_not_credited","not_detected","detected","detected","not_detected","not_detected","not_detected","detected","not_detected","detected","not_detected","reference_client_not_credited","reference_client_not_credited","No submissions; Approve; Reject","reference_client_not_credited_for_android_completion","reference_client_not_credited_for_flutter_completion"
"expo_reference","/adult/applications","adult","Reference route /adult/applications","applications.tsx","app/adult/applications.tsx","","reference_client_not_credited","not_detected","detected","detected","not_detected","not_detected","not_detected","detected","not_detected","detected","not_detected","reference_client_not_credited","reference_client_not_credited","No applications; Dispute proof; Reject; Review proof","reference_client_not_credited_for_android_completion","reference_client_not_credited_for_flutter_completion"
"expo_reference","/adult/dashboard","adult","Reference route /adult/dashboard","dashboard.tsx","app/adult/dashboard.tsx","","reference_client_not_credited","not_detected","detected","detected","not_detected","not_detected","not_detected","detected","not_detected","detected","not_detected","reference_client_not_credited","reference_client_not_credited","Adult Pro planned; Post a teen-safe job; Post; Review applicants; Review; Subscription tools; Open; No posted jobs","reference_client_not_credited_for_android_completion","reference_client_not_credited_for_flutter_completion"
"expo_reference","/adult/messages","adult","Reference route /adult/messages","messages.tsx","app/adult/messages.tsx","","reference_client_not_credited","not_detected","detected","detected","not_detected","not_detected","not_detected","detected","not_detected","not_detected","not_detected","reference_client_not_credited","reference_client_not_credited","No threads; Open chat","reference_client_not_credited_for_android_completion","reference_client_not_credited_for_flutter_completion"
"expo_reference","/adult/post-job","adult","Reference route /adult/post-job","post-job.tsx","app/adult/post-job.tsx","","reference_client_not_credited","not_detected","detected","not_detected","not_detected","detected","not_detected","detected","not_detected","detected","not_detected","reference_client_not_credited","reference_client_not_credited","Title; Description; Category; Public location text; City; State; Pay label; Minimum teen age; Maximum teen age","reference_client_not_credited_for_android_completion","reference_client_not_credited_for_flutter_completion"
"expo_reference","/adult/profile","adult","Reference route /adult/profile","profile.tsx","app/adult/profile.tsx","","reference_client_not_credited","not_detected","not_detected","not_detected","not_detected","not_detected","not_detected","detected","not_detected","not_detected","not_detected","reference_client_not_credited","reference_client_not_credited","Enable push notifications; Username; Subscription and business tools; Ad preferences; View notifications; Support; Rules and safety; Sign out","reference_client_not_credited_for_android_completion","reference_client_not_credited_for_flutter_completion"
"expo_reference","/adult/verification","adult","Reference route /adult/verification","verification.tsx","app/adult/verification.tsx","","reference_client_not_credited","not_detected","detected","not_detected","not_detected","detected","not_detected","detected","not_detected","detected","not_detected","reference_client_not_credited","reference_client_not_credited","Business or adult display name; Business type; Notes for moderators; Submit for review","reference_client_not_credited_for_android_completion","reference_client_not_credited_for_flutter_completion"
"expo_reference","/auth/sign-in","mixed","Reference route /auth/sign-in","sign-in.tsx","app/auth/sign-in.tsx","supabase_client","reference_client_not_credited","not_detected","not_detected","not_detected","not_detected","detected","not_detected","detected","not_detected","not_detected","not_detected","reference_client_not_credited","reference_client_not_credited","Email; Password","reference_client_not_credited_for_android_completion","reference_client_not_credited_for_flutter_completion"
"expo_reference","/auth/sign-up","mixed","Reference route /auth/sign-up","sign-up.tsx","app/auth/sign-up.tsx","supabase_client","reference_client_not_credited","not_detected","detected","not_detected","not_detected","detected","detected","detected","not_detected","detected","not_detected","reference_client_not_credited","reference_client_not_credited","Email; Password","reference_client_not_credited_for_android_completion","reference_client_not_credited_for_flutter_completion"
"expo_reference","/guardian/approvals","guardian","Reference route /guardian/approvals","approvals.tsx","app/guardian/approvals.tsx","","reference_client_not_credited","not_detected","detected","detected","not_detected","not_detected","not_detected","detected","not_detected","not_detected","not_detected","reference_client_not_credited","reference_client_not_credited","No approvals; Reject; Review proof","reference_client_not_credited_for_android_completion","reference_client_not_credited_for_flutter_completion"
"expo_reference","/guardian/messages","guardian","Reference route /guardian/messages","messages.tsx","app/guardian/messages.tsx","","reference_client_not_credited","not_detected","detected","detected","not_detected","not_detected","not_detected","detected","not_detected","not_detected","not_detected","reference_client_not_credited","reference_client_not_credited","No supervised threads; Open chat","reference_client_not_credited_for_android_completion","reference_client_not_credited_for_flutter_completion"
"expo_reference","/guardian/profile","guardian","Reference route /guardian/profile","profile.tsx","app/guardian/profile.tsx","","reference_client_not_credited","not_detected","not_detected","not_detected","not_detected","not_detected","not_detected","detected","not_detected","not_detected","not_detected","reference_client_not_credited","reference_client_not_credited","Enable push notifications; Username; Guardian Plus and subscriptions; Ad preferences; View notifications; Support; Rules and safety; Sign out","reference_client_not_credited_for_android_completion","reference_client_not_credited_for_flutter_completion"
"expo_reference","/guardian/safety","guardian","Reference route /guardian/safety","safety.tsx","app/guardian/safety.tsx","","reference_client_not_credited","not_detected","detected","detected","not_detected","not_detected","not_detected","detected","not_detected","detected","not_detected","reference_client_not_credited","reference_client_not_credited","No safety pings","reference_client_not_credited_for_android_completion","reference_client_not_credited_for_flutter_completion"
"expo_reference","/guardian/teens","guardian","Reference route /guardian/teens","teens.tsx","app/guardian/teens.tsx","","reference_client_not_credited","not_detected","detected","detected","not_detected","detected","not_detected","detected","not_detected","detected","not_detected","reference_client_not_credited","reference_client_not_credited","Teen invite code; Connect teen; Pause reason; Safety basics stay free; Subscription settings; Open; No connected teens","reference_client_not_credited_for_android_completion","reference_client_not_credited_for_flutter_completion"
"expo_reference","/index","mixed","Reference route /index","index.tsx","app/index.tsx","","reference_client_not_credited","detected","not_detected","not_detected","not_detected","not_detected","detected","not_detected","not_detected","detected","not_detected","reference_client_not_credited","reference_client_not_credited","","reference_client_not_credited_for_android_completion","reference_client_not_credited_for_flutter_completion"
"expo_reference","/job/:id","mixed","Reference route /job/:id","[id].tsx","app/job/[id].tsx","","reference_client_not_credited","not_detected","detected","not_detected","not_detected","detected","detected","detected","not_detected","detected","not_detected","reference_client_not_credited","reference_client_not_credited","Report this job/poster; Guardian connected; No active guardian; Application note","reference_client_not_credited_for_android_completion","reference_client_not_credited_for_flutter_completion"
"expo_reference","/legal","mixed","Reference route /legal","legal.tsx","app/legal.tsx","","reference_client_not_credited","not_detected","not_detected","not_detected","not_detected","not_detected","not_detected","not_detected","not_detected","not_detected","not_detected","reference_client_not_credited","reference_client_not_credited","","reference_client_not_credited_for_android_completion","reference_client_not_credited_for_flutter_completion"
"expo_reference","/messages/:threadId","mixed","Reference route /messages/:threadId","[threadId].tsx","app/messages/[threadId].tsx","","reference_client_not_credited","not_detected","detected","not_detected","not_detected","detected","not_detected","detected","detected","detected","not_detected","reference_client_not_credited","reference_client_not_credited","Report message; Message","reference_client_not_credited_for_android_completion","reference_client_not_credited_for_flutter_completion"
"expo_reference","/monetization","mixed","Reference route /monetization","index.tsx","app/monetization/index.tsx","","reference_client_not_credited","not_detected","not_detected","not_detected","not_detected","not_detected","detected","not_detected","not_detected","detected","not_detected","reference_client_not_credited","reference_client_not_credited","MORT Premium; Earn nearby. Move smart. Monetization stays teen-safe, transparent, and never paywalls safety.; Active entitlements; Current offering packages; Subscription plans; Open; Ad-free; Restore purchases; Manage subscription; Username token; Profile style pack; Job boost","reference_client_not_credited_for_android_completion","reference_client_not_credited_for_flutter_completion"
"expo_reference","/monetization/ad-free","mixed","Reference route /monetization/ad-free","ad-free.tsx","app/monetization/ad-free.tsx","","reference_client_not_credited","not_detected","not_detected","not_detected","not_detected","not_detected","not_detected","not_detected","not_detected","detected","not_detected","reference_client_not_credited","reference_client_not_credited","Ad-free; Ads are disabled by default until consent, EAS testing, and ad units are ready.; Fair gating","reference_client_not_credited_for_android_completion","reference_client_not_credited_for_flutter_completion"
"expo_reference","/monetization/job-boost","mixed","Reference route /monetization/job-boost","job-boost.tsx","app/monetization/job-boost.tsx","","reference_client_not_credited","not_detected","not_detected","not_detected","not_detected","not_detected","not_detected","not_detected","not_detected","not_detected","not_detected","reference_client_not_credited","reference_client_not_credited","Job boost; Optional adult/business visibility. Safety review always wins.; Suggested setup","reference_client_not_credited_for_android_completion","reference_client_not_credited_for_flutter_completion"
"expo_reference","/monetization/manage","mixed","Reference route /monetization/manage","manage.tsx","app/monetization/manage.tsx","","reference_client_not_credited","not_detected","not_detected","not_detected","not_detected","not_detected","not_detected","not_detected","not_detected","not_detected","not_detected","reference_client_not_credited","reference_client_not_credited","Manage subscription; Manage billing in Apple subscription settings after real products exist.","reference_client_not_credited_for_android_completion","reference_client_not_credited_for_flutter_completion"
"expo_reference","/monetization/paywall","mixed","Reference route /monetization/paywall","paywall.tsx","app/monetization/paywall.tsx","","reference_client_not_credited","not_detected","not_detected","not_detected","not_detected","not_detected","not_detected","not_detected","not_detected","not_detected","not_detected","reference_client_not_credited","reference_client_not_credited","Make MORT yours.; Free stays useful. Plus just gives you extra style, control, and convenience.","reference_client_not_credited_for_android_completion","reference_client_not_credited_for_flutter_completion"
"expo_reference","/monetization/profile-style-pack","mixed","Reference route /monetization/profile-style-pack","profile-style-pack.tsx","app/monetization/profile-style-pack.tsx","","reference_client_not_credited","not_detected","not_detected","not_detected","not_detected","not_detected","not_detected","not_detected","not_detected","not_detected","not_detected","reference_client_not_credited","reference_client_not_credited","Neon green; Safety blue; Premium purple; Profile style pack; Cosmetic only. No safety, hiring, or ranking advantage.; Profile Style Pack; Preview accent","reference_client_not_credited_for_android_completion","reference_client_not_credited_for_flutter_completion"
"expo_reference","/monetization/restore","mixed","Reference route /monetization/restore","restore.tsx","app/monetization/restore.tsx","","reference_client_not_credited","not_detected","not_detected","not_detected","not_detected","not_detected","not_detected","not_detected","not_detected","not_detected","not_detected","reference_client_not_credited","reference_client_not_credited","Restore purchases; Use this if you bought with the same Apple ID or after reinstalling MORT.","reference_client_not_credited_for_android_completion","reference_client_not_credited_for_flutter_completion"
"expo_reference","/monetization/revenuecat-debug","mixed","Reference route /monetization/revenuecat-debug","revenuecat-debug.tsx","app/monetization/revenuecat-debug.tsx","","reference_client_not_credited","not_detected","not_detected","not_detected","not_detected","not_detected","detected","not_detected","detected","detected","not_detected","reference_client_not_credited","reference_client_not_credited","Debug unavailable; RevenueCat debug; Admin/dev-only view. No secrets are shown.","reference_client_not_credited_for_android_completion","reference_client_not_credited_for_flutter_completion"
"expo_reference","/monetization/username-change","mixed","Reference route /monetization/username-change","username-change.tsx","app/monetization/username-change.tsx","","reference_client_not_credited","not_detected","not_detected","not_detected","not_detected","not_detected","not_detected","not_detected","not_detected","not_detected","not_detected","reference_client_not_credited","reference_client_not_credited","Username token; You used your 3 free username changes. Another change is optional; your account still works.","reference_client_not_credited_for_android_completion","reference_client_not_credited_for_flutter_completion"
"expo_reference","/notifications","mixed","Reference route /notifications","notifications.tsx","app/notifications.tsx","","reference_client_not_credited","detected","detected","detected","not_detected","not_detected","not_detected","detected","not_detected","not_detected","not_detected","reference_client_not_credited","reference_client_not_credited","Mark all read; No notifications; Mark read","reference_client_not_credited_for_android_completion","reference_client_not_credited_for_flutter_completion"
"expo_reference","/onboarding","mixed","Reference route /onboarding","onboarding.tsx","app/onboarding.tsx","","reference_client_not_credited","not_detected","detected","not_detected","not_detected","not_detected","detected","detected","not_detected","detected","detected","reference_client_not_credited","reference_client_not_credited","Display name; Date of birth (YYYY-MM-DD); City; State; Sign out","reference_client_not_credited_for_android_completion","reference_client_not_credited_for_flutter_completion"
"expo_reference","/proof/:applicationId","mixed","Reference route /proof/:applicationId","[applicationId].tsx","app/proof/[applicationId].tsx","","reference_client_not_credited","detected","detected","detected","not_detected","not_detected","detected","detected","not_detected","detected","not_detected","reference_client_not_credited","reference_client_not_credited","No proof yet; Open signed preview; Proof note; Save proof","reference_client_not_credited_for_android_completion","reference_client_not_credited_for_flutter_completion"
"expo_reference","/report/:targetUserId","mixed","Reference route /report/:targetUserId","[targetUserId].tsx","app/report/[targetUserId].tsx","","reference_client_not_credited","not_detected","detected","not_detected","not_detected","not_detected","not_detected","detected","detected","detected","not_detected","reference_client_not_credited","reference_client_not_credited","Reason; Details; Submit report; Block user","reference_client_not_credited_for_android_completion","reference_client_not_credited_for_flutter_completion"
"expo_reference","/settings/ad-preferences","mixed","Reference route /settings/ad-preferences","ad-preferences.tsx","app/settings/ad-preferences.tsx","","reference_client_not_credited","not_detected","not_detected","not_detected","not_detected","not_detected","detected","not_detected","not_detected","detected","not_detected","reference_client_not_credited","reference_client_not_credited","Ad preferences; Ad settings stay conservative until consent and legal review are complete.; Consent controls coming after UMP/ATT setup","reference_client_not_credited_for_android_completion","reference_client_not_credited_for_flutter_completion"
"expo_reference","/settings/subscription","mixed","Reference route /settings/subscription","subscription.tsx","app/settings/subscription.tsx","","reference_client_not_credited","not_detected","not_detected","not_detected","not_detected","not_detected","not_detected","not_detected","not_detected","not_detected","not_detected","reference_client_not_credited","reference_client_not_credited","Subscription; Premium convenience controls, never safety paywalls.; View plans; Open; Restore purchases; Manage subscription; Username settings; Profile style pack","reference_client_not_credited_for_android_completion","reference_client_not_credited_for_flutter_completion"
"expo_reference","/settings/username","mixed","Reference route /settings/username","username.tsx","app/settings/username.tsx","","reference_client_not_credited","not_detected","detected","not_detected","not_detected","not_detected","not_detected","detected","not_detected","detected","not_detected","reference_client_not_credited","reference_client_not_credited","Username; 3 free lifetime changes. Extra changes are optional and must pass safety checks.","reference_client_not_credited_for_android_completion","reference_client_not_credited_for_flutter_completion"
"expo_reference","/support","mixed","Reference route /support","support.tsx","app/support.tsx","","reference_client_not_credited","not_detected","detected","detected","not_detected","detected","not_detected","detected","not_detected","not_detected","not_detected","reference_client_not_credited","reference_client_not_credited","Subject; What happened?; No support tickets","reference_client_not_credited_for_android_completion","reference_client_not_credited_for_flutter_completion"
"expo_reference","/teen/applications","teen","Reference route /teen/applications","applications.tsx","app/teen/applications.tsx","","reference_client_not_credited","not_detected","detected","detected","not_detected","not_detected","not_detected","detected","not_detected","not_detected","not_detected","reference_client_not_credited","reference_client_not_credited","No applications","reference_client_not_credited_for_android_completion","reference_client_not_credited_for_flutter_completion"
"expo_reference","/teen/feed","teen","Reference route /teen/feed","feed.tsx","app/teen/feed.tsx","","reference_client_not_credited","detected","detected","detected","not_detected","not_detected","not_detected","detected","not_detected","not_detected","not_detected","reference_client_not_credited","reference_client_not_credited","No jobs yet","reference_client_not_credited_for_android_completion","reference_client_not_credited_for_flutter_completion"
"expo_reference","/teen/messages","teen","Reference route /teen/messages","messages.tsx","app/teen/messages.tsx","","reference_client_not_credited","not_detected","detected","detected","not_detected","not_detected","not_detected","detected","not_detected","not_detected","not_detected","reference_client_not_credited","reference_client_not_credited","No threads; Open chat","reference_client_not_credited_for_android_completion","reference_client_not_credited_for_flutter_completion"
"expo_reference","/teen/profile","teen","Reference route /teen/profile","profile.tsx","app/teen/profile.tsx","","reference_client_not_credited","not_detected","not_detected","not_detected","not_detected","not_detected","not_detected","detected","not_detected","not_detected","not_detected","reference_client_not_credited","reference_client_not_credited","Enable push notifications; Username; Subscription and ad-free; Ad preferences; View notifications; Support; Rules and safety; Sign out","reference_client_not_credited_for_android_completion","reference_client_not_credited_for_flutter_completion"
"expo_reference","/teen/safety","teen","Reference route /teen/safety","safety.tsx","app/teen/safety.tsx","","reference_client_not_credited","not_detected","detected","detected","not_detected","not_detected","not_detected","detected","not_detected","detected","not_detected","reference_client_not_credited","reference_client_not_credited","Guardian connected; No active guardian; Create guardian invite; Optional note; I; I need help; No pings yet","reference_client_not_credited_for_android_completion","reference_client_not_credited_for_flutter_completion"
"flutter_android_authoritative","/","authenticated_or_public","Enter MORT","SplashScreen","flutter_mort/lib/features/mort_screens.dart","missionPilotRepositoryProvider; authRepositoryProvider; profileRepositoryProvider; jobsRepositoryProvider; applicationsRepositoryProvider; uploadsRepositoryProvider; messagingRepositoryProvider; safetyRepositoryProvider; notificationsRepositoryProvider; adminRepositoryProvider; guardianRepositoryProvider; monetizationRepositoryProvider","public_route_with_server_authorization_for_mutations","detected","detected","detected","not_detected","detected","public_route","detected","detected","detected","detected","registered_internal_route","not_collected_by_design","Enter MORT; Sign in; MORT; A darker, cleaner local hustle app for teens, adults, guardians, and safety moderation.; Free safety tools stay free; Create account; Read teen safety; MORT cannot connect right now; Close and reopen the app, then try again. Contact MORT Support if the problem continues.; Connection required; MORT is paused safely; Marketplace and account actions are temporarily unavailable while safety or reliability work is completed.","flutter_mort/test/account_trust_test.dart; flutter_mort/test/android_native_parity_test.dart; flutter_mort/test/app_lock_policy_test.dart; flutter_mort/test/bootstrap_and_button_test.dart; flutter_mort/test/crash_reporting_test.dart; flutter_mort/test/date_of_birth_field_test.dart; flutter_mort/test/date_of_birth_test.dart; flutter_mort/test/edge_observability_contract_test.dart; flutter_mort/test/feature_expansion_contract_test.dart; flutter_mort/test/google_auth_contract_test.dart; flutter_mort/test/google_play_billing_contract_test.dart; flutter_mort/test/guardian_job_profile_features_test.dart; flutter_mort/test/identity_verification_provider_test.dart; flutter_mort/test/job_progress_widget_test.dart; flutter_mort/test/legal_trust_foundation_test.dart; flutter_mort/test/mission_pilot_test.dart; flutter_mort/test/monetization_safety_test.dart; flutter_mort/test/mort_0_9_3_security_contract_test.dart; flutter_mort/test/mort_0_9_4_admin_moderation_contract_test.dart; flutter_mort/test/mort_guide_contract_test.dart; flutter_mort/test/notification_destination_test.dart; flutter_mort/test/oauth_flow_test.dart; flutter_mort/test/operational_controls_contract_test.dart; flutter_mort/test/profile_persistence_contract_test.dart; flutter_mort/test/release_candidate_policy_test.dart; flutter_mort/test/route_access_test.dart; flutter_mort/test/safe_uri_test.dart; flutter_mort/test/stripe_marketplace_contract_test.dart; flutter_mort/test/support_chat_widget_test.dart; flutter_mort/test/user_facing_error_test.dart; flutter_mort/test/validators_test.dart; flutter_mort/test/widget_test.dart","requires_physical_android_accessibility_offline_and_process_death_validation"
"flutter_android_authoritative","/account-status","authenticated_or_public","Enter MORT","AccountStatusScreen","flutter_mort/lib/features/mort_screens.dart","missionPilotRepositoryProvider; authRepositoryProvider; profileRepositoryProvider; jobsRepositoryProvider; applicationsRepositoryProvider; uploadsRepositoryProvider; messagingRepositoryProvider; safetyRepositoryProvider; notificationsRepositoryProvider; adminRepositoryProvider; guardianRepositoryProvider; monetizationRepositoryProvider","authenticated_or_public_route_guard_plus_server_authorization","detected","detected","detected","not_detected","detected","route_guard_detected","detected","detected","detected","detected","registered_internal_route","not_collected_by_design","Enter MORT; Sign in; MORT; A darker, cleaner local hustle app for teens, adults, guardians, and safety moderation.; Free safety tools stay free; Create account; Read teen safety; MORT cannot connect right now; Close and reopen the app, then try again. Contact MORT Support if the problem continues.; Connection required; MORT is paused safely; Marketplace and account actions are temporarily unavailable while safety or reliability work is completed.","flutter_mort/test/notification_destination_test.dart","requires_physical_android_accessibility_offline_and_process_death_validation"
"flutter_android_authoritative","/admin/abduction-concerns","admin","Enter MORT","AdminQueueScreen","flutter_mort/lib/features/mort_screens.dart","missionPilotRepositoryProvider; authRepositoryProvider; profileRepositoryProvider; jobsRepositoryProvider; applicationsRepositoryProvider; uploadsRepositoryProvider; messagingRepositoryProvider; safetyRepositoryProvider; notificationsRepositoryProvider; adminRepositoryProvider; guardianRepositoryProvider; monetizationRepositoryProvider","admin_route_guard_plus_server_authorization","detected","detected","detected","not_detected","detected","route_guard_detected","detected","detected","detected","detected","registered_internal_route","not_collected_by_design","Enter MORT; Sign in; MORT; A darker, cleaner local hustle app for teens, adults, guardians, and safety moderation.; Free safety tools stay free; Create account; Read teen safety; MORT cannot connect right now; Close and reopen the app, then try again. Contact MORT Support if the problem continues.; Connection required; MORT is paused safely; Marketplace and account actions are temporarily unavailable while safety or reliability work is completed.","no_direct_static_reference","no_direct_static_test_reference"
"flutter_android_authoritative","/admin/account-sharing","admin","Enter MORT","AdminQueueScreen","flutter_mort/lib/features/mort_screens.dart","missionPilotRepositoryProvider; authRepositoryProvider; profileRepositoryProvider; jobsRepositoryProvider; applicationsRepositoryProvider; uploadsRepositoryProvider; messagingRepositoryProvider; safetyRepositoryProvider; notificationsRepositoryProvider; adminRepositoryProvider; guardianRepositoryProvider; monetizationRepositoryProvider","admin_route_guard_plus_server_authorization","detected","detected","detected","not_detected","detected","route_guard_detected","detected","detected","detected","detected","registered_internal_route","not_collected_by_design","Enter MORT; Sign in; MORT; A darker, cleaner local hustle app for teens, adults, guardians, and safety moderation.; Free safety tools stay free; Create account; Read teen safety; MORT cannot connect right now; Close and reopen the app, then try again. Contact MORT Support if the problem continues.; Connection required; MORT is paused safely; Marketplace and account actions are temporarily unavailable while safety or reliability work is completed.","no_direct_static_reference","no_direct_static_test_reference"
"flutter_android_authoritative","/admin/account-trust","admin","Trust profile unavailable","TrustAdminReviewScreen","flutter_mort/lib/features/trust/account_trust_screens.dart","accountTrustRepositoryProvider","admin_route_guard_plus_server_authorization","detected","detected","detected","not_detected","detected","route_guard_detected","detected","not_detected","detected","detected","registered_internal_route","not_collected_by_design","Trust profile unavailable; Try again; Your trust profile; Signals are precise and server-derived. No badge guarantees identity, behavior, or safety.; Read trust-level details; Device security; Passkeys; School affiliation; Partner code; Business registry; Digital ID availability; Appeal a trust decision","no_direct_static_reference","no_direct_static_test_reference"
"flutter_android_authoritative","/admin/action-logs","admin","Enter MORT","AdminQueueScreen","flutter_mort/lib/features/mort_screens.dart","missionPilotRepositoryProvider; authRepositoryProvider; profileRepositoryProvider; jobsRepositoryProvider; applicationsRepositoryProvider; uploadsRepositoryProvider; messagingRepositoryProvider; safetyRepositoryProvider; notificationsRepositoryProvider; adminRepositoryProvider; guardianRepositoryProvider; monetizationRepositoryProvider","admin_route_guard_plus_server_authorization","detected","detected","detected","not_detected","detected","route_guard_detected","detected","detected","detected","detected","registered_internal_route","not_collected_by_design","Enter MORT; Sign in; MORT; A darker, cleaner local hustle app for teens, adults, guardians, and safety moderation.; Free safety tools stay free; Create account; Read teen safety; MORT cannot connect right now; Close and reopen the app, then try again. Contact MORT Support if the problem continues.; Connection required; MORT is paused safely; Marketplace and account actions are temporarily unavailable while safety or reliability work is completed.","no_direct_static_reference","no_direct_static_test_reference"
"flutter_android_authoritative","/admin/adult-id","admin","Enter MORT","AdminQueueScreen","flutter_mort/lib/features/mort_screens.dart","missionPilotRepositoryProvider; authRepositoryProvider; profileRepositoryProvider; jobsRepositoryProvider; applicationsRepositoryProvider; uploadsRepositoryProvider; messagingRepositoryProvider; safetyRepositoryProvider; notificationsRepositoryProvider; adminRepositoryProvider; guardianRepositoryProvider; monetizationRepositoryProvider","admin_route_guard_plus_server_authorization","detected","detected","detected","not_detected","detected","route_guard_detected","detected","detected","detected","detected","registered_internal_route","not_collected_by_design","Enter MORT; Sign in; MORT; A darker, cleaner local hustle app for teens, adults, guardians, and safety moderation.; Free safety tools stay free; Create account; Read teen safety; MORT cannot connect right now; Close and reopen the app, then try again. Contact MORT Support if the problem continues.; Connection required; MORT is paused safely; Marketplace and account actions are temporarily unavailable while safety or reliability work is completed.","no_direct_static_reference","no_direct_static_test_reference"
"flutter_android_authoritative","/admin/business-verifications","admin","Enter MORT","AdminQueueScreen","flutter_mort/lib/features/mort_screens.dart","missionPilotRepositoryProvider; authRepositoryProvider; profileRepositoryProvider; jobsRepositoryProvider; applicationsRepositoryProvider; uploadsRepositoryProvider; messagingRepositoryProvider; safetyRepositoryProvider; notificationsRepositoryProvider; adminRepositoryProvider; guardianRepositoryProvider; monetizationRepositoryProvider","admin_route_guard_plus_server_authorization","detected","detected","detected","not_detected","detected","route_guard_detected","detected","detected","detected","detected","registered_internal_route","not_collected_by_design","Enter MORT; Sign in; MORT; A darker, cleaner local hustle app for teens, adults, guardians, and safety moderation.; Free safety tools stay free; Create account; Read teen safety; MORT cannot connect right now; Close and reopen the app, then try again. Contact MORT Support if the problem continues.; Connection required; MORT is paused safely; Marketplace and account actions are temporarily unavailable while safety or reliability work is completed.","no_direct_static_reference","no_direct_static_test_reference"
"flutter_android_authoritative","/admin/evidence-preservation","admin","Enter MORT","AdminQueueScreen","flutter_mort/lib/features/mort_screens.dart","missionPilotRepositoryProvider; authRepositoryProvider; profileRepositoryProvider; jobsRepositoryProvider; applicationsRepositoryProvider; uploadsRepositoryProvider; messagingRepositoryProvider; safetyRepositoryProvider; notificationsRepositoryProvider; adminRepositoryProvider; guardianRepositoryProvider; monetizationRepositoryProvider","admin_route_guard_plus_server_authorization","detected","detected","detected","not_detected","detected","route_guard_detected","detected","detected","detected","detected","registered_internal_route","not_collected_by_design","Enter MORT; Sign in; MORT; A darker, cleaner local hustle app for teens, adults, guardians, and safety moderation.; Free safety tools stay free; Create account; Read teen safety; MORT cannot connect right now; Close and reopen the app, then try again. Contact MORT Support if the problem continues.; Connection required; MORT is paused safely; Marketplace and account actions are temporarily unavailable while safety or reliability work is completed.","no_direct_static_reference","no_direct_static_test_reference"
"flutter_android_authoritative","/admin/grooming-signals","admin","Enter MORT","AdminQueueScreen","flutter_mort/lib/features/mort_screens.dart","missionPilotRepositoryProvider; authRepositoryProvider; profileRepositoryProvider; jobsRepositoryProvider; applicationsRepositoryProvider; uploadsRepositoryProvider; messagingRepositoryProvider; safetyRepositoryProvider; notificationsRepositoryProvider; adminRepositoryProvider; guardianRepositoryProvider; monetizationRepositoryProvider","admin_route_guard_plus_server_authorization","detected","detected","detected","not_detected","detected","route_guard_detected","detected","detected","detected","detected","registered_internal_route","not_collected_by_design","Enter MORT; Sign in; MORT; A darker, cleaner local hustle app for teens, adults, guardians, and safety moderation.; Free safety tools stay free; Create account; Read teen safety; MORT cannot connect right now; Close and reopen the app, then try again. Contact MORT Support if the problem continues.; Connection required; MORT is paused safely; Marketplace and account actions are temporarily unavailable while safety or reliability work is completed.","no_direct_static_reference","no_direct_static_test_reference"
"flutter_android_authoritative","/admin/home","admin","Enter MORT","RoleHomeScreen","flutter_mort/lib/features/mort_screens.dart","missionPilotRepositoryProvider; authRepositoryProvider; profileRepositoryProvider; jobsRepositoryProvider; applicationsRepositoryProvider; uploadsRepositoryProvider; messagingRepositoryProvider; safetyRepositoryProvider; notificationsRepositoryProvider; adminRepositoryProvider; guardianRepositoryProvider; monetizationRepositoryProvider","admin_route_guard_plus_server_authorization","detected","detected","detected","not_detected","detected","route_guard_detected","detected","detected","detected","detected","registered_internal_route","not_collected_by_design","Enter MORT; Sign in; MORT; A darker, cleaner local hustle app for teens, adults, guardians, and safety moderation.; Free safety tools stay free; Create account; Read teen safety; MORT cannot connect right now; Close and reopen the app, then try again. Contact MORT Support if the problem continues.; Connection required; MORT is paused safely; Marketplace and account actions are temporarily unavailable while safety or reliability work is completed.","no_direct_static_reference","no_direct_static_test_reference"
"flutter_android_authoritative","/admin/incidents","admin","Enter MORT","AdminQueueScreen","flutter_mort/lib/features/mort_screens.dart","missionPilotRepositoryProvider; authRepositoryProvider; profileRepositoryProvider; jobsRepositoryProvider; applicationsRepositoryProvider; uploadsRepositoryProvider; messagingRepositoryProvider; safetyRepositoryProvider; notificationsRepositoryProvider; adminRepositoryProvider; guardianRepositoryProvider; monetizationRepositoryProvider","admin_route_guard_plus_server_authorization","detected","detected","detected","not_detected","detected","route_guard_detected","detected","detected","detected","detected","registered_internal_route","not_collected_by_design","Enter MORT; Sign in; MORT; A darker, cleaner local hustle app for teens, adults, guardians, and safety moderation.; Free safety tools stay free; Create account; Read teen safety; MORT cannot connect right now; Close and reopen the app, then try again. Contact MORT Support if the problem continues.; Connection required; MORT is paused safely; Marketplace and account actions are temporarily unavailable while safety or reliability work is completed.","no_direct_static_reference","no_direct_static_test_reference"
"flutter_android_authoritative","/admin/jobs","admin","Enter MORT","AdminQueueScreen","flutter_mort/lib/features/mort_screens.dart","missionPilotRepositoryProvider; authRepositoryProvider; profileRepositoryProvider; jobsRepositoryProvider; applicationsRepositoryProvider; uploadsRepositoryProvider; messagingRepositoryProvider; safetyRepositoryProvider; notificationsRepositoryProvider; adminRepositoryProvider; guardianRepositoryProvider; monetizationRepositoryProvider","admin_route_guard_plus_server_authorization","detected","detected","detected","not_detected","detected","route_guard_detected","detected","detected","detected","detected","registered_internal_route","not_collected_by_design","Enter MORT; Sign in; MORT; A darker, cleaner local hustle app for teens, adults, guardians, and safety moderation.; Free safety tools stay free; Create account; Read teen safety; MORT cannot connect right now; Close and reopen the app, then try again. Contact MORT Support if the problem continues.; Connection required; MORT is paused safely; Marketplace and account actions are temporarily unavailable while safety or reliability work is completed.","no_direct_static_reference","no_direct_static_test_reference"
"flutter_android_authoritative","/admin/lawful-requests","admin","Enter MORT","AdminQueueScreen","flutter_mort/lib/features/mort_screens.dart","missionPilotRepositoryProvider; authRepositoryProvider; profileRepositoryProvider; jobsRepositoryProvider; applicationsRepositoryProvider; uploadsRepositoryProvider; messagingRepositoryProvider; safetyRepositoryProvider; notificationsRepositoryProvider; adminRepositoryProvider; guardianRepositoryProvider; monetizationRepositoryProvider","admin_route_guard_plus_server_authorization","detected","detected","detected","not_detected","detected","route_guard_detected","detected","detected","detected","detected","registered_internal_route","not_collected_by_design","Enter MORT; Sign in; MORT; A darker, cleaner local hustle app for teens, adults, guardians, and safety moderation.; Free safety tools stay free; Create account; Read teen safety; MORT cannot connect right now; Close and reopen the app, then try again. Contact MORT Support if the problem continues.; Connection required; MORT is paused safely; Marketplace and account actions are temporarily unavailable while safety or reliability work is completed.","no_direct_static_reference","no_direct_static_test_reference"
"flutter_android_authoritative","/admin/messages","admin","Enter MORT","AdminQueueScreen","flutter_mort/lib/features/mort_screens.dart","missionPilotRepositoryProvider; authRepositoryProvider; profileRepositoryProvider; jobsRepositoryProvider; applicationsRepositoryProvider; uploadsRepositoryProvider; messagingRepositoryProvider; safetyRepositoryProvider; notificationsRepositoryProvider; adminRepositoryProvider; guardianRepositoryProvider; monetizationRepositoryProvider","admin_route_guard_plus_server_authorization","detected","detected","detected","not_detected","detected","route_guard_detected","detected","detected","detected","detected","registered_internal_route","not_collected_by_design","Enter MORT; Sign in; MORT; A darker, cleaner local hustle app for teens, adults, guardians, and safety moderation.; Free safety tools stay free; Create account; Read teen safety; MORT cannot connect right now; Close and reopen the app, then try again. Contact MORT Support if the problem continues.; Connection required; MORT is paused safely; Marketplace and account actions are temporarily unavailable while safety or reliability work is completed.","no_direct_static_reference","no_direct_static_test_reference"
"flutter_android_authoritative","/admin/monetization","admin","Enter MORT","AdminQueueScreen","flutter_mort/lib/features/mort_screens.dart","missionPilotRepositoryProvider; authRepositoryProvider; profileRepositoryProvider; jobsRepositoryProvider; applicationsRepositoryProvider; uploadsRepositoryProvider; messagingRepositoryProvider; safetyRepositoryProvider; notificationsRepositoryProvider; adminRepositoryProvider; guardianRepositoryProvider; monetizationRepositoryProvider","admin_route_guard_plus_server_authorization","detected","detected","detected","not_detected","detected","route_guard_detected","detected","detected","detected","detected","registered_internal_route","not_collected_by_design","Enter MORT; Sign in; MORT; A darker, cleaner local hustle app for teens, adults, guardians, and safety moderation.; Free safety tools stay free; Create account; Read teen safety; MORT cannot connect right now; Close and reopen the app, then try again. Contact MORT Support if the problem continues.; Connection required; MORT is paused safely; Marketplace and account actions are temporarily unavailable while safety or reliability work is completed.","no_direct_static_reference","no_direct_static_test_reference"
"flutter_android_authoritative","/admin/operational-alerts","admin","Operational alerts","AdminOperationalAlertsScreen","flutter_mort/lib/features/admin/admin_operational_alerts_screen.dart","adminRepositoryProvider","admin_route_guard_plus_server_authorization","detected","detected","detected","not_detected","not_detected","route_guard_detected","detected","not_detected","detected","detected","registered_internal_route","not_collected_by_design","Operational alerts; Redacted reliability and safety signals. Every load and action requires a specialized server role.; Operational queue unavailable; Retry; No alerts in this queue; Acknowledge; Resolve","no_direct_static_reference","no_direct_static_test_reference"
"flutter_android_authoritative","/admin/payment-operations","admin","Payment review and resolution","AdminPaymentOperationsScreen","flutter_mort/lib/features/payments/admin_payment_operations_screen.dart","stripeMarketplaceRepositoryProvider","admin_route_guard_plus_server_authorization","detected","detected","detected","not_detected","not_detected","route_guard_detected","detected","not_detected","not_detected","detected","registered_internal_route","not_collected_by_design","Payment review and resolution; Human review and provider execution are separate, audited roles. All money and payout destinations come from server records.; Loading assigned payment work...; Payment operations unavailable; Retry; Restricted role required; Stripe ${_label(data[; Assigned human reviews; No assigned disputes; Prepared server resolutions; No prepared resolutions","no_direct_static_reference","no_direct_static_test_reference"
"flutter_android_authoritative","/admin/person-mismatch","admin","Enter MORT","AdminQueueScreen","flutter_mort/lib/features/mort_screens.dart","missionPilotRepositoryProvider; authRepositoryProvider; profileRepositoryProvider; jobsRepositoryProvider; applicationsRepositoryProvider; uploadsRepositoryProvider; messagingRepositoryProvider; safetyRepositoryProvider; notificationsRepositoryProvider; adminRepositoryProvider; guardianRepositoryProvider; monetizationRepositoryProvider","admin_route_guard_plus_server_authorization","detected","detected","detected","not_detected","detected","route_guard_detected","detected","detected","detected","detected","registered_internal_route","not_collected_by_design","Enter MORT; Sign in; MORT; A darker, cleaner local hustle app for teens, adults, guardians, and safety moderation.; Free safety tools stay free; Create account; Read teen safety; MORT cannot connect right now; Close and reopen the app, then try again. Contact MORT Support if the problem continues.; Connection required; MORT is paused safely; Marketplace and account actions are temporarily unavailable while safety or reliability work is completed.","no_direct_static_reference","no_direct_static_test_reference"
"flutter_android_authoritative","/admin/property-theft","admin","Enter MORT","AdminQueueScreen","flutter_mort/lib/features/mort_screens.dart","missionPilotRepositoryProvider; authRepositoryProvider; profileRepositoryProvider; jobsRepositoryProvider; applicationsRepositoryProvider; uploadsRepositoryProvider; messagingRepositoryProvider; safetyRepositoryProvider; notificationsRepositoryProvider; adminRepositoryProvider; guardianRepositoryProvider; monetizationRepositoryProvider","admin_route_guard_plus_server_authorization","detected","detected","detected","not_detected","detected","route_guard_detected","detected","detected","detected","detected","registered_internal_route","not_collected_by_design","Enter MORT; Sign in; MORT; A darker, cleaner local hustle app for teens, adults, guardians, and safety moderation.; Free safety tools stay free; Create account; Read teen safety; MORT cannot connect right now; Close and reopen the app, then try again. Contact MORT Support if the problem continues.; Connection required; MORT is paused safely; Marketplace and account actions are temporarily unavailable while safety or reliability work is completed.","no_direct_static_reference","no_direct_static_test_reference"
"flutter_android_authoritative","/admin/reports","admin","Enter MORT","AdminQueueScreen","flutter_mort/lib/features/mort_screens.dart","missionPilotRepositoryProvider; authRepositoryProvider; profileRepositoryProvider; jobsRepositoryProvider; applicationsRepositoryProvider; uploadsRepositoryProvider; messagingRepositoryProvider; safetyRepositoryProvider; notificationsRepositoryProvider; adminRepositoryProvider; guardianRepositoryProvider; monetizationRepositoryProvider","admin_route_guard_plus_server_authorization","detected","detected","detected","not_detected","detected","route_guard_detected","detected","detected","detected","detected","registered_internal_route","not_collected_by_design","Enter MORT; Sign in; MORT; A darker, cleaner local hustle app for teens, adults, guardians, and safety moderation.; Free safety tools stay free; Create account; Read teen safety; MORT cannot connect right now; Close and reopen the app, then try again. Contact MORT Support if the problem continues.; Connection required; MORT is paused safely; Marketplace and account actions are temporarily unavailable while safety or reliability work is completed.","no_direct_static_reference","no_direct_static_test_reference"
"flutter_android_authoritative","/admin/reports/:id","admin","Server authorization is checked for every load and action. Raw identity files and private storage paths are not returned here.","AdminModerationDetailScreen","flutter_mort/lib/features/admin/admin_moderation_detail_screen.dart","adminRepositoryProvider","admin_route_guard_plus_server_authorization","detected","detected","detected","not_detected","not_detected","route_guard_detected","detected","not_detected","detected","detected","registered_parameterized_or_callback_route","not_collected_by_design","Server authorization is checked for every load and action. Raw identity files and private storage paths are not returned here.; Record unavailable; Retry; No record returned; ${_label(entry.key)}: ${entry.value}; Begin review; Resolve; Dismiss; Suspend target account; Restore target account","flutter_mort/test/mort_0_9_4_admin_moderation_contract_test.dart","requires_physical_android_accessibility_offline_and_process_death_validation"
"flutter_android_authoritative","/admin/restricted-queues","admin","Enter MORT","FeatureScaffoldScreen","flutter_mort/lib/features/mort_screens.dart","missionPilotRepositoryProvider; authRepositoryProvider; profileRepositoryProvider; jobsRepositoryProvider; applicationsRepositoryProvider; uploadsRepositoryProvider; messagingRepositoryProvider; safetyRepositoryProvider; notificationsRepositoryProvider; adminRepositoryProvider; guardianRepositoryProvider; monetizationRepositoryProvider","admin_route_guard_plus_server_authorization","detected","detected","detected","not_detected","detected","route_guard_detected","detected","detected","detected","detected","registered_internal_route","not_collected_by_design","Enter MORT; Sign in; MORT; A darker, cleaner local hustle app for teens, adults, guardians, and safety moderation.; Free safety tools stay free; Create account; Read teen safety; MORT cannot connect right now; Close and reopen the app, then try again. Contact MORT Support if the problem continues.; Connection required; MORT is paused safely; Marketplace and account actions are temporarily unavailable while safety or reliability work is completed.","no_direct_static_reference","no_direct_static_test_reference"
"flutter_android_authoritative","/admin/reviews","admin","Enter MORT","AdminQueueScreen","flutter_mort/lib/features/mort_screens.dart","missionPilotRepositoryProvider; authRepositoryProvider; profileRepositoryProvider; jobsRepositoryProvider; applicationsRepositoryProvider; uploadsRepositoryProvider; messagingRepositoryProvider; safetyRepositoryProvider; notificationsRepositoryProvider; adminRepositoryProvider; guardianRepositoryProvider; monetizationRepositoryProvider","admin_route_guard_plus_server_authorization","detected","detected","detected","not_detected","detected","route_guard_detected","detected","detected","detected","detected","registered_internal_route","not_collected_by_design","Enter MORT; Sign in; MORT; A darker, cleaner local hustle app for teens, adults, guardians, and safety moderation.; Free safety tools stay free; Create account; Read teen safety; MORT cannot connect right now; Close and reopen the app, then try again. Contact MORT Support if the problem continues.; Connection required; MORT is paused safely; Marketplace and account actions are temporarily unavailable while safety or reliability work is completed.","no_direct_static_reference","no_direct_static_test_reference"
"flutter_android_authoritative","/admin/safety-pings","admin","Enter MORT","AdminQueueScreen","flutter_mort/lib/features/mort_screens.dart","missionPilotRepositoryProvider; authRepositoryProvider; profileRepositoryProvider; jobsRepositoryProvider; applicationsRepositoryProvider; uploadsRepositoryProvider; messagingRepositoryProvider; safetyRepositoryProvider; notificationsRepositoryProvider; adminRepositoryProvider; guardianRepositoryProvider; monetizationRepositoryProvider","admin_route_guard_plus_server_authorization","detected","detected","detected","not_detected","detected","route_guard_detected","detected","detected","detected","detected","registered_internal_route","not_collected_by_design","Enter MORT; Sign in; MORT; A darker, cleaner local hustle app for teens, adults, guardians, and safety moderation.; Free safety tools stay free; Create account; Read teen safety; MORT cannot connect right now; Close and reopen the app, then try again. Contact MORT Support if the problem continues.; Connection required; MORT is paused safely; Marketplace and account actions are temporarily unavailable while safety or reliability work is completed.","flutter_mort/test/notification_destination_test.dart","requires_physical_android_accessibility_offline_and_process_death_validation"
"flutter_android_authoritative","/admin/sexual-safety","admin","Enter MORT","AdminQueueScreen","flutter_mort/lib/features/mort_screens.dart","missionPilotRepositoryProvider; authRepositoryProvider; profileRepositoryProvider; jobsRepositoryProvider; applicationsRepositoryProvider; uploadsRepositoryProvider; messagingRepositoryProvider; safetyRepositoryProvider; notificationsRepositoryProvider; adminRepositoryProvider; guardianRepositoryProvider; monetizationRepositoryProvider","admin_route_guard_plus_server_authorization","detected","detected","detected","not_detected","detected","route_guard_detected","detected","detected","detected","detected","registered_internal_route","not_collected_by_design","Enter MORT; Sign in; MORT; A darker, cleaner local hustle app for teens, adults, guardians, and safety moderation.; Free safety tools stay free; Create account; Read teen safety; MORT cannot connect right now; Close and reopen the app, then try again. Contact MORT Support if the problem continues.; Connection required; MORT is paused safely; Marketplace and account actions are temporarily unavailable while safety or reliability work is completed.","no_direct_static_reference","no_direct_static_test_reference"
"flutter_android_authoritative","/admin/support","admin","MORT Support","AdminSupportQueueScreen","flutter_mort/lib/features/support/support_screens.dart","authRepositoryProvider; supportRepositoryProvider","admin_route_guard_plus_server_authorization","detected","detected","detected","detected","detected","route_guard_detected","detected","not_detected","detected","detected","registered_internal_route","not_collected_by_design","MORT Support; Approved self-service help and private human-reviewed support cases.; Ask MORT Guide; Safety Center; Email fallback; Sign in for private support; Sign in; Start a support conversation; Your support history; Loading support cases...; Support history unavailable; Retry","no_direct_static_reference","no_direct_static_test_reference"
"flutter_android_authoritative","/admin/support/ticket/:ticketId","admin","MORT Support","AdminSupportTicketScreen","flutter_mort/lib/features/support/support_screens.dart","authRepositoryProvider; supportRepositoryProvider","admin_route_guard_plus_server_authorization","detected","detected","detected","detected","detected","route_guard_detected","detected","not_detected","detected","detected","registered_parameterized_or_callback_route","not_collected_by_design","MORT Support; Approved self-service help and private human-reviewed support cases.; Ask MORT Guide; Safety Center; Email fallback; Sign in for private support; Sign in; Start a support conversation; Your support history; Loading support cases...; Support history unavailable; Retry","no_direct_static_reference","no_direct_static_test_reference"
"flutter_android_authoritative","/admin/teen-alternatives","admin","Enter MORT","AdminQueueScreen","flutter_mort/lib/features/mort_screens.dart","missionPilotRepositoryProvider; authRepositoryProvider; profileRepositoryProvider; jobsRepositoryProvider; applicationsRepositoryProvider; uploadsRepositoryProvider; messagingRepositoryProvider; safetyRepositoryProvider; notificationsRepositoryProvider; adminRepositoryProvider; guardianRepositoryProvider; monetizationRepositoryProvider","admin_route_guard_plus_server_authorization","detected","detected","detected","not_detected","detected","route_guard_detected","detected","detected","detected","detected","registered_internal_route","not_collected_by_design","Enter MORT; Sign in; MORT; A darker, cleaner local hustle app for teens, adults, guardians, and safety moderation.; Free safety tools stay free; Create account; Read teen safety; MORT cannot connect right now; Close and reopen the app, then try again. Contact MORT Support if the problem continues.; Connection required; MORT is paused safely; Marketplace and account actions are temporarily unavailable while safety or reliability work is completed.","no_direct_static_reference","no_direct_static_test_reference"
"flutter_android_authoritative","/admin/teen-school-id","admin","Enter MORT","AdminQueueScreen","flutter_mort/lib/features/mort_screens.dart","missionPilotRepositoryProvider; authRepositoryProvider; profileRepositoryProvider; jobsRepositoryProvider; applicationsRepositoryProvider; uploadsRepositoryProvider; messagingRepositoryProvider; safetyRepositoryProvider; notificationsRepositoryProvider; adminRepositoryProvider; guardianRepositoryProvider; monetizationRepositoryProvider","admin_route_guard_plus_server_authorization","detected","detected","detected","not_detected","detected","route_guard_detected","detected","detected","detected","detected","registered_internal_route","not_collected_by_design","Enter MORT; Sign in; MORT; A darker, cleaner local hustle app for teens, adults, guardians, and safety moderation.; Free safety tools stay free; Create account; Read teen safety; MORT cannot connect right now; Close and reopen the app, then try again. Contact MORT Support if the problem continues.; Connection required; MORT is paused safely; Marketplace and account actions are temporarily unavailable while safety or reliability work is completed.","no_direct_static_reference","no_direct_static_test_reference"
"flutter_android_authoritative","/admin/threats-violence","admin","Enter MORT","AdminQueueScreen","flutter_mort/lib/features/mort_screens.dart","missionPilotRepositoryProvider; authRepositoryProvider; profileRepositoryProvider; jobsRepositoryProvider; applicationsRepositoryProvider; uploadsRepositoryProvider; messagingRepositoryProvider; safetyRepositoryProvider; notificationsRepositoryProvider; adminRepositoryProvider; guardianRepositoryProvider; monetizationRepositoryProvider","admin_route_guard_plus_server_authorization","detected","detected","detected","not_detected","detected","route_guard_detected","detected","detected","detected","detected","registered_internal_route","not_collected_by_design","Enter MORT; Sign in; MORT; A darker, cleaner local hustle app for teens, adults, guardians, and safety moderation.; Free safety tools stay free; Create account; Read teen safety; MORT cannot connect right now; Close and reopen the app, then try again. Contact MORT Support if the problem continues.; Connection required; MORT is paused safely; Marketplace and account actions are temporarily unavailable while safety or reliability work is completed.","no_direct_static_reference","no_direct_static_test_reference"
"flutter_android_authoritative","/admin/users","admin","Enter MORT","AdminQueueScreen","flutter_mort/lib/features/mort_screens.dart","missionPilotRepositoryProvider; authRepositoryProvider; profileRepositoryProvider; jobsRepositoryProvider; applicationsRepositoryProvider; uploadsRepositoryProvider; messagingRepositoryProvider; safetyRepositoryProvider; notificationsRepositoryProvider; adminRepositoryProvider; guardianRepositoryProvider; monetizationRepositoryProvider","admin_route_guard_plus_server_authorization","detected","detected","detected","not_detected","detected","route_guard_detected","detected","detected","detected","detected","registered_internal_route","not_collected_by_design","Enter MORT; Sign in; MORT; A darker, cleaner local hustle app for teens, adults, guardians, and safety moderation.; Free safety tools stay free; Create account; Read teen safety; MORT cannot connect right now; Close and reopen the app, then try again. Contact MORT Support if the problem continues.; Connection required; MORT is paused safely; Marketplace and account actions are temporarily unavailable while safety or reliability work is completed.","flutter_mort/test/notification_destination_test.dart; flutter_mort/test/safe_uri_test.dart","requires_physical_android_accessibility_offline_and_process_death_validation"
"flutter_android_authoritative","/admin/verification-appeals","admin","Enter MORT","AdminQueueScreen","flutter_mort/lib/features/mort_screens.dart","missionPilotRepositoryProvider; authRepositoryProvider; profileRepositoryProvider; jobsRepositoryProvider; applicationsRepositoryProvider; uploadsRepositoryProvider; messagingRepositoryProvider; safetyRepositoryProvider; notificationsRepositoryProvider; adminRepositoryProvider; guardianRepositoryProvider; monetizationRepositoryProvider","admin_route_guard_plus_server_authorization","detected","detected","detected","not_detected","detected","route_guard_detected","detected","detected","detected","detected","registered_internal_route","not_collected_by_design","Enter MORT; Sign in; MORT; A darker, cleaner local hustle app for teens, adults, guardians, and safety moderation.; Free safety tools stay free; Create account; Read teen safety; MORT cannot connect right now; Close and reopen the app, then try again. Contact MORT Support if the problem continues.; Connection required; MORT is paused safely; Marketplace and account actions are temporarily unavailable while safety or reliability work is completed.","no_direct_static_reference","no_direct_static_test_reference"
"flutter_android_authoritative","/admin/verifications","admin","Enter MORT","AdminQueueScreen","flutter_mort/lib/features/mort_screens.dart","missionPilotRepositoryProvider; authRepositoryProvider; profileRepositoryProvider; jobsRepositoryProvider; applicationsRepositoryProvider; uploadsRepositoryProvider; messagingRepositoryProvider; safetyRepositoryProvider; notificationsRepositoryProvider; adminRepositoryProvider; guardianRepositoryProvider; monetizationRepositoryProvider","admin_route_guard_plus_server_authorization","detected","detected","detected","not_detected","detected","route_guard_detected","detected","detected","detected","detected","registered_internal_route","not_collected_by_design","Enter MORT; Sign in; MORT; A darker, cleaner local hustle app for teens, adults, guardians, and safety moderation.; Free safety tools stay free; Create account; Read teen safety; MORT cannot connect right now; Close and reopen the app, then try again. Contact MORT Support if the problem continues.; Connection required; MORT is paused safely; Marketplace and account actions are temporarily unavailable while safety or reliability work is completed.","no_direct_static_reference","no_direct_static_test_reference"
"flutter_android_authoritative","/admin/verifications/:id","admin","Server authorization is checked for every load and action. Raw identity files and private storage paths are not returned here.","AdminModerationDetailScreen","flutter_mort/lib/features/admin/admin_moderation_detail_screen.dart","adminRepositoryProvider","admin_route_guard_plus_server_authorization","detected","detected","detected","not_detected","not_detected","route_guard_detected","detected","not_detected","detected","detected","registered_parameterized_or_callback_route","not_collected_by_design","Server authorization is checked for every load and action. Raw identity files and private storage paths are not returned here.; Record unavailable; Retry; No record returned; ${_label(entry.key)}: ${entry.value}; Begin review; Resolve; Dismiss; Suspend target account; Restore target account","flutter_mort/test/mort_0_9_4_admin_moderation_contract_test.dart","requires_physical_android_accessibility_offline_and_process_death_validation"
"flutter_android_authoritative","/adult/analytics","adult","Open the _pilotUnavailable product surface","_pilotUnavailable","flutter_mort/lib/core/routing/app_router.dart","authRepositoryProvider","adult_route_guard_plus_server_authorization","detected","not_detected","not_detected","not_detected","not_detected","route_guard_detected","detected","detected","detected","not_detected","registered_internal_route","not_collected_by_design","","no_direct_static_reference","no_direct_static_test_reference"
"flutter_android_authoritative","/adult/applicants","adult","Applicants","ApplicationListScreen","flutter_mort/lib/features/jobs/application_screens.dart","applicationsRepositoryProvider","adult_route_guard_plus_server_authorization","detected","detected","detected","not_detected","not_detected","route_guard_detected","detected","not_detected","detected","detected","registered_internal_route","not_collected_by_design","Applicants; View, accept, decline, and complete applications through protected job actions.; Approval requests; Only linked-teen applications for jobs that requested approval appear here.; Applications; Track real submission, review, assignment, work, proof, and completion states.; Applications unavailable; Retry; Nothing here yet; Availability confirmed; Approve for poster review; Decline","flutter_mort/test/notification_destination_test.dart","requires_physical_android_accessibility_offline_and_process_death_validation"
"flutter_android_authoritative","/adult/applicants/:applicationId","adult","Applicants","ApplicationListScreen","flutter_mort/lib/features/jobs/application_screens.dart","applicationsRepositoryProvider","adult_route_guard_plus_server_authorization","detected","detected","detected","not_detected","not_detected","route_guard_detected","detected","not_detected","detected","detected","registered_parameterized_or_callback_route","not_collected_by_design","Applicants; View, accept, decline, and complete applications through protected job actions.; Approval requests; Only linked-teen applications for jobs that requested approval appear here.; Applications; Track real submission, review, assignment, work, proof, and completion states.; Applications unavailable; Retry; Nothing here yet; Availability confirmed; Approve for poster review; Decline","no_direct_static_reference","no_direct_static_test_reference"
"flutter_android_authoritative","/adult/business","adult","Open the _pilotUnavailable product surface","_pilotUnavailable","flutter_mort/lib/core/routing/app_router.dart","authRepositoryProvider","adult_route_guard_plus_server_authorization","detected","not_detected","not_detected","not_detected","not_detected","route_guard_detected","detected","detected","detected","not_detected","registered_internal_route","not_collected_by_design","","no_direct_static_reference","no_direct_static_test_reference"
"flutter_android_authoritative","/adult/business-verification","adult","Enter MORT","VerificationScreen","flutter_mort/lib/features/mort_screens.dart","missionPilotRepositoryProvider; authRepositoryProvider; profileRepositoryProvider; jobsRepositoryProvider; applicationsRepositoryProvider; uploadsRepositoryProvider; messagingRepositoryProvider; safetyRepositoryProvider; notificationsRepositoryProvider; adminRepositoryProvider; guardianRepositoryProvider; monetizationRepositoryProvider","adult_route_guard_plus_server_authorization","detected","detected","detected","not_detected","detected","route_guard_detected","detected","detected","detected","detected","registered_internal_route","not_collected_by_design","Enter MORT; Sign in; MORT; A darker, cleaner local hustle app for teens, adults, guardians, and safety moderation.; Free safety tools stay free; Create account; Read teen safety; MORT cannot connect right now; Close and reopen the app, then try again. Contact MORT Support if the problem continues.; Connection required; MORT is paused safely; Marketplace and account actions are temporarily unavailable while safety or reliability work is completed.","no_direct_static_reference","no_direct_static_test_reference"
"flutter_android_authoritative","/adult/home","adult","Enter MORT","RoleHomeScreen","flutter_mort/lib/features/mort_screens.dart","missionPilotRepositoryProvider; authRepositoryProvider; profileRepositoryProvider; jobsRepositoryProvider; applicationsRepositoryProvider; uploadsRepositoryProvider; messagingRepositoryProvider; safetyRepositoryProvider; notificationsRepositoryProvider; adminRepositoryProvider; guardianRepositoryProvider; monetizationRepositoryProvider","adult_route_guard_plus_server_authorization","detected","detected","detected","not_detected","detected","route_guard_detected","detected","detected","detected","detected","registered_internal_route","not_collected_by_design","Enter MORT; Sign in; MORT; A darker, cleaner local hustle app for teens, adults, guardians, and safety moderation.; Free safety tools stay free; Create account; Read teen safety; MORT cannot connect right now; Close and reopen the app, then try again. Contact MORT Support if the problem continues.; Connection required; MORT is paused safely; Marketplace and account actions are temporarily unavailable while safety or reliability work is completed.","no_direct_static_reference","no_direct_static_test_reference"
"flutter_android_authoritative","/adult/jobs","adult","Loading job draft","AdultJobsScreen","flutter_mort/lib/features/jobs/job_screens.dart","jobsRepositoryProvider","adult_route_guard_plus_server_authorization","detected","detected","detected","not_detected","detected","route_guard_detected","detected","not_detected","detected","detected","registered_internal_route","not_collected_by_design","Loading job draft; Back; Create a job listing. Exact addresses and private contact details do not belong in public fields.; Save as draft; Title; Category; Short summary; Detailed description; Estimated duration (minutes); Workers needed; Experience level; Skills needed","flutter_mort/test/safe_uri_test.dart","requires_physical_android_accessibility_offline_and_process_death_validation"
"flutter_android_authoritative","/adult/jobs/:id","adult","Loading job draft","AdultJobManagementScreen","flutter_mort/lib/features/jobs/job_screens.dart","jobsRepositoryProvider","adult_route_guard_plus_server_authorization","detected","detected","detected","not_detected","detected","route_guard_detected","detected","not_detected","detected","detected","registered_parameterized_or_callback_route","not_collected_by_design","Loading job draft; Back; Create a job listing. Exact addresses and private contact details do not belong in public fields.; Save as draft; Title; Category; Short summary; Detailed description; Estimated duration (minutes); Workers needed; Experience level; Skills needed","no_direct_static_reference","no_direct_static_test_reference"
"flutter_android_authoritative","/adult/jobs/:id/edit","adult","Loading job draft","JobCreationScreen","flutter_mort/lib/features/jobs/job_screens.dart","jobsRepositoryProvider","adult_route_guard_plus_server_authorization","detected","detected","detected","not_detected","detected","route_guard_detected","detected","not_detected","detected","detected","registered_parameterized_or_callback_route","not_collected_by_design","Loading job draft; Back; Create a job listing. Exact addresses and private contact details do not belong in public fields.; Save as draft; Title; Category; Short summary; Detailed description; Estimated duration (minutes); Workers needed; Experience level; Skills needed","no_direct_static_reference","no_direct_static_test_reference"
"flutter_android_authoritative","/adult/post-job","adult","Loading job draft","JobCreationScreen","flutter_mort/lib/features/jobs/job_screens.dart","jobsRepositoryProvider","adult_route_guard_plus_server_authorization","detected","detected","detected","not_detected","detected","route_guard_detected","detected","not_detected","detected","detected","registered_internal_route","not_collected_by_design","Loading job draft; Back; Create a job listing. Exact addresses and private contact details do not belong in public fields.; Save as draft; Title; Category; Short summary; Detailed description; Estimated duration (minutes); Workers needed; Experience level; Skills needed","no_direct_static_reference","no_direct_static_test_reference"
"flutter_android_authoritative","/adult/profile","adult","Enter MORT","ProfileSetupScreen","flutter_mort/lib/features/mort_screens.dart","missionPilotRepositoryProvider; authRepositoryProvider; profileRepositoryProvider; jobsRepositoryProvider; applicationsRepositoryProvider; uploadsRepositoryProvider; messagingRepositoryProvider; safetyRepositoryProvider; notificationsRepositoryProvider; adminRepositoryProvider; guardianRepositoryProvider; monetizationRepositoryProvider","adult_route_guard_plus_server_authorization","detected","detected","detected","not_detected","detected","route_guard_detected","detected","detected","detected","detected","registered_internal_route","not_collected_by_design","Enter MORT; Sign in; MORT; A darker, cleaner local hustle app for teens, adults, guardians, and safety moderation.; Free safety tools stay free; Create account; Read teen safety; MORT cannot connect right now; Close and reopen the app, then try again. Contact MORT Support if the problem continues.; Connection required; MORT is paused safely; Marketplace and account actions are temporarily unavailable while safety or reliability work is completed.","flutter_mort/test/profile_persistence_contract_test.dart","requires_physical_android_accessibility_offline_and_process_death_validation"
"flutter_android_authoritative","/adult/proof-review/:applicationId","adult","Mark this job complete?","ProofReviewScreen","flutter_mort/lib/features/jobs/proof_review_screen.dart","applicationsRepositoryProvider; uploadsRepositoryProvider","adult_route_guard_plus_server_authorization","detected","detected","detected","detected","not_detected","route_guard_detected","detected","not_detected","detected","detected","registered_parameterized_or_callback_route","not_collected_by_design","Mark this job complete?; Review completion proof; Approve the current proof or explain what needs to be resubmitted. Proof access remains limited to authorized participants.; Proof unavailable; Retry; No proof submitted; Private image unavailable; Private completion proof image; Image could not load; Review note; Approve proof; Request new proof","no_direct_static_reference","no_direct_static_test_reference"
"flutter_android_authoritative","/adult/verification","adult","Loading verification status","IdentityVerificationScreen","flutter_mort/lib/features/safety/trust_safety_screens.dart","trustSafetyRepositoryProvider","adult_route_guard_plus_server_authorization","detected","detected","detected","not_detected","detected","route_guard_detected","detected","detected","detected","detected","registered_internal_route","not_collected_by_design","Loading verification status; Identity verification; Public marketplace participation stays closed until secure production verification is available. Guardian Mode remains optional.; Verification unavailable; Verification is not a safety guarantee; Identity verification is not accepting public submissions yet.; Sandbox restricted; TEST MODE; Start simulated verification; Production provider unavailable; Provider session required; Request another review","no_direct_static_reference","no_direct_static_test_reference"
"flutter_android_authoritative","/applications/:applicationId/safety","authenticated_or_public","Loading verification status","JobSafetyWorkspaceScreen","flutter_mort/lib/features/safety/trust_safety_screens.dart","trustSafetyRepositoryProvider","authenticated_or_public_route_guard_plus_server_authorization","detected","detected","detected","not_detected","detected","route_guard_detected","detected","detected","detected","detected","registered_parameterized_or_callback_route","not_collected_by_design","Loading verification status; Identity verification; Public marketplace participation stays closed until secure production verification is available. Guardian Mode remains optional.; Verification unavailable; Verification is not a safety guarantee; Identity verification is not accepting public submissions yet.; Sandbox restricted; TEST MODE; Start simulated verification; Production provider unavailable; Provider session required; Request another review","no_direct_static_reference","no_direct_static_test_reference"
"flutter_android_authoritative","/auth-callback","authenticated_or_public","Continue with Google","OAuthCallbackScreen","flutter_mort/lib/features/auth/google_auth_screens.dart","authRepositoryProvider","public_route_with_server_authorization_for_mutations","detected","detected","detected","not_detected","detected","public_route","detected","not_detected","detected","detected","registered_parameterized_or_callback_route","not_collected_by_design","Continue with Google; Checking your MORT account...; Sign-in not completed; Back to sign in; Checking email confirmation...; Email not confirmed here; Continue to MORT; Sign in with new password; New password; Confirm new password; Update password; Verifying password reset link...","flutter_mort/test/google_auth_contract_test.dart; flutter_mort/test/oauth_flow_test.dart","requires_physical_android_accessibility_offline_and_process_death_validation"
"flutter_android_authoritative","/auth/confirm","authenticated_or_public","Continue with Google","EmailConfirmationCallbackScreen","flutter_mort/lib/features/auth/google_auth_screens.dart","authRepositoryProvider","public_route_with_server_authorization_for_mutations","detected","detected","detected","not_detected","detected","public_route","detected","not_detected","detected","detected","registered_internal_route","not_collected_by_design","Continue with Google; Checking your MORT account...; Sign-in not completed; Back to sign in; Checking email confirmation...; Email not confirmed here; Continue to MORT; Sign in with new password; New password; Confirm new password; Update password; Verifying password reset link...","no_direct_static_reference","no_direct_static_test_reference"
"flutter_android_authoritative","/auth/forgot-password","authenticated_or_public","Enter MORT","ForgotPasswordScreen","flutter_mort/lib/features/mort_screens.dart","missionPilotRepositoryProvider; authRepositoryProvider; profileRepositoryProvider; jobsRepositoryProvider; applicationsRepositoryProvider; uploadsRepositoryProvider; messagingRepositoryProvider; safetyRepositoryProvider; notificationsRepositoryProvider; adminRepositoryProvider; guardianRepositoryProvider; monetizationRepositoryProvider","public_route_with_server_authorization_for_mutations","detected","detected","detected","not_detected","detected","public_route","detected","detected","detected","detected","registered_internal_route","not_collected_by_design","Enter MORT; Sign in; MORT; A darker, cleaner local hustle app for teens, adults, guardians, and safety moderation.; Free safety tools stay free; Create account; Read teen safety; MORT cannot connect right now; Close and reopen the app, then try again. Contact MORT Support if the problem continues.; Connection required; MORT is paused safely; Marketplace and account actions are temporarily unavailable while safety or reliability work is completed.","no_direct_static_reference","no_direct_static_test_reference"
"flutter_android_authoritative","/auth/recovery","authenticated_or_public","Continue with Google","PasswordRecoveryCallbackScreen","flutter_mort/lib/features/auth/google_auth_screens.dart","authRepositoryProvider","public_route_with_server_authorization_for_mutations","detected","detected","detected","not_detected","detected","public_route","detected","not_detected","detected","detected","registered_internal_route","not_collected_by_design","Continue with Google; Checking your MORT account...; Sign-in not completed; Back to sign in; Checking email confirmation...; Email not confirmed here; Continue to MORT; Sign in with new password; New password; Confirm new password; Update password; Verifying password reset link...","no_direct_static_reference","no_direct_static_test_reference"
"flutter_android_authoritative","/auth/sign-in","authenticated_or_public","Enter MORT","SignInScreen","flutter_mort/lib/features/mort_screens.dart","missionPilotRepositoryProvider; authRepositoryProvider; profileRepositoryProvider; jobsRepositoryProvider; applicationsRepositoryProvider; uploadsRepositoryProvider; messagingRepositoryProvider; safetyRepositoryProvider; notificationsRepositoryProvider; adminRepositoryProvider; guardianRepositoryProvider; monetizationRepositoryProvider","public_route_with_server_authorization_for_mutations","detected","detected","detected","not_detected","detected","public_route","detected","detected","detected","detected","registered_internal_route","not_collected_by_design","Enter MORT; Sign in; MORT; A darker, cleaner local hustle app for teens, adults, guardians, and safety moderation.; Free safety tools stay free; Create account; Read teen safety; MORT cannot connect right now; Close and reopen the app, then try again. Contact MORT Support if the problem continues.; Connection required; MORT is paused safely; Marketplace and account actions are temporarily unavailable while safety or reliability work is completed.","no_direct_static_reference","no_direct_static_test_reference"
"flutter_android_authoritative","/auth/sign-up","authenticated_or_public","Enter MORT","SignUpScreen","flutter_mort/lib/features/mort_screens.dart","missionPilotRepositoryProvider; authRepositoryProvider; profileRepositoryProvider; jobsRepositoryProvider; applicationsRepositoryProvider; uploadsRepositoryProvider; messagingRepositoryProvider; safetyRepositoryProvider; notificationsRepositoryProvider; adminRepositoryProvider; guardianRepositoryProvider; monetizationRepositoryProvider","public_route_with_server_authorization_for_mutations","detected","detected","detected","not_detected","detected","public_route","detected","detected","detected","detected","registered_internal_route","not_collected_by_design","Enter MORT; Sign in; MORT; A darker, cleaner local hustle app for teens, adults, guardians, and safety moderation.; Free safety tools stay free; Create account; Read teen safety; MORT cannot connect right now; Close and reopen the app, then try again. Contact MORT Support if the problem continues.; Connection required; MORT is paused safely; Marketplace and account actions are temporarily unavailable while safety or reliability work is completed.","no_direct_static_reference","no_direct_static_test_reference"
"flutter_android_authoritative","/block/user/:id","authenticated_or_public","Enter MORT","BlockUserScreen","flutter_mort/lib/features/mort_screens.dart","missionPilotRepositoryProvider; authRepositoryProvider; profileRepositoryProvider; jobsRepositoryProvider; applicationsRepositoryProvider; uploadsRepositoryProvider; messagingRepositoryProvider; safetyRepositoryProvider; notificationsRepositoryProvider; adminRepositoryProvider; guardianRepositoryProvider; monetizationRepositoryProvider","authenticated_or_public_route_guard_plus_server_authorization","detected","detected","detected","not_detected","detected","route_guard_detected","detected","detected","detected","detected","registered_parameterized_or_callback_route","not_collected_by_design","Enter MORT; Sign in; MORT; A darker, cleaner local hustle app for teens, adults, guardians, and safety moderation.; Free safety tools stay free; Create account; Read teen safety; MORT cannot connect right now; Close and reopen the app, then try again. Contact MORT Support if the problem continues.; Connection required; MORT is paused safely; Marketplace and account actions are temporarily unavailable while safety or reliability work is completed.","no_direct_static_reference","no_direct_static_test_reference"
"flutter_android_authoritative","/contracts","authenticated_or_public","Exact work, pay, and safety terms","JobContractsScreen","flutter_mort/lib/features/legal/contract_payment_screens.dart","legalContractRepositoryProvider","authenticated_or_public_route_guard_plus_server_authorization","detected","detected","detected","not_detected","detected","route_guard_detected","detected","detected","detected","detected","registered_internal_route","not_collected_by_design","Exact work, pay, and safety terms; MORT creates a fixed agreement after an application is accepted. Material changes require both parties.; Agreements unavailable; No job agreements yet; Job contract review; One party cannot silently change pay, scope, hours, location, hazards, expenses, or payment timing.; Agreement unavailable; No agreement version; Parties and scope; Time, place, and payment; Safety and changes; Confirmation sentence","no_direct_static_reference","no_direct_static_test_reference"
"flutter_android_authoritative","/contracts/:contractId","authenticated_or_public","Exact work, pay, and safety terms","JobContractScreen","flutter_mort/lib/features/legal/contract_payment_screens.dart","legalContractRepositoryProvider","authenticated_or_public_route_guard_plus_server_authorization","detected","detected","detected","not_detected","detected","route_guard_detected","detected","detected","detected","detected","registered_parameterized_or_callback_route","not_collected_by_design","Exact work, pay, and safety terms; MORT creates a fixed agreement after an application is accepted. Material changes require both parties.; Agreements unavailable; No job agreements yet; Job contract review; One party cannot silently change pay, scope, hours, location, hazards, expenses, or payment timing.; Agreement unavailable; No agreement version; Parties and scope; Time, place, and payment; Safety and changes; Confirmation sentence","no_direct_static_reference","no_direct_static_test_reference"
"flutter_android_authoritative","/contracts/:contractId/change","authenticated_or_public","Exact work, pay, and safety terms","ContractChangeScreen","flutter_mort/lib/features/legal/contract_payment_screens.dart","legalContractRepositoryProvider","authenticated_or_public_route_guard_plus_server_authorization","detected","detected","detected","not_detected","detected","route_guard_detected","detected","detected","detected","detected","registered_parameterized_or_callback_route","not_collected_by_design","Exact work, pay, and safety terms; MORT creates a fixed agreement after an application is accepted. Material changes require both parties.; Agreements unavailable; No job agreements yet; Job contract review; One party cannot silently change pay, scope, hours, location, hazards, expenses, or payment timing.; Agreement unavailable; No agreement version; Parties and scope; Time, place, and payment; Safety and changes; Confirmation sentence","no_direct_static_reference","no_direct_static_test_reference"
"flutter_android_authoritative","/contracts/:contractId/fund","adult","Stripe payout setup","StripeJobFundingScreen","flutter_mort/lib/features/payments/stripe_marketplace_screens.dart","stripeMarketplaceRepositoryProvider","adult_route_guard_plus_server_authorization","detected","detected","not_detected","not_detected","not_detected","route_guard_detected","detected","not_detected","detected","detected","registered_parameterized_or_callback_route","not_collected_by_design","Stripe payout setup; Stripe-hosted onboarding handles payout details and any provider-required guardian steps. MORT does not collect bank credentials or Stripe identity documents.; Payout status unavailable; Open Stripe-hosted onboarding; Refresh payout status; Review job funding; Stripe processes the charge. The accepted MORT contract controls the amount; the phone cannot change it.; Funding preview unavailable; Agreed job earnings; MORT service fee; Total adult charge; Expected teen transfer","no_direct_static_reference","no_direct_static_test_reference"
"flutter_android_authoritative","/contracts/:contractId/payment","authenticated_or_public","Exact work, pay, and safety terms","PaymentStatusScreen","flutter_mort/lib/features/legal/contract_payment_screens.dart","legalContractRepositoryProvider","authenticated_or_public_route_guard_plus_server_authorization","detected","detected","detected","not_detected","detected","route_guard_detected","detected","detected","detected","detected","registered_parameterized_or_callback_route","not_collected_by_design","Exact work, pay, and safety terms; MORT creates a fixed agreement after an application is accepted. Material changes require both parties.; Agreements unavailable; No job agreements yet; Job contract review; One party cannot silently change pay, scope, hours, location, hazards, expenses, or payment timing.; Agreement unavailable; No agreement version; Parties and scope; Time, place, and payment; Safety and changes; Confirmation sentence","no_direct_static_reference","no_direct_static_test_reference"
"flutter_android_authoritative","/disputes/:disputeId","authenticated_or_public","Exact work, pay, and safety terms","PaymentDisputeScreen","flutter_mort/lib/features/legal/contract_payment_screens.dart","legalContractRepositoryProvider","authenticated_or_public_route_guard_plus_server_authorization","detected","detected","detected","not_detected","detected","route_guard_detected","detected","detected","detected","detected","registered_parameterized_or_callback_route","not_collected_by_design","Exact work, pay, and safety terms; MORT creates a fixed agreement after an application is accepted. Material changes require both parties.; Agreements unavailable; No job agreements yet; Job contract review; One party cannot silently change pay, scope, hours, location, hazards, expenses, or payment timing.; Agreement unavailable; No agreement version; Parties and scope; Time, place, and payment; Safety and changes; Confirmation sentence","no_direct_static_reference","no_direct_static_test_reference"
"flutter_android_authoritative","/disputes/:disputeId/export","authenticated_or_public","Exact work, pay, and safety terms","EvidenceExportScreen","flutter_mort/lib/features/legal/contract_payment_screens.dart","legalContractRepositoryProvider","authenticated_or_public_route_guard_plus_server_authorization","detected","detected","detected","not_detected","detected","route_guard_detected","detected","detected","detected","detected","registered_parameterized_or_callback_route","not_collected_by_design","Exact work, pay, and safety terms; MORT creates a fixed agreement after an application is accepted. Material changes require both parties.; Agreements unavailable; No job agreements yet; Job contract review; One party cannot silently change pay, scope, hours, location, hazards, expenses, or payment timing.; Agreement unavailable; No agreement version; Parties and scope; Time, place, and payment; Safety and changes; Confirmation sentence","no_direct_static_reference","no_direct_static_test_reference"
"flutter_android_authoritative","/guardian/activity","guardian","Your MORT activity","ActivityHistoryScreen","flutter_mort/lib/features/profile/activity_history_screen.dart","applicationsRepositoryProvider; jobsRepositoryProvider; guardianRepositoryProvider; reviewsRepositoryProvider; safetyRepositoryProvider","guardian_route_guard_plus_server_authorization","detected","detected","detected","not_detected","not_detected","route_guard_detected","detected","not_detected","not_detected","not_detected","registered_internal_route","not_collected_by_design","Your MORT activity; This view shows only activity available to your account. Admin records and other users\; Applications and work; Posted jobs; Guardian links; Approved reviews received; Safety reports you submitted; $title unavailable","no_direct_static_reference","no_direct_static_test_reference"
"flutter_android_authoritative","/guardian/approvals","guardian","Applicants","ApplicationListScreen","flutter_mort/lib/features/jobs/application_screens.dart","applicationsRepositoryProvider","guardian_route_guard_plus_server_authorization","detected","detected","detected","not_detected","not_detected","route_guard_detected","detected","not_detected","detected","detected","registered_internal_route","not_collected_by_design","Applicants; View, accept, decline, and complete applications through protected job actions.; Approval requests; Only linked-teen applications for jobs that requested approval appear here.; Applications; Track real submission, review, assignment, work, proof, and completion states.; Applications unavailable; Retry; Nothing here yet; Availability confirmed; Approve for poster review; Decline","no_direct_static_reference","no_direct_static_test_reference"
"flutter_android_authoritative","/guardian/approvals/:applicationId","guardian","Applicants","ApplicationListScreen","flutter_mort/lib/features/jobs/application_screens.dart","applicationsRepositoryProvider","guardian_route_guard_plus_server_authorization","detected","detected","detected","not_detected","not_detected","route_guard_detected","detected","not_detected","detected","detected","registered_parameterized_or_callback_route","not_collected_by_design","Applicants; View, accept, decline, and complete applications through protected job actions.; Approval requests; Only linked-teen applications for jobs that requested approval appear here.; Applications; Track real submission, review, assignment, work, proof, and completion states.; Applications unavailable; Retry; Nothing here yet; Availability confirmed; Approve for poster review; Decline","no_direct_static_reference","no_direct_static_test_reference"
"flutter_android_authoritative","/guardian/emergency-contacts","guardian","Open the _pilotUnavailable product surface","_pilotUnavailable","flutter_mort/lib/core/routing/app_router.dart","authRepositoryProvider","guardian_route_guard_plus_server_authorization","detected","not_detected","not_detected","not_detected","not_detected","route_guard_detected","detected","detected","detected","not_detected","registered_internal_route","not_collected_by_design","","no_direct_static_reference","no_direct_static_test_reference"
"flutter_android_authoritative","/guardian/home","guardian","Enter MORT","RoleHomeScreen","flutter_mort/lib/features/mort_screens.dart","missionPilotRepositoryProvider; authRepositoryProvider; profileRepositoryProvider; jobsRepositoryProvider; applicationsRepositoryProvider; uploadsRepositoryProvider; messagingRepositoryProvider; safetyRepositoryProvider; notificationsRepositoryProvider; adminRepositoryProvider; guardianRepositoryProvider; monetizationRepositoryProvider","guardian_route_guard_plus_server_authorization","detected","detected","detected","not_detected","detected","route_guard_detected","detected","detected","detected","detected","registered_internal_route","not_collected_by_design","Enter MORT; Sign in; MORT; A darker, cleaner local hustle app for teens, adults, guardians, and safety moderation.; Free safety tools stay free; Create account; Read teen safety; MORT cannot connect right now; Close and reopen the app, then try again. Contact MORT Support if the problem continues.; Connection required; MORT is paused safely; Marketplace and account actions are temporarily unavailable while safety or reliability work is completed.","no_direct_static_reference","no_direct_static_test_reference"
"flutter_android_authoritative","/guardian/linked-teens","guardian","Guardian setup is optional","GuardianModeScreen","flutter_mort/lib/features/guardian/guardian_mode_screens.dart","guardianRepositoryProvider","guardian_route_guard_plus_server_authorization","detected","detected","detected","not_detected","detected","route_guard_detected","detected","not_detected","detected","detected","registered_internal_route","not_collected_by_design","Guardian setup is optional; Guardian linking is designed for teen accounts. You can manage your own Guardian Mode connections later in Settings.; Continue to safety; Add a guardian? Optional.; Guardian Mode can share selected safety alerts and check-ins with someone you trust. You can skip this and set it up later.; Guardian email (optional); Link a guardian now; Send an invite; Use an invite code; Continue; Skip for now; Unlink this guardian?","no_direct_static_reference","no_direct_static_test_reference"
"flutter_android_authoritative","/guardian/permissions","guardian","Guardian setup is optional","GuardianModeScreen","flutter_mort/lib/features/guardian/guardian_mode_screens.dart","guardianRepositoryProvider","guardian_route_guard_plus_server_authorization","detected","detected","detected","not_detected","detected","route_guard_detected","detected","not_detected","detected","detected","registered_internal_route","not_collected_by_design","Guardian setup is optional; Guardian linking is designed for teen accounts. You can manage your own Guardian Mode connections later in Settings.; Continue to safety; Add a guardian? Optional.; Guardian Mode can share selected safety alerts and check-ins with someone you trust. You can skip this and set it up later.; Guardian email (optional); Link a guardian now; Send an invite; Use an invite code; Continue; Skip for now; Unlink this guardian?","no_direct_static_reference","no_direct_static_test_reference"
"flutter_android_authoritative","/guardian/safety-pings","guardian","Safety pings","GuardianSafetyPingsScreen","flutter_mort/lib/features/guardian/guardian_safety_pings_screen.dart","safetyRepositoryProvider","guardian_route_guard_plus_server_authorization","detected","detected","detected","not_detected","not_detected","route_guard_detected","detected","not_detected","not_detected","detected","registered_internal_route","not_collected_by_design","Safety pings; Only pings from actively linked teens with Safety Ping sharing enabled are visible here.; Safety pings unavailable; Retry; No shared safety pings","flutter_mort/test/notification_destination_test.dart","requires_physical_android_accessibility_offline_and_process_death_validation"
"flutter_android_authoritative","/guide","authenticated_or_public","Ask MORT Guide","MortGuideView","flutter_mort/lib/features/guide/mort_guide_screens.dart","mortGuideRepositoryProvider","authenticated_or_public_route_guard_plus_server_authorization","detected","detected","detected","not_detected","not_detected","route_guard_detected","detected","not_detected","detected","detected","registered_internal_route","not_collected_by_design","Ask MORT Guide; Opening MORT Guide...; MORT Guide; Ask about MORT, jobs, applications, contracts, payments, reports, or account controls.; MORT Guide could not answer; Ask a MORT question; Send; Privacy; Human support; Open Safety Center; Manage history; MORT Guide history","flutter_mort/test/mort_guide_contract_test.dart; flutter_mort/test/safe_uri_test.dart","requires_physical_android_accessibility_offline_and_process_death_validation"
"flutter_android_authoritative","/guide/conversation/:conversationId","authenticated_or_public","Ask MORT Guide","MortGuideView","flutter_mort/lib/features/guide/mort_guide_screens.dart","mortGuideRepositoryProvider","authenticated_or_public_route_guard_plus_server_authorization","detected","detected","detected","not_detected","not_detected","route_guard_detected","detected","not_detected","detected","detected","registered_parameterized_or_callback_route","not_collected_by_design","Ask MORT Guide; Opening MORT Guide...; MORT Guide; Ask about MORT, jobs, applications, contracts, payments, reports, or account controls.; MORT Guide could not answer; Ask a MORT question; Send; Privacy; Human support; Open Safety Center; Manage history; MORT Guide history","flutter_mort/test/mort_guide_contract_test.dart","requires_physical_android_accessibility_offline_and_process_death_validation"
"flutter_android_authoritative","/guide/delete-history","authenticated_or_public","Ask MORT Guide","MortGuideDeleteHistoryView","flutter_mort/lib/features/guide/mort_guide_screens.dart","mortGuideRepositoryProvider","authenticated_or_public_route_guard_plus_server_authorization","detected","detected","detected","not_detected","not_detected","route_guard_detected","detected","not_detected","detected","detected","registered_internal_route","not_collected_by_design","Ask MORT Guide; Opening MORT Guide...; MORT Guide; Ask about MORT, jobs, applications, contracts, payments, reports, or account controls.; MORT Guide could not answer; Ask a MORT question; Send; Privacy; Human support; Open Safety Center; Manage history; MORT Guide history","flutter_mort/test/mort_guide_contract_test.dart","requires_physical_android_accessibility_offline_and_process_death_validation"
"flutter_android_authoritative","/guide/history","authenticated_or_public","Ask MORT Guide","MortGuideHistoryView","flutter_mort/lib/features/guide/mort_guide_screens.dart","mortGuideRepositoryProvider","authenticated_or_public_route_guard_plus_server_authorization","detected","detected","detected","not_detected","not_detected","route_guard_detected","detected","not_detected","detected","detected","registered_internal_route","not_collected_by_design","Ask MORT Guide; Opening MORT Guide...; MORT Guide; Ask about MORT, jobs, applications, contracts, payments, reports, or account controls.; MORT Guide could not answer; Ask a MORT question; Send; Privacy; Human support; Open Safety Center; Manage history; MORT Guide history","flutter_mort/test/mort_guide_contract_test.dart; flutter_mort/test/safe_uri_test.dart","requires_physical_android_accessibility_offline_and_process_death_validation"
"flutter_android_authoritative","/jobs/progress/:applicationId","authenticated_or_public","Report person mismatch?","JobProgressScreen","flutter_mort/lib/features/jobs/job_progress_screen.dart","jobExecutionRepositoryProvider","authenticated_or_public_route_guard_plus_server_authorization","detected","detected","detected","not_detected","detected","route_guard_detected","detected","not_detected","detected","detected","registered_parameterized_or_callback_route","not_collected_by_design","Report person mismatch?; Request job cancellation; Factual cancellation reason; Report possible abandonment; What happened?; Loading server job progress...; Job progress unavailable; Retry; Job progress; Agreement, funding, in-person handoff, completion review, and payment release stay separate.; Job tools; Messages","flutter_mort/test/job_progress_widget_test.dart","requires_physical_android_accessibility_offline_and_process_death_validation"
"flutter_android_authoritative","/legal-center","authenticated_or_public","Exact versions, affirmative choices","LegalCenterScreen","flutter_mort/lib/features/legal/legal_screens.dart","legalContractRepositoryProvider","authenticated_or_public_route_guard_plus_server_authorization","detected","detected","detected","not_detected","detected","route_guard_detected","detected","not_detected","detected","detected","registered_internal_route","not_collected_by_design","Exact versions, affirmative choices; Browsing MORT never creates acceptance. Only a published, effective, exact-hash version can be accepted.; Legal requirements unavailable; No approved clickwrap is published; Teen plain-language summary; Teen terms summary; This draft summary helps with understanding. It does not replace the full agreement or attorney review.; Acceptance is never inferred from opening, scrolling, or using MORT.; Exact version unavailable; Electronic signature name; Accept exact version","no_direct_static_reference","no_direct_static_test_reference"
"flutter_android_authoritative","/legal-center/teen-summary","authenticated_or_public","Exact versions, affirmative choices","TeenTermsSummaryScreen","flutter_mort/lib/features/legal/legal_screens.dart","legalContractRepositoryProvider","authenticated_or_public_route_guard_plus_server_authorization","detected","detected","detected","not_detected","detected","route_guard_detected","detected","not_detected","detected","detected","registered_internal_route","not_collected_by_design","Exact versions, affirmative choices; Browsing MORT never creates acceptance. Only a published, effective, exact-hash version can be accepted.; Legal requirements unavailable; No approved clickwrap is published; Teen plain-language summary; Teen terms summary; This draft summary helps with understanding. It does not replace the full agreement or attorney review.; Acceptance is never inferred from opening, scrolling, or using MORT.; Exact version unavailable; Electronic signature name; Accept exact version","flutter_mort/test/legal_trust_foundation_test.dart","requires_physical_android_accessibility_offline_and_process_death_validation"
"flutter_android_authoritative","/legal-center/version/:versionId","authenticated_or_public","Exact versions, affirmative choices","LegalClickwrapScreen","flutter_mort/lib/features/legal/legal_screens.dart","legalContractRepositoryProvider","authenticated_or_public_route_guard_plus_server_authorization","detected","detected","detected","not_detected","detected","route_guard_detected","detected","not_detected","detected","detected","registered_parameterized_or_callback_route","not_collected_by_design","Exact versions, affirmative choices; Browsing MORT never creates acceptance. Only a published, effective, exact-hash version can be accepted.; Legal requirements unavailable; No approved clickwrap is published; Teen plain-language summary; Teen terms summary; This draft summary helps with understanding. It does not replace the full agreement or attorney review.; Acceptance is never inferred from opening, scrolling, or using MORT.; Exact version unavailable; Electronic signature name; Accept exact version","no_direct_static_reference","no_direct_static_test_reference"
"flutter_android_authoritative","/legal/ad-disclosure","authenticated_or_public","Enter MORT","LegalDocScreen","flutter_mort/lib/features/mort_screens.dart","missionPilotRepositoryProvider; authRepositoryProvider; profileRepositoryProvider; jobsRepositoryProvider; applicationsRepositoryProvider; uploadsRepositoryProvider; messagingRepositoryProvider; safetyRepositoryProvider; notificationsRepositoryProvider; adminRepositoryProvider; guardianRepositoryProvider; monetizationRepositoryProvider","public_route_with_server_authorization_for_mutations","detected","detected","detected","not_detected","detected","public_route","detected","detected","detected","detected","registered_internal_route","not_collected_by_design","Enter MORT; Sign in; MORT; A darker, cleaner local hustle app for teens, adults, guardians, and safety moderation.; Free safety tools stay free; Create account; Read teen safety; MORT cannot connect right now; Close and reopen the app, then try again. Contact MORT Support if the problem continues.; Connection required; MORT is paused safely; Marketplace and account actions are temporarily unavailable while safety or reliability work is completed.","no_direct_static_reference","no_direct_static_test_reference"
"flutter_android_authoritative","/legal/community-rules","authenticated_or_public","Enter MORT","LegalDocScreen","flutter_mort/lib/features/mort_screens.dart","missionPilotRepositoryProvider; authRepositoryProvider; profileRepositoryProvider; jobsRepositoryProvider; applicationsRepositoryProvider; uploadsRepositoryProvider; messagingRepositoryProvider; safetyRepositoryProvider; notificationsRepositoryProvider; adminRepositoryProvider; guardianRepositoryProvider; monetizationRepositoryProvider","public_route_with_server_authorization_for_mutations","detected","detected","detected","not_detected","detected","public_route","detected","detected","detected","detected","registered_internal_route","not_collected_by_design","Enter MORT; Sign in; MORT; A darker, cleaner local hustle app for teens, adults, guardians, and safety moderation.; Free safety tools stay free; Create account; Read teen safety; MORT cannot connect right now; Close and reopen the app, then try again. Contact MORT Support if the problem continues.; Connection required; MORT is paused safely; Marketplace and account actions are temporarily unavailable while safety or reliability work is completed.","no_direct_static_reference","no_direct_static_test_reference"
"flutter_android_authoritative","/legal/guardian-guide","authenticated_or_public","Enter MORT","LegalDocScreen","flutter_mort/lib/features/mort_screens.dart","missionPilotRepositoryProvider; authRepositoryProvider; profileRepositoryProvider; jobsRepositoryProvider; applicationsRepositoryProvider; uploadsRepositoryProvider; messagingRepositoryProvider; safetyRepositoryProvider; notificationsRepositoryProvider; adminRepositoryProvider; guardianRepositoryProvider; monetizationRepositoryProvider","public_route_with_server_authorization_for_mutations","detected","detected","detected","not_detected","detected","public_route","detected","detected","detected","detected","registered_internal_route","not_collected_by_design","Enter MORT; Sign in; MORT; A darker, cleaner local hustle app for teens, adults, guardians, and safety moderation.; Free safety tools stay free; Create account; Read teen safety; MORT cannot connect right now; Close and reopen the app, then try again. Contact MORT Support if the problem continues.; Connection required; MORT is paused safely; Marketplace and account actions are temporarily unavailable while safety or reliability work is completed.","no_direct_static_reference","no_direct_static_test_reference"
"flutter_android_authoritative","/legal/payment-disclaimer","authenticated_or_public","Enter MORT","LegalDocScreen","flutter_mort/lib/features/mort_screens.dart","missionPilotRepositoryProvider; authRepositoryProvider; profileRepositoryProvider; jobsRepositoryProvider; applicationsRepositoryProvider; uploadsRepositoryProvider; messagingRepositoryProvider; safetyRepositoryProvider; notificationsRepositoryProvider; adminRepositoryProvider; guardianRepositoryProvider; monetizationRepositoryProvider","public_route_with_server_authorization_for_mutations","detected","detected","detected","not_detected","detected","public_route","detected","detected","detected","detected","registered_internal_route","not_collected_by_design","Enter MORT; Sign in; MORT; A darker, cleaner local hustle app for teens, adults, guardians, and safety moderation.; Free safety tools stay free; Create account; Read teen safety; MORT cannot connect right now; Close and reopen the app, then try again. Contact MORT Support if the problem continues.; Connection required; MORT is paused safely; Marketplace and account actions are temporarily unavailable while safety or reliability work is completed.","no_direct_static_reference","no_direct_static_test_reference"
"flutter_android_authoritative","/legal/privacy","authenticated_or_public","Enter MORT","LegalDocScreen","flutter_mort/lib/features/mort_screens.dart","missionPilotRepositoryProvider; authRepositoryProvider; profileRepositoryProvider; jobsRepositoryProvider; applicationsRepositoryProvider; uploadsRepositoryProvider; messagingRepositoryProvider; safetyRepositoryProvider; notificationsRepositoryProvider; adminRepositoryProvider; guardianRepositoryProvider; monetizationRepositoryProvider","public_route_with_server_authorization_for_mutations","detected","detected","detected","not_detected","detected","public_route","detected","detected","detected","detected","registered_internal_route","not_collected_by_design","Enter MORT; Sign in; MORT; A darker, cleaner local hustle app for teens, adults, guardians, and safety moderation.; Free safety tools stay free; Create account; Read teen safety; MORT cannot connect right now; Close and reopen the app, then try again. Contact MORT Support if the problem continues.; Connection required; MORT is paused safely; Marketplace and account actions are temporarily unavailable while safety or reliability work is completed.","flutter_mort/test/safe_uri_test.dart","requires_physical_android_accessibility_offline_and_process_death_validation"
"flutter_android_authoritative","/legal/subscription-disclosure","authenticated_or_public","Enter MORT","LegalDocScreen","flutter_mort/lib/features/mort_screens.dart","missionPilotRepositoryProvider; authRepositoryProvider; profileRepositoryProvider; jobsRepositoryProvider; applicationsRepositoryProvider; uploadsRepositoryProvider; messagingRepositoryProvider; safetyRepositoryProvider; notificationsRepositoryProvider; adminRepositoryProvider; guardianRepositoryProvider; monetizationRepositoryProvider","public_route_with_server_authorization_for_mutations","detected","detected","detected","not_detected","detected","public_route","detected","detected","detected","detected","registered_internal_route","not_collected_by_design","Enter MORT; Sign in; MORT; A darker, cleaner local hustle app for teens, adults, guardians, and safety moderation.; Free safety tools stay free; Create account; Read teen safety; MORT cannot connect right now; Close and reopen the app, then try again. Contact MORT Support if the problem continues.; Connection required; MORT is paused safely; Marketplace and account actions are temporarily unavailable while safety or reliability work is completed.","no_direct_static_reference","no_direct_static_test_reference"
"flutter_android_authoritative","/legal/teen-safety","authenticated_or_public","Enter MORT","LegalDocScreen","flutter_mort/lib/features/mort_screens.dart","missionPilotRepositoryProvider; authRepositoryProvider; profileRepositoryProvider; jobsRepositoryProvider; applicationsRepositoryProvider; uploadsRepositoryProvider; messagingRepositoryProvider; safetyRepositoryProvider; notificationsRepositoryProvider; adminRepositoryProvider; guardianRepositoryProvider; monetizationRepositoryProvider","public_route_with_server_authorization_for_mutations","detected","detected","detected","not_detected","detected","public_route","detected","detected","detected","detected","registered_internal_route","not_collected_by_design","Enter MORT; Sign in; MORT; A darker, cleaner local hustle app for teens, adults, guardians, and safety moderation.; Free safety tools stay free; Create account; Read teen safety; MORT cannot connect right now; Close and reopen the app, then try again. Contact MORT Support if the problem continues.; Connection required; MORT is paused safely; Marketplace and account actions are temporarily unavailable while safety or reliability work is completed.","no_direct_static_reference","no_direct_static_test_reference"
"flutter_android_authoritative","/legal/terms","authenticated_or_public","Enter MORT","LegalDocScreen","flutter_mort/lib/features/mort_screens.dart","missionPilotRepositoryProvider; authRepositoryProvider; profileRepositoryProvider; jobsRepositoryProvider; applicationsRepositoryProvider; uploadsRepositoryProvider; messagingRepositoryProvider; safetyRepositoryProvider; notificationsRepositoryProvider; adminRepositoryProvider; guardianRepositoryProvider; monetizationRepositoryProvider","public_route_with_server_authorization_for_mutations","detected","detected","detected","not_detected","detected","public_route","detected","detected","detected","detected","registered_internal_route","not_collected_by_design","Enter MORT; Sign in; MORT; A darker, cleaner local hustle app for teens, adults, guardians, and safety moderation.; Free safety tools stay free; Create account; Read teen safety; MORT cannot connect right now; Close and reopen the app, then try again. Contact MORT Support if the problem continues.; Connection required; MORT is paused safely; Marketplace and account actions are temporarily unavailable while safety or reliability work is completed.","no_direct_static_reference","no_direct_static_test_reference"
"flutter_android_authoritative","/legal/verification-disclaimer","authenticated_or_public","Enter MORT","LegalDocScreen","flutter_mort/lib/features/mort_screens.dart","missionPilotRepositoryProvider; authRepositoryProvider; profileRepositoryProvider; jobsRepositoryProvider; applicationsRepositoryProvider; uploadsRepositoryProvider; messagingRepositoryProvider; safetyRepositoryProvider; notificationsRepositoryProvider; adminRepositoryProvider; guardianRepositoryProvider; monetizationRepositoryProvider","public_route_with_server_authorization_for_mutations","detected","detected","detected","not_detected","detected","public_route","detected","detected","detected","detected","registered_internal_route","not_collected_by_design","Enter MORT; Sign in; MORT; A darker, cleaner local hustle app for teens, adults, guardians, and safety moderation.; Free safety tools stay free; Create account; Read teen safety; MORT cannot connect right now; Close and reopen the app, then try again. Contact MORT Support if the problem continues.; Connection required; MORT is paused safely; Marketplace and account actions are temporarily unavailable while safety or reliability work is completed.","no_direct_static_reference","no_direct_static_test_reference"
"flutter_android_authoritative","/messages","authenticated_or_public","Enter MORT","MessagesScreen","flutter_mort/lib/features/mort_screens.dart","missionPilotRepositoryProvider; authRepositoryProvider; profileRepositoryProvider; jobsRepositoryProvider; applicationsRepositoryProvider; uploadsRepositoryProvider; messagingRepositoryProvider; safetyRepositoryProvider; notificationsRepositoryProvider; adminRepositoryProvider; guardianRepositoryProvider; monetizationRepositoryProvider","authenticated_or_public_route_guard_plus_server_authorization","detected","detected","detected","not_detected","detected","route_guard_detected","detected","detected","detected","detected","registered_internal_route","not_collected_by_design","Enter MORT; Sign in; MORT; A darker, cleaner local hustle app for teens, adults, guardians, and safety moderation.; Free safety tools stay free; Create account; Read teen safety; MORT cannot connect right now; Close and reopen the app, then try again. Contact MORT Support if the problem continues.; Connection required; MORT is paused safely; Marketplace and account actions are temporarily unavailable while safety or reliability work is completed.","flutter_mort/test/notification_destination_test.dart","requires_physical_android_accessibility_offline_and_process_death_validation"
"flutter_android_authoritative","/messages/:conversationId","authenticated_or_public","Enter MORT","MessageThreadScreen","flutter_mort/lib/features/mort_screens.dart","missionPilotRepositoryProvider; authRepositoryProvider; profileRepositoryProvider; jobsRepositoryProvider; applicationsRepositoryProvider; uploadsRepositoryProvider; messagingRepositoryProvider; safetyRepositoryProvider; notificationsRepositoryProvider; adminRepositoryProvider; guardianRepositoryProvider; monetizationRepositoryProvider","authenticated_or_public_route_guard_plus_server_authorization","detected","detected","detected","not_detected","detected","route_guard_detected","detected","detected","detected","detected","registered_parameterized_or_callback_route","not_collected_by_design","Enter MORT; Sign in; MORT; A darker, cleaner local hustle app for teens, adults, guardians, and safety moderation.; Free safety tools stay free; Create account; Read teen safety; MORT cannot connect right now; Close and reopen the app, then try again. Contact MORT Support if the problem continues.; Connection required; MORT is paused safely; Marketplace and account actions are temporarily unavailable while safety or reliability work is completed.","no_direct_static_reference","no_direct_static_test_reference"
"flutter_android_authoritative","/mission/discreet-mode","authenticated_or_public","Pilot eligibility","DiscreetModeScreen","flutter_mort/lib/features/mission/mission_pilot_screens.dart","missionPilotRepositoryProvider","authenticated_or_public_route_guard_plus_server_authorization","detected","detected","detected","not_detected","detected","route_guard_detected","detected","not_detected","detected","detected","registered_internal_route","not_collected_by_design","Pilot eligibility; Approved organization support and hosted server rules control protected marketplace access.; Pilot access unavailable; Try again; Guardian Mode; Permanent address; Public marketplace; Real document collection; Payment custody; Partner invitation; Partner attestations; Acknowledge teen rules","no_direct_static_reference","no_direct_static_test_reference"
"flutter_android_authoritative","/mission/document-review","authenticated_or_public","Pilot eligibility","DocumentReviewStatusScreen","flutter_mort/lib/features/mission/mission_pilot_screens.dart","missionPilotRepositoryProvider","authenticated_or_public_route_guard_plus_server_authorization","detected","detected","detected","not_detected","detected","route_guard_detected","detected","not_detected","detected","detected","registered_internal_route","not_collected_by_design","Pilot eligibility; Approved organization support and hosted server rules control protected marketplace access.; Pilot access unavailable; Try again; Guardian Mode; Permanent address; Public marketplace; Real document collection; Payment custody; Partner invitation; Partner attestations; Acknowledge teen rules","no_direct_static_reference","no_direct_static_test_reference"
"flutter_android_authoritative","/mission/earnings-goals","teen","Pilot eligibility","EarningsGoalsScreen","flutter_mort/lib/features/mission/mission_pilot_screens.dart","missionPilotRepositoryProvider","teen_route_guard_plus_server_authorization","detected","detected","detected","not_detected","detected","route_guard_detected","detected","not_detected","detected","detected","registered_internal_route","not_collected_by_design","Pilot eligibility; Approved organization support and hosted server rules control protected marketplace access.; Pilot access unavailable; Try again; Guardian Mode; Permanent address; Public marketplace; Real document collection; Payment custody; Partner invitation; Partner attestations; Acknowledge teen rules","no_direct_static_reference","no_direct_static_test_reference"
"flutter_android_authoritative","/mission/future-independence","teen","Pilot eligibility","FutureIndependenceScreen","flutter_mort/lib/features/mission/mission_pilot_screens.dart","missionPilotRepositoryProvider","teen_route_guard_plus_server_authorization","detected","detected","detected","not_detected","detected","route_guard_detected","detected","not_detected","detected","detected","registered_internal_route","not_collected_by_design","Pilot eligibility; Approved organization support and hosted server rules control protected marketplace access.; Pilot access unavailable; Try again; Guardian Mode; Permanent address; Public marketplace; Real document collection; Payment custody; Partner invitation; Partner attestations; Acknowledge teen rules","no_direct_static_reference","no_direct_static_test_reference"
"flutter_android_authoritative","/mission/partner-affiliation","authenticated_or_public","Pilot eligibility","PartnerAffiliationScreen","flutter_mort/lib/features/mission/mission_pilot_screens.dart","missionPilotRepositoryProvider","authenticated_or_public_route_guard_plus_server_authorization","detected","detected","detected","not_detected","detected","route_guard_detected","detected","not_detected","detected","detected","registered_internal_route","not_collected_by_design","Pilot eligibility; Approved organization support and hosted server rules control protected marketplace access.; Pilot access unavailable; Try again; Guardian Mode; Permanent address; Public marketplace; Real document collection; Payment custody; Partner invitation; Partner attestations; Acknowledge teen rules","no_direct_static_reference","no_direct_static_test_reference"
"flutter_android_authoritative","/mission/partner-invitation","authenticated_or_public","Pilot eligibility","PartnerInvitationScreen","flutter_mort/lib/features/mission/mission_pilot_screens.dart","missionPilotRepositoryProvider","authenticated_or_public_route_guard_plus_server_authorization","detected","detected","detected","not_detected","detected","route_guard_detected","detected","not_detected","detected","detected","registered_internal_route","not_collected_by_design","Pilot eligibility; Approved organization support and hosted server rules control protected marketplace access.; Pilot access unavailable; Try again; Guardian Mode; Permanent address; Public marketplace; Real document collection; Payment custody; Partner invitation; Partner attestations; Acknowledge teen rules","no_direct_static_reference","no_direct_static_test_reference"
"flutter_android_authoritative","/mission/pilot-eligibility","authenticated_or_public","Pilot eligibility","PilotEligibilityScreen","flutter_mort/lib/features/mission/mission_pilot_screens.dart","missionPilotRepositoryProvider","authenticated_or_public_route_guard_plus_server_authorization","detected","detected","detected","not_detected","detected","route_guard_detected","detected","not_detected","detected","detected","registered_internal_route","not_collected_by_design","Pilot eligibility; Approved organization support and hosted server rules control protected marketplace access.; Pilot access unavailable; Try again; Guardian Mode; Permanent address; Public marketplace; Real document collection; Payment custody; Partner invitation; Partner attestations; Acknowledge teen rules","no_direct_static_reference","no_direct_static_test_reference"
"flutter_android_authoritative","/mission/pilot-job-safety","authenticated_or_public","Pilot eligibility","PilotJobSafetyScreen","flutter_mort/lib/features/mission/mission_pilot_screens.dart","missionPilotRepositoryProvider","authenticated_or_public_route_guard_plus_server_authorization","detected","detected","detected","not_detected","detected","route_guard_detected","detected","not_detected","detected","detected","registered_internal_route","not_collected_by_design","Pilot eligibility; Approved organization support and hosted server rules control protected marketplace access.; Pilot access unavailable; Try again; Guardian Mode; Permanent address; Public marketplace; Real document collection; Payment custody; Partner invitation; Partner attestations; Acknowledge teen rules","no_direct_static_reference","no_direct_static_test_reference"
"flutter_android_authoritative","/mission/resources","teen","Pilot eligibility","ResourceDirectoryScreen","flutter_mort/lib/features/mission/mission_pilot_screens.dart","missionPilotRepositoryProvider","teen_route_guard_plus_server_authorization","detected","detected","detected","not_detected","detected","route_guard_detected","detected","not_detected","detected","detected","registered_internal_route","not_collected_by_design","Pilot eligibility; Approved organization support and hosted server rules control protected marketplace access.; Pilot access unavailable; Try again; Guardian Mode; Permanent address; Public marketplace; Real document collection; Payment custody; Partner invitation; Partner attestations; Acknowledge teen rules","no_direct_static_reference","no_direct_static_test_reference"
"flutter_android_authoritative","/mission/support-circle","teen","Pilot eligibility","SupportCircleScreen","flutter_mort/lib/features/mission/mission_pilot_screens.dart","missionPilotRepositoryProvider","teen_route_guard_plus_server_authorization","detected","detected","detected","not_detected","detected","route_guard_detected","detected","not_detected","detected","detected","registered_internal_route","not_collected_by_design","Pilot eligibility; Approved organization support and hosted server rules control protected marketplace access.; Pilot access unavailable; Try again; Guardian Mode; Permanent address; Public marketplace; Real document collection; Payment custody; Partner invitation; Partner attestations; Acknowledge teen rules","no_direct_static_reference","no_direct_static_test_reference"
"flutter_android_authoritative","/mission/verification-wording","authenticated_or_public","Pilot eligibility","VerificationExplanationScreen","flutter_mort/lib/features/mission/mission_pilot_screens.dart","missionPilotRepositoryProvider","authenticated_or_public_route_guard_plus_server_authorization","detected","detected","detected","not_detected","detected","route_guard_detected","detected","not_detected","detected","detected","registered_internal_route","not_collected_by_design","Pilot eligibility; Approved organization support and hosted server rules control protected marketplace access.; Pilot access unavailable; Try again; Guardian Mode; Permanent address; Public marketplace; Real document collection; Payment custody; Partner invitation; Partner attestations; Acknowledge teen rules","no_direct_static_reference","no_direct_static_test_reference"
"flutter_android_authoritative","/monetization","authenticated_or_public","Make MORT yours.","MonetizationHomeScreen","flutter_mort/lib/features/monetization/screens/monetization_home_screen.dart","","authenticated_or_public_route_guard_plus_server_authorization","not_detected","not_detected","not_detected","not_detected","not_detected","route_guard_detected","not_detected","not_detected","not_detected","not_detected","registered_internal_route","not_collected_by_design","Make MORT yours.; Free stays useful. Premium is only for style, convenience, ad-free, analytics, and boosts.; MORT Plus; Ad-free; Username token; Job boost; Restore; Manage","flutter_mort/test/google_play_billing_contract_test.dart; flutter_mort/test/monetization_safety_test.dart","requires_physical_android_accessibility_offline_and_process_death_validation"
"flutter_android_authoritative","/monetization/ad-free","authenticated_or_public","Go ad-free.","AdFreeScreen","flutter_mort/lib/features/monetization/screens/ad_free_screen.dart","","authenticated_or_public_route_guard_plus_server_authorization","not_detected","not_detected","not_detected","not_detected","not_detected","route_guard_detected","not_detected","not_detected","not_detected","not_detected","registered_internal_route","not_collected_by_design","Go ad-free.; Hide eligible ads while keeping safety, reports, messages, and basic jobs free.","no_direct_static_reference","no_direct_static_test_reference"
"flutter_android_authoritative","/monetization/job-boost","authenticated_or_public","Boost a job safely.","JobBoostPaywallScreen","flutter_mort/lib/features/monetization/screens/job_boost_paywall_screen.dart","","authenticated_or_public_route_guard_plus_server_authorization","not_detected","not_detected","not_detected","not_detected","not_detected","route_guard_detected","not_detected","not_detected","not_detected","not_detected","registered_internal_route","not_collected_by_design","Boost a job safely.; Boosts are optional adult/business perks. They never bypass moderation, safety rules, or verification.","no_direct_static_reference","no_direct_static_test_reference"
"flutter_android_authoritative","/monetization/manage","authenticated_or_public","MORT Plus","ManageSubscriptionView","flutter_mort/lib/features/monetization/screens/google_play_billing_screens.dart","","authenticated_or_public_route_guard_plus_server_authorization","detected","detected","not_detected","not_detected","not_detected","route_guard_detected","detected","not_detected","detected","detected","registered_internal_route","not_collected_by_design","MORT Plus; Cosmetic and convenience extras. Jobs, safety, reporting, basic Guardian Mode, and applying stay free.; Choose a Google Play plan; Prices and billing periods below come from Google Play. Subscriptions renew automatically until canceled in Google Play.; Cosmetic packs; One-time purchases. They do not improve job or safety access.; Restore purchases; Manage subscription; Loading Google Play products...; Browse, apply, post jobs, and message; Reports, blocking, Safety Ping, and appeals; Basic Guardian Mode and FAQ help","no_direct_static_reference","no_direct_static_test_reference"
"flutter_android_authoritative","/monetization/paywall","authenticated_or_public","MORT Plus","MortPlusView","flutter_mort/lib/features/monetization/screens/google_play_billing_screens.dart","","authenticated_or_public_route_guard_plus_server_authorization","detected","detected","not_detected","not_detected","not_detected","route_guard_detected","detected","not_detected","detected","detected","registered_internal_route","not_collected_by_design","MORT Plus; Cosmetic and convenience extras. Jobs, safety, reporting, basic Guardian Mode, and applying stay free.; Choose a Google Play plan; Prices and billing periods below come from Google Play. Subscriptions renew automatically until canceled in Google Play.; Cosmetic packs; One-time purchases. They do not improve job or safety access.; Restore purchases; Manage subscription; Loading Google Play products...; Browse, apply, post jobs, and message; Reports, blocking, Safety Ping, and appeals; Basic Guardian Mode and FAQ help","no_direct_static_reference","no_direct_static_test_reference"
"flutter_android_authoritative","/monetization/restore","authenticated_or_public","MORT Plus","RestorePurchasesView","flutter_mort/lib/features/monetization/screens/google_play_billing_screens.dart","","authenticated_or_public_route_guard_plus_server_authorization","detected","detected","not_detected","not_detected","not_detected","route_guard_detected","detected","not_detected","detected","detected","registered_internal_route","not_collected_by_design","MORT Plus; Cosmetic and convenience extras. Jobs, safety, reporting, basic Guardian Mode, and applying stay free.; Choose a Google Play plan; Prices and billing periods below come from Google Play. Subscriptions renew automatically until canceled in Google Play.; Cosmetic packs; One-time purchases. They do not improve job or safety access.; Restore purchases; Manage subscription; Loading Google Play products...; Browse, apply, post jobs, and message; Reports, blocking, Safety Ping, and appeals; Basic Guardian Mode and FAQ help","no_direct_static_reference","no_direct_static_test_reference"
"flutter_android_authoritative","/monetization/username-change","authenticated_or_public","Need another username change?","UsernameChangePaywallScreen","flutter_mort/lib/features/monetization/screens/username_change_paywall_screen.dart","","authenticated_or_public_route_guard_plus_server_authorization","not_detected","not_detected","not_detected","not_detected","not_detected","route_guard_detected","not_detected","not_detected","not_detected","not_detected","registered_internal_route","not_collected_by_design","Need another username change?; You used your 3 free username changes. Grab a cheap username change token if you want. Your account still works if you do not pay.","no_direct_static_reference","no_direct_static_test_reference"
"flutter_android_authoritative","/notifications","authenticated_or_public","Updates","NotificationCenterScreen","flutter_mort/lib/features/notifications/notification_center_screen.dart","notificationsRepositoryProvider","authenticated_or_public_route_guard_plus_server_authorization","detected","detected","detected","not_detected","not_detected","route_guard_detected","detected","not_detected","detected","detected","registered_internal_route","not_collected_by_design","Updates; Application, message, job, proof, review, guardian, safety, support, and verification events appear here.; Notifications unavailable; Retry; No notifications; new","no_direct_static_reference","no_direct_static_test_reference"
"flutter_android_authoritative","/onboarding","authenticated_or_public","Enter MORT","OnboardingHubScreen","flutter_mort/lib/features/mort_screens.dart","missionPilotRepositoryProvider; authRepositoryProvider; profileRepositoryProvider; jobsRepositoryProvider; applicationsRepositoryProvider; uploadsRepositoryProvider; messagingRepositoryProvider; safetyRepositoryProvider; notificationsRepositoryProvider; adminRepositoryProvider; guardianRepositoryProvider; monetizationRepositoryProvider","authenticated_or_public_route_guard_plus_server_authorization","detected","detected","detected","not_detected","detected","route_guard_detected","detected","detected","detected","detected","registered_internal_route","not_collected_by_design","Enter MORT; Sign in; MORT; A darker, cleaner local hustle app for teens, adults, guardians, and safety moderation.; Free safety tools stay free; Create account; Read teen safety; MORT cannot connect right now; Close and reopen the app, then try again. Contact MORT Support if the problem continues.; Connection required; MORT is paused safely; Marketplace and account actions are temporarily unavailable while safety or reliability work is completed.","no_direct_static_reference","no_direct_static_test_reference"
"flutter_android_authoritative","/onboarding/age","authenticated_or_public","Enter MORT","AgeGateScreen","flutter_mort/lib/features/mort_screens.dart","missionPilotRepositoryProvider; authRepositoryProvider; profileRepositoryProvider; jobsRepositoryProvider; applicationsRepositoryProvider; uploadsRepositoryProvider; messagingRepositoryProvider; safetyRepositoryProvider; notificationsRepositoryProvider; adminRepositoryProvider; guardianRepositoryProvider; monetizationRepositoryProvider","authenticated_or_public_route_guard_plus_server_authorization","detected","detected","detected","not_detected","detected","route_guard_detected","detected","detected","detected","detected","registered_internal_route","not_collected_by_design","Enter MORT; Sign in; MORT; A darker, cleaner local hustle app for teens, adults, guardians, and safety moderation.; Free safety tools stay free; Create account; Read teen safety; MORT cannot connect right now; Close and reopen the app, then try again. Contact MORT Support if the problem continues.; Connection required; MORT is paused safely; Marketplace and account actions are temporarily unavailable while safety or reliability work is completed.","no_direct_static_reference","no_direct_static_test_reference"
"flutter_android_authoritative","/onboarding/availability","authenticated_or_public","Enter MORT","AvailabilityScreen","flutter_mort/lib/features/mort_screens.dart","missionPilotRepositoryProvider; authRepositoryProvider; profileRepositoryProvider; jobsRepositoryProvider; applicationsRepositoryProvider; uploadsRepositoryProvider; messagingRepositoryProvider; safetyRepositoryProvider; notificationsRepositoryProvider; adminRepositoryProvider; guardianRepositoryProvider; monetizationRepositoryProvider","authenticated_or_public_route_guard_plus_server_authorization","detected","detected","detected","not_detected","detected","route_guard_detected","detected","detected","detected","detected","registered_internal_route","not_collected_by_design","Enter MORT; Sign in; MORT; A darker, cleaner local hustle app for teens, adults, guardians, and safety moderation.; Free safety tools stay free; Create account; Read teen safety; MORT cannot connect right now; Close and reopen the app, then try again. Contact MORT Support if the problem continues.; Connection required; MORT is paused safely; Marketplace and account actions are temporarily unavailable while safety or reliability work is completed.","no_direct_static_reference","no_direct_static_test_reference"
"flutter_android_authoritative","/onboarding/guardian","authenticated_or_public","Guardian setup is optional","GuardianOptionalOnboardingScreen","flutter_mort/lib/features/guardian/guardian_mode_screens.dart","guardianRepositoryProvider","authenticated_or_public_route_guard_plus_server_authorization","detected","detected","detected","not_detected","detected","route_guard_detected","detected","not_detected","detected","detected","registered_internal_route","not_collected_by_design","Guardian setup is optional; Guardian linking is designed for teen accounts. You can manage your own Guardian Mode connections later in Settings.; Continue to safety; Add a guardian? Optional.; Guardian Mode can share selected safety alerts and check-ins with someone you trust. You can skip this and set it up later.; Guardian email (optional); Link a guardian now; Send an invite; Use an invite code; Continue; Skip for now; Unlink this guardian?","flutter_mort/test/guardian_job_profile_features_test.dart","requires_physical_android_accessibility_offline_and_process_death_validation"
"flutter_android_authoritative","/onboarding/payment","authenticated_or_public","Enter MORT","PaymentPreferenceScreen","flutter_mort/lib/features/mort_screens.dart","missionPilotRepositoryProvider; authRepositoryProvider; profileRepositoryProvider; jobsRepositoryProvider; applicationsRepositoryProvider; uploadsRepositoryProvider; messagingRepositoryProvider; safetyRepositoryProvider; notificationsRepositoryProvider; adminRepositoryProvider; guardianRepositoryProvider; monetizationRepositoryProvider","authenticated_or_public_route_guard_plus_server_authorization","detected","detected","detected","not_detected","detected","route_guard_detected","detected","detected","detected","detected","registered_internal_route","not_collected_by_design","Enter MORT; Sign in; MORT; A darker, cleaner local hustle app for teens, adults, guardians, and safety moderation.; Free safety tools stay free; Create account; Read teen safety; MORT cannot connect right now; Close and reopen the app, then try again. Contact MORT Support if the problem continues.; Connection required; MORT is paused safely; Marketplace and account actions are temporarily unavailable while safety or reliability work is completed.","no_direct_static_reference","no_direct_static_test_reference"
"flutter_android_authoritative","/onboarding/profile","authenticated_or_public","Enter MORT","ProfileSetupScreen","flutter_mort/lib/features/mort_screens.dart","missionPilotRepositoryProvider; authRepositoryProvider; profileRepositoryProvider; jobsRepositoryProvider; applicationsRepositoryProvider; uploadsRepositoryProvider; messagingRepositoryProvider; safetyRepositoryProvider; notificationsRepositoryProvider; adminRepositoryProvider; guardianRepositoryProvider; monetizationRepositoryProvider","authenticated_or_public_route_guard_plus_server_authorization","detected","detected","detected","not_detected","detected","route_guard_detected","detected","detected","detected","detected","registered_internal_route","not_collected_by_design","Enter MORT; Sign in; MORT; A darker, cleaner local hustle app for teens, adults, guardians, and safety moderation.; Free safety tools stay free; Create account; Read teen safety; MORT cannot connect right now; Close and reopen the app, then try again. Contact MORT Support if the problem continues.; Connection required; MORT is paused safely; Marketplace and account actions are temporarily unavailable while safety or reliability work is completed.","flutter_mort/test/profile_persistence_contract_test.dart","requires_physical_android_accessibility_offline_and_process_death_validation"
"flutter_android_authoritative","/onboarding/role","authenticated_or_public","Enter MORT","RoleSelectionScreen","flutter_mort/lib/features/mort_screens.dart","missionPilotRepositoryProvider; authRepositoryProvider; profileRepositoryProvider; jobsRepositoryProvider; applicationsRepositoryProvider; uploadsRepositoryProvider; messagingRepositoryProvider; safetyRepositoryProvider; notificationsRepositoryProvider; adminRepositoryProvider; guardianRepositoryProvider; monetizationRepositoryProvider","authenticated_or_public_route_guard_plus_server_authorization","detected","detected","detected","not_detected","detected","route_guard_detected","detected","detected","detected","detected","registered_internal_route","not_collected_by_design","Enter MORT; Sign in; MORT; A darker, cleaner local hustle app for teens, adults, guardians, and safety moderation.; Free safety tools stay free; Create account; Read teen safety; MORT cannot connect right now; Close and reopen the app, then try again. Contact MORT Support if the problem continues.; Connection required; MORT is paused safely; Marketplace and account actions are temporarily unavailable while safety or reliability work is completed.","no_direct_static_reference","no_direct_static_test_reference"
"flutter_android_authoritative","/onboarding/safety","authenticated_or_public","Enter MORT","SafetyRulesScreen","flutter_mort/lib/features/mort_screens.dart","missionPilotRepositoryProvider; authRepositoryProvider; profileRepositoryProvider; jobsRepositoryProvider; applicationsRepositoryProvider; uploadsRepositoryProvider; messagingRepositoryProvider; safetyRepositoryProvider; notificationsRepositoryProvider; adminRepositoryProvider; guardianRepositoryProvider; monetizationRepositoryProvider","authenticated_or_public_route_guard_plus_server_authorization","detected","detected","detected","not_detected","detected","route_guard_detected","detected","detected","detected","detected","registered_internal_route","not_collected_by_design","Enter MORT; Sign in; MORT; A darker, cleaner local hustle app for teens, adults, guardians, and safety moderation.; Free safety tools stay free; Create account; Read teen safety; MORT cannot connect right now; Close and reopen the app, then try again. Contact MORT Support if the problem continues.; Connection required; MORT is paused safely; Marketplace and account actions are temporarily unavailable while safety or reliability work is completed.","no_direct_static_reference","no_direct_static_test_reference"
"flutter_android_authoritative","/onboarding/skills","authenticated_or_public","Enter MORT","SkillsScreen","flutter_mort/lib/features/mort_screens.dart","missionPilotRepositoryProvider; authRepositoryProvider; profileRepositoryProvider; jobsRepositoryProvider; applicationsRepositoryProvider; uploadsRepositoryProvider; messagingRepositoryProvider; safetyRepositoryProvider; notificationsRepositoryProvider; adminRepositoryProvider; guardianRepositoryProvider; monetizationRepositoryProvider","authenticated_or_public_route_guard_plus_server_authorization","detected","detected","detected","not_detected","detected","route_guard_detected","detected","detected","detected","detected","registered_internal_route","not_collected_by_design","Enter MORT; Sign in; MORT; A darker, cleaner local hustle app for teens, adults, guardians, and safety moderation.; Free safety tools stay free; Create account; Read teen safety; MORT cannot connect right now; Close and reopen the app, then try again. Contact MORT Support if the problem continues.; Connection required; MORT is paused safely; Marketplace and account actions are temporarily unavailable while safety or reliability work is completed.","flutter_mort/test/profile_persistence_contract_test.dart","requires_physical_android_accessibility_offline_and_process_death_validation"
"flutter_android_authoritative","/partner/home","authenticated_or_public","Partner workspace","PartnerStaffHomeScreen","flutter_mort/lib/features/mission/partner_staff_screens.dart","missionPilotRepositoryProvider","authenticated_or_public_route_guard_plus_server_authorization","detected","detected","detected","not_detected","detected","route_guard_detected","detected","not_detected","detected","detected","registered_internal_route","not_collected_by_design","Partner workspace; Access is limited to organization-bound participants and expressly granted staff permissions.; Partner access unavailable; Retry; No active partner assignment; Contact support; Connected participants; Scoped invitations; Report a safety concern; Fact observed; Reason; Only participants linked to this organization are shown. Private job messages and financial details are excluded.","flutter_mort/test/release_candidate_policy_test.dart","requires_physical_android_accessibility_offline_and_process_death_validation"
"flutter_android_authoritative","/partner/invites/:organizationId","authenticated_or_public","Partner workspace","PartnerInvitesScreen","flutter_mort/lib/features/mission/partner_staff_screens.dart","missionPilotRepositoryProvider","authenticated_or_public_route_guard_plus_server_authorization","detected","detected","detected","not_detected","detected","route_guard_detected","detected","not_detected","detected","detected","registered_parameterized_or_callback_route","not_collected_by_design","Partner workspace; Access is limited to organization-bound participants and expressly granted staff permissions.; Partner access unavailable; Retry; No active partner assignment; Contact support; Connected participants; Scoped invitations; Report a safety concern; Fact observed; Reason; Only participants linked to this organization are shown. Private job messages and financial details are excluded.","flutter_mort/test/release_candidate_policy_test.dart","requires_physical_android_accessibility_offline_and_process_death_validation"
"flutter_android_authoritative","/partner/participants/:organizationId","authenticated_or_public","Partner workspace","PartnerParticipantsScreen","flutter_mort/lib/features/mission/partner_staff_screens.dart","missionPilotRepositoryProvider","authenticated_or_public_route_guard_plus_server_authorization","detected","detected","detected","not_detected","detected","route_guard_detected","detected","not_detected","detected","detected","registered_parameterized_or_callback_route","not_collected_by_design","Partner workspace; Access is limited to organization-bound participants and expressly granted staff permissions.; Partner access unavailable; Retry; No active partner assignment; Contact support; Connected participants; Scoped invitations; Report a safety concern; Fact observed; Reason; Only participants linked to this organization are shown. Private job messages and financial details are excluded.","flutter_mort/test/release_candidate_policy_test.dart","requires_physical_android_accessibility_offline_and_process_death_validation"
"flutter_android_authoritative","/payments/:obligationId/nonpayment","authenticated_or_public","Exact work, pay, and safety terms","NonpaymentReportScreen","flutter_mort/lib/features/legal/contract_payment_screens.dart","legalContractRepositoryProvider","authenticated_or_public_route_guard_plus_server_authorization","detected","detected","detected","not_detected","detected","route_guard_detected","detected","detected","detected","detected","registered_parameterized_or_callback_route","not_collected_by_design","Exact work, pay, and safety terms; MORT creates a fixed agreement after an application is accepted. Material changes require both parties.; Agreements unavailable; No job agreements yet; Job contract review; One party cannot silently change pay, scope, hours, location, hazards, expenses, or payment timing.; Agreement unavailable; No agreement version; Parties and scope; Time, place, and payment; Safety and changes; Confirmation sentence","no_direct_static_reference","no_direct_static_test_reference"
"flutter_android_authoritative","/payments/stripe/payout-setup","teen","Stripe payout setup","StripePayoutSetupScreen","flutter_mort/lib/features/payments/stripe_marketplace_screens.dart","stripeMarketplaceRepositoryProvider","teen_route_guard_plus_server_authorization","detected","detected","not_detected","not_detected","not_detected","route_guard_detected","detected","not_detected","detected","detected","registered_internal_route","not_collected_by_design","Stripe payout setup; Stripe-hosted onboarding handles payout details and any provider-required guardian steps. MORT does not collect bank credentials or Stripe identity documents.; Payout status unavailable; Open Stripe-hosted onboarding; Refresh payout status; Review job funding; Stripe processes the charge. The accepted MORT contract controls the amount; the phone cannot change it.; Funding preview unavailable; Agreed job earnings; MORT service fee; Total adult charge; Expected teen transfer","no_direct_static_reference","no_direct_static_test_reference"
"flutter_android_authoritative","/report/job/:id","authenticated_or_public","Enter MORT","ReportScreen","flutter_mort/lib/features/mort_screens.dart","missionPilotRepositoryProvider; authRepositoryProvider; profileRepositoryProvider; jobsRepositoryProvider; applicationsRepositoryProvider; uploadsRepositoryProvider; messagingRepositoryProvider; safetyRepositoryProvider; notificationsRepositoryProvider; adminRepositoryProvider; guardianRepositoryProvider; monetizationRepositoryProvider","authenticated_or_public_route_guard_plus_server_authorization","detected","detected","detected","not_detected","detected","route_guard_detected","detected","detected","detected","detected","registered_parameterized_or_callback_route","not_collected_by_design","Enter MORT; Sign in; MORT; A darker, cleaner local hustle app for teens, adults, guardians, and safety moderation.; Free safety tools stay free; Create account; Read teen safety; MORT cannot connect right now; Close and reopen the app, then try again. Contact MORT Support if the problem continues.; Connection required; MORT is paused safely; Marketplace and account actions are temporarily unavailable while safety or reliability work is completed.","no_direct_static_reference","no_direct_static_test_reference"
"flutter_android_authoritative","/report/message/:id","authenticated_or_public","Enter MORT","ReportScreen","flutter_mort/lib/features/mort_screens.dart","missionPilotRepositoryProvider; authRepositoryProvider; profileRepositoryProvider; jobsRepositoryProvider; applicationsRepositoryProvider; uploadsRepositoryProvider; messagingRepositoryProvider; safetyRepositoryProvider; notificationsRepositoryProvider; adminRepositoryProvider; guardianRepositoryProvider; monetizationRepositoryProvider","authenticated_or_public_route_guard_plus_server_authorization","detected","detected","detected","not_detected","detected","route_guard_detected","detected","detected","detected","detected","registered_parameterized_or_callback_route","not_collected_by_design","Enter MORT; Sign in; MORT; A darker, cleaner local hustle app for teens, adults, guardians, and safety moderation.; Free safety tools stay free; Create account; Read teen safety; MORT cannot connect right now; Close and reopen the app, then try again. Contact MORT Support if the problem continues.; Connection required; MORT is paused safely; Marketplace and account actions are temporarily unavailable while safety or reliability work is completed.","no_direct_static_reference","no_direct_static_test_reference"
"flutter_android_authoritative","/report/review/:id","authenticated_or_public","Enter MORT","ReportScreen","flutter_mort/lib/features/mort_screens.dart","missionPilotRepositoryProvider; authRepositoryProvider; profileRepositoryProvider; jobsRepositoryProvider; applicationsRepositoryProvider; uploadsRepositoryProvider; messagingRepositoryProvider; safetyRepositoryProvider; notificationsRepositoryProvider; adminRepositoryProvider; guardianRepositoryProvider; monetizationRepositoryProvider","authenticated_or_public_route_guard_plus_server_authorization","detected","detected","detected","not_detected","detected","route_guard_detected","detected","detected","detected","detected","registered_parameterized_or_callback_route","not_collected_by_design","Enter MORT; Sign in; MORT; A darker, cleaner local hustle app for teens, adults, guardians, and safety moderation.; Free safety tools stay free; Create account; Read teen safety; MORT cannot connect right now; Close and reopen the app, then try again. Contact MORT Support if the problem continues.; Connection required; MORT is paused safely; Marketplace and account actions are temporarily unavailable while safety or reliability work is completed.","no_direct_static_reference","no_direct_static_test_reference"
"flutter_android_authoritative","/report/user/:id","authenticated_or_public","Enter MORT","ReportScreen","flutter_mort/lib/features/mort_screens.dart","missionPilotRepositoryProvider; authRepositoryProvider; profileRepositoryProvider; jobsRepositoryProvider; applicationsRepositoryProvider; uploadsRepositoryProvider; messagingRepositoryProvider; safetyRepositoryProvider; notificationsRepositoryProvider; adminRepositoryProvider; guardianRepositoryProvider; monetizationRepositoryProvider","authenticated_or_public_route_guard_plus_server_authorization","detected","detected","detected","not_detected","detected","route_guard_detected","detected","detected","detected","detected","registered_parameterized_or_callback_route","not_collected_by_design","Enter MORT; Sign in; MORT; A darker, cleaner local hustle app for teens, adults, guardians, and safety moderation.; Free safety tools stay free; Create account; Read teen safety; MORT cannot connect right now; Close and reopen the app, then try again. Contact MORT Support if the problem continues.; Connection required; MORT is paused safely; Marketplace and account actions are temporarily unavailable while safety or reliability work is completed.","no_direct_static_reference","no_direct_static_test_reference"
"flutter_android_authoritative","/reviews/:applicationId","authenticated_or_public","Loading review eligibility","LeaveReviewScreen","flutter_mort/lib/features/profile/review_screens.dart","applicationsRepositoryProvider; reviewsRepositoryProvider; authRepositoryProvider","authenticated_or_public_route_guard_plus_server_authorization","detected","detected","detected","not_detected","not_detected","route_guard_detected","detected","detected","detected","detected","registered_parameterized_or_callback_route","not_collected_by_design","Loading review eligibility; Review unavailable; Application unavailable; Thanks for the feedback; MORT permits one review per side for each job.; Review not available yet; Leave a review; Rate your experience for ${application.job?.title ?? ; $_rating; Short review (optional); Submit review; Reviews received","no_direct_static_reference","no_direct_static_test_reference"
"flutter_android_authoritative","/settings","authenticated_or_public","Enter MORT","SettingsScreen","flutter_mort/lib/features/mort_screens.dart","missionPilotRepositoryProvider; authRepositoryProvider; profileRepositoryProvider; jobsRepositoryProvider; applicationsRepositoryProvider; uploadsRepositoryProvider; messagingRepositoryProvider; safetyRepositoryProvider; notificationsRepositoryProvider; adminRepositoryProvider; guardianRepositoryProvider; monetizationRepositoryProvider","authenticated_or_public_route_guard_plus_server_authorization","detected","detected","detected","not_detected","detected","route_guard_detected","detected","detected","detected","detected","registered_internal_route","not_collected_by_design","Enter MORT; Sign in; MORT; A darker, cleaner local hustle app for teens, adults, guardians, and safety moderation.; Free safety tools stay free; Create account; Read teen safety; MORT cannot connect right now; Close and reopen the app, then try again. Contact MORT Support if the problem continues.; Connection required; MORT is paused safely; Marketplace and account actions are temporarily unavailable while safety or reliability work is completed.","no_direct_static_reference","no_direct_static_test_reference"
"flutter_android_authoritative","/settings/account-deletion","authenticated_or_public","Request account deletion","AccountDeletionRequestScreen","flutter_mort/lib/features/settings/account_management_screens.dart","accountDeletionRepositoryProvider; authRepositoryProvider","authenticated_or_public_route_guard_plus_server_authorization","detected","not_detected","not_detected","not_detected","not_detected","route_guard_detected","detected","detected","detected","detected","registered_internal_route","not_collected_by_design","Request account deletion; Submit a verified request to delete your MORT account and ordinary profile data. This does not require contacting support first.; Checking deletion status...; Cancel pending request; Confirm your password; Type DELETE to confirm; Submit deletion request","no_direct_static_reference","no_direct_static_test_reference"
"flutter_android_authoritative","/settings/account-trust","authenticated_or_public","Trust profile unavailable","AccountTrustScreen","flutter_mort/lib/features/trust/account_trust_screens.dart","accountTrustRepositoryProvider","authenticated_or_public_route_guard_plus_server_authorization","detected","detected","detected","not_detected","detected","route_guard_detected","detected","not_detected","detected","detected","registered_internal_route","not_collected_by_design","Trust profile unavailable; Try again; Your trust profile; Signals are precise and server-derived. No badge guarantees identity, behavior, or safety.; Read trust-level details; Device security; Passkeys; School affiliation; Partner code; Business registry; Digital ID availability; Appeal a trust decision","no_direct_static_reference","no_direct_static_test_reference"
"flutter_android_authoritative","/settings/active-sessions","authenticated_or_public","Loading verification status","AccountSessionsScreen","flutter_mort/lib/features/safety/trust_safety_screens.dart","trustSafetyRepositoryProvider","authenticated_or_public_route_guard_plus_server_authorization","detected","detected","detected","not_detected","detected","route_guard_detected","detected","detected","detected","detected","registered_internal_route","not_collected_by_design","Loading verification status; Identity verification; Public marketplace participation stays closed until secure production verification is available. Guardian Mode remains optional.; Verification unavailable; Verification is not a safety guarantee; Identity verification is not accepting public submissions yet.; Sandbox restricted; TEST MODE; Start simulated verification; Production provider unavailable; Provider session required; Request another review","no_direct_static_reference","no_direct_static_test_reference"
"flutter_android_authoritative","/settings/activity","authenticated_or_public","Your MORT activity","ActivityHistoryScreen","flutter_mort/lib/features/profile/activity_history_screen.dart","applicationsRepositoryProvider; jobsRepositoryProvider; guardianRepositoryProvider; reviewsRepositoryProvider; safetyRepositoryProvider","authenticated_or_public_route_guard_plus_server_authorization","detected","detected","detected","not_detected","not_detected","route_guard_detected","detected","not_detected","not_detected","not_detected","registered_internal_route","not_collected_by_design","Your MORT activity; This view shows only activity available to your account. Admin records and other users\; Applications and work; Posted jobs; Guardian links; Approved reviews received; Safety reports you submitted; $title unavailable","no_direct_static_reference","no_direct_static_test_reference"
"flutter_android_authoritative","/settings/ad-preferences","authenticated_or_public","Enter MORT","AdPreferencesScreen","flutter_mort/lib/features/mort_screens.dart","missionPilotRepositoryProvider; authRepositoryProvider; profileRepositoryProvider; jobsRepositoryProvider; applicationsRepositoryProvider; uploadsRepositoryProvider; messagingRepositoryProvider; safetyRepositoryProvider; notificationsRepositoryProvider; adminRepositoryProvider; guardianRepositoryProvider; monetizationRepositoryProvider","authenticated_or_public_route_guard_plus_server_authorization","detected","detected","detected","not_detected","detected","route_guard_detected","detected","detected","detected","detected","registered_internal_route","not_collected_by_design","Enter MORT; Sign in; MORT; A darker, cleaner local hustle app for teens, adults, guardians, and safety moderation.; Free safety tools stay free; Create account; Read teen safety; MORT cannot connect right now; Close and reopen the app, then try again. Contact MORT Support if the problem continues.; Connection required; MORT is paused safely; Marketplace and account actions are temporarily unavailable while safety or reliability work is completed.","no_direct_static_reference","no_direct_static_test_reference"
"flutter_android_authoritative","/settings/business-registry","authenticated_or_public","Trust profile unavailable","BusinessRegistryMatchScreen","flutter_mort/lib/features/trust/account_trust_screens.dart","accountTrustRepositoryProvider","authenticated_or_public_route_guard_plus_server_authorization","detected","detected","detected","not_detected","detected","route_guard_detected","detected","not_detected","detected","detected","registered_internal_route","not_collected_by_design","Trust profile unavailable; Try again; Your trust profile; Signals are precise and server-derived. No badge guarantees identity, behavior, or safety.; Read trust-level details; Device security; Passkeys; School affiliation; Partner code; Business registry; Digital ID availability; Appeal a trust decision","no_direct_static_reference","no_direct_static_test_reference"
"flutter_android_authoritative","/settings/connected-accounts","authenticated_or_public","Continue with Google","ConnectedAccountsScreen","flutter_mort/lib/features/auth/google_auth_screens.dart","authRepositoryProvider","authenticated_or_public_route_guard_plus_server_authorization","detected","detected","detected","not_detected","detected","route_guard_detected","detected","not_detected","detected","detected","registered_internal_route","not_collected_by_design","Continue with Google; Checking your MORT account...; Sign-in not completed; Back to sign in; Checking email confirmation...; Email not confirmed here; Continue to MORT; Sign in with new password; New password; Confirm new password; Update password; Verifying password reset link...","no_direct_static_reference","no_direct_static_test_reference"
"flutter_android_authoritative","/settings/device-security","authenticated_or_public","Trust profile unavailable","DeviceSecuritySettingsScreen","flutter_mort/lib/features/trust/account_trust_screens.dart","accountTrustRepositoryProvider","authenticated_or_public_route_guard_plus_server_authorization","detected","detected","detected","not_detected","detected","route_guard_detected","detected","not_detected","detected","detected","registered_internal_route","not_collected_by_design","Trust profile unavailable; Try again; Your trust profile; Signals are precise and server-derived. No badge guarantees identity, behavior, or safety.; Read trust-level details; Device security; Passkeys; School affiliation; Partner code; Business registry; Digital ID availability; Appeal a trust decision","no_direct_static_reference","no_direct_static_test_reference"
"flutter_android_authoritative","/settings/digital-id","authenticated_or_public","Trust profile unavailable","DigitalIDAvailabilityScreen","flutter_mort/lib/features/trust/account_trust_screens.dart","accountTrustRepositoryProvider","authenticated_or_public_route_guard_plus_server_authorization","detected","detected","detected","not_detected","detected","route_guard_detected","detected","not_detected","detected","detected","registered_internal_route","not_collected_by_design","Trust profile unavailable; Try again; Your trust profile; Signals are precise and server-derived. No badge guarantees identity, behavior, or safety.; Read trust-level details; Device security; Passkeys; School affiliation; Partner code; Business registry; Digital ID availability; Appeal a trust decision","no_direct_static_reference","no_direct_static_test_reference"
"flutter_android_authoritative","/settings/guardian-mode","authenticated_or_public","Guardian setup is optional","GuardianModeScreen","flutter_mort/lib/features/guardian/guardian_mode_screens.dart","guardianRepositoryProvider","authenticated_or_public_route_guard_plus_server_authorization","detected","detected","detected","not_detected","detected","route_guard_detected","detected","not_detected","detected","detected","registered_internal_route","not_collected_by_design","Guardian setup is optional; Guardian linking is designed for teen accounts. You can manage your own Guardian Mode connections later in Settings.; Continue to safety; Add a guardian? Optional.; Guardian Mode can share selected safety alerts and check-ins with someone you trust. You can skip this and set it up later.; Guardian email (optional); Link a guardian now; Send an invite; Use an invite code; Continue; Skip for now; Unlink this guardian?","no_direct_static_reference","no_direct_static_test_reference"
"flutter_android_authoritative","/settings/identity-verification","authenticated_or_public","Loading verification status","IdentityVerificationScreen","flutter_mort/lib/features/safety/trust_safety_screens.dart","trustSafetyRepositoryProvider","authenticated_or_public_route_guard_plus_server_authorization","detected","detected","detected","not_detected","detected","route_guard_detected","detected","detected","detected","detected","registered_internal_route","not_collected_by_design","Loading verification status; Identity verification; Public marketplace participation stays closed until secure production verification is available. Guardian Mode remains optional.; Verification unavailable; Verification is not a safety guarantee; Identity verification is not accepting public submissions yet.; Sandbox restricted; TEST MODE; Start simulated verification; Production provider unavailable; Provider session required; Request another review","no_direct_static_reference","no_direct_static_test_reference"
"flutter_android_authoritative","/settings/legal","authenticated_or_public","Open the _legalIndex product surface","_legalIndex","flutter_mort/lib/core/routing/app_router.dart","authRepositoryProvider","authenticated_or_public_route_guard_plus_server_authorization","detected","not_detected","not_detected","not_detected","not_detected","route_guard_detected","detected","detected","detected","not_detected","registered_internal_route","not_collected_by_design","","no_direct_static_reference","no_direct_static_test_reference"
"flutter_android_authoritative","/settings/native-permissions","authenticated_or_public","Permissions","NativePermissionsScreen","flutter_mort/lib/features/settings/native_permissions_screen.dart","","authenticated_or_public_route_guard_plus_server_authorization","detected","not_detected","not_detected","not_detected","not_detected","route_guard_detected","detected","not_detected","detected","detected","registered_internal_route","not_collected_by_design","Permissions; MORT asks only when you use a related feature. Background location is not requested.; Checking device permissions...; Permission status unavailable; Retry; Notifications; Camera; Photos; Foreground location; Open device settings; Request when needed","no_direct_static_reference","no_direct_static_test_reference"
"flutter_android_authoritative","/settings/partner-code","authenticated_or_public","Trust profile unavailable","PartnerCodeVerificationScreen","flutter_mort/lib/features/trust/account_trust_screens.dart","accountTrustRepositoryProvider","authenticated_or_public_route_guard_plus_server_authorization","detected","detected","detected","not_detected","detected","route_guard_detected","detected","not_detected","detected","detected","registered_internal_route","not_collected_by_design","Trust profile unavailable; Try again; Your trust profile; Signals are precise and server-derived. No badge guarantees identity, behavior, or safety.; Read trust-level details; Device security; Passkeys; School affiliation; Partner code; Business registry; Digital ID availability; Appeal a trust decision","no_direct_static_reference","no_direct_static_test_reference"
"flutter_android_authoritative","/settings/passkeys","authenticated_or_public","Trust profile unavailable","PasskeySettingsScreen","flutter_mort/lib/features/trust/account_trust_screens.dart","accountTrustRepositoryProvider","authenticated_or_public_route_guard_plus_server_authorization","detected","detected","detected","not_detected","detected","route_guard_detected","detected","not_detected","detected","detected","registered_internal_route","not_collected_by_design","Trust profile unavailable; Try again; Your trust profile; Signals are precise and server-derived. No badge guarantees identity, behavior, or safety.; Read trust-level details; Device security; Passkeys; School affiliation; Partner code; Business registry; Digital ID availability; Appeal a trust decision","no_direct_static_reference","no_direct_static_test_reference"
"flutter_android_authoritative","/settings/privacy","authenticated_or_public","Enter MORT","LegalDocScreen","flutter_mort/lib/features/mort_screens.dart","missionPilotRepositoryProvider; authRepositoryProvider; profileRepositoryProvider; jobsRepositoryProvider; applicationsRepositoryProvider; uploadsRepositoryProvider; messagingRepositoryProvider; safetyRepositoryProvider; notificationsRepositoryProvider; adminRepositoryProvider; guardianRepositoryProvider; monetizationRepositoryProvider","authenticated_or_public_route_guard_plus_server_authorization","detected","detected","detected","not_detected","detected","route_guard_detected","detected","detected","detected","detected","registered_internal_route","not_collected_by_design","Enter MORT; Sign in; MORT; A darker, cleaner local hustle app for teens, adults, guardians, and safety moderation.; Free safety tools stay free; Create account; Read teen safety; MORT cannot connect right now; Close and reopen the app, then try again. Contact MORT Support if the problem continues.; Connection required; MORT is paused safely; Marketplace and account actions are temporarily unavailable while safety or reliability work is completed.","no_direct_static_reference","no_direct_static_test_reference"
"flutter_android_authoritative","/settings/profile","authenticated_or_public","Enter MORT","ProfileSetupScreen","flutter_mort/lib/features/mort_screens.dart","missionPilotRepositoryProvider; authRepositoryProvider; profileRepositoryProvider; jobsRepositoryProvider; applicationsRepositoryProvider; uploadsRepositoryProvider; messagingRepositoryProvider; safetyRepositoryProvider; notificationsRepositoryProvider; adminRepositoryProvider; guardianRepositoryProvider; monetizationRepositoryProvider","authenticated_or_public_route_guard_plus_server_authorization","detected","detected","detected","not_detected","detected","route_guard_detected","detected","detected","detected","detected","registered_internal_route","not_collected_by_design","Enter MORT; Sign in; MORT; A darker, cleaner local hustle app for teens, adults, guardians, and safety moderation.; Free safety tools stay free; Create account; Read teen safety; MORT cannot connect right now; Close and reopen the app, then try again. Contact MORT Support if the problem continues.; Connection required; MORT is paused safely; Marketplace and account actions are temporarily unavailable while safety or reliability work is completed.","flutter_mort/test/profile_persistence_contract_test.dart","requires_physical_android_accessibility_offline_and_process_death_validation"
"flutter_android_authoritative","/settings/reviews","authenticated_or_public","Loading review eligibility","MyReviewsScreen","flutter_mort/lib/features/profile/review_screens.dart","applicationsRepositoryProvider; reviewsRepositoryProvider; authRepositoryProvider","authenticated_or_public_route_guard_plus_server_authorization","detected","detected","detected","not_detected","not_detected","route_guard_detected","detected","detected","detected","detected","registered_internal_route","not_collected_by_design","Loading review eligibility; Review unavailable; Application unavailable; Thanks for the feedback; MORT permits one review per side for each job.; Review not available yet; Leave a review; Rate your experience for ${application.job?.title ?? ; $_rating; Short review (optional); Submit review; Reviews received","no_direct_static_reference","no_direct_static_test_reference"
"flutter_android_authoritative","/settings/safety-cases","authenticated_or_public","Loading verification status","SafetyCasesScreen","flutter_mort/lib/features/safety/trust_safety_screens.dart","trustSafetyRepositoryProvider","authenticated_or_public_route_guard_plus_server_authorization","detected","detected","detected","not_detected","detected","route_guard_detected","detected","detected","detected","detected","registered_internal_route","not_collected_by_design","Loading verification status; Identity verification; Public marketplace participation stays closed until secure production verification is available. Guardian Mode remains optional.; Verification unavailable; Verification is not a safety guarantee; Identity verification is not accepting public submissions yet.; Sandbox restricted; TEST MODE; Start simulated verification; Production provider unavailable; Provider session required; Request another review","no_direct_static_reference","no_direct_static_test_reference"
"flutter_android_authoritative","/settings/safety-circle","authenticated_or_public","Loading verification status","SafetyCircleScreen","flutter_mort/lib/features/safety/trust_safety_screens.dart","trustSafetyRepositoryProvider","authenticated_or_public_route_guard_plus_server_authorization","detected","detected","detected","not_detected","detected","route_guard_detected","detected","detected","detected","detected","registered_internal_route","not_collected_by_design","Loading verification status; Identity verification; Public marketplace participation stays closed until secure production verification is available. Guardian Mode remains optional.; Verification unavailable; Verification is not a safety guarantee; Identity verification is not accepting public submissions yet.; Sandbox restricted; TEST MODE; Start simulated verification; Production provider unavailable; Provider session required; Request another review","no_direct_static_reference","no_direct_static_test_reference"
"flutter_android_authoritative","/settings/school-affiliation","authenticated_or_public","Trust profile unavailable","SchoolEmailVerificationScreen","flutter_mort/lib/features/trust/account_trust_screens.dart","accountTrustRepositoryProvider","authenticated_or_public_route_guard_plus_server_authorization","detected","detected","detected","not_detected","detected","route_guard_detected","detected","not_detected","detected","detected","registered_internal_route","not_collected_by_design","Trust profile unavailable; Try again; Your trust profile; Signals are precise and server-derived. No badge guarantees identity, behavior, or safety.; Read trust-level details; Device security; Passkeys; School affiliation; Partner code; Business registry; Digital ID availability; Appeal a trust decision","no_direct_static_reference","no_direct_static_test_reference"
"flutter_android_authoritative","/settings/subscription","authenticated_or_public","MORT Plus","MortPlusView","flutter_mort/lib/features/monetization/screens/google_play_billing_screens.dart","","authenticated_or_public_route_guard_plus_server_authorization","detected","detected","not_detected","not_detected","not_detected","route_guard_detected","detected","not_detected","detected","detected","registered_internal_route","not_collected_by_design","MORT Plus; Cosmetic and convenience extras. Jobs, safety, reporting, basic Guardian Mode, and applying stay free.; Choose a Google Play plan; Prices and billing periods below come from Google Play. Subscriptions renew automatically until canceled in Google Play.; Cosmetic packs; One-time purchases. They do not improve job or safety access.; Restore purchases; Manage subscription; Loading Google Play products...; Browse, apply, post jobs, and message; Reports, blocking, Safety Ping, and appeals; Basic Guardian Mode and FAQ help","no_direct_static_reference","no_direct_static_test_reference"
"flutter_android_authoritative","/settings/trust-appeal","authenticated_or_public","Trust profile unavailable","VerificationAppealScreen","flutter_mort/lib/features/trust/account_trust_screens.dart","accountTrustRepositoryProvider","authenticated_or_public_route_guard_plus_server_authorization","detected","detected","detected","not_detected","detected","route_guard_detected","detected","not_detected","detected","detected","registered_internal_route","not_collected_by_design","Trust profile unavailable; Try again; Your trust profile; Signals are precise and server-derived. No badge guarantees identity, behavior, or safety.; Read trust-level details; Device security; Passkeys; School affiliation; Partner code; Business registry; Digital ID availability; Appeal a trust decision","no_direct_static_reference","no_direct_static_test_reference"
"flutter_android_authoritative","/settings/username","authenticated_or_public","Enter MORT","UsernameSettingsScreen","flutter_mort/lib/features/mort_screens.dart","missionPilotRepositoryProvider; authRepositoryProvider; profileRepositoryProvider; jobsRepositoryProvider; applicationsRepositoryProvider; uploadsRepositoryProvider; messagingRepositoryProvider; safetyRepositoryProvider; notificationsRepositoryProvider; adminRepositoryProvider; guardianRepositoryProvider; monetizationRepositoryProvider","authenticated_or_public_route_guard_plus_server_authorization","detected","detected","detected","not_detected","detected","route_guard_detected","detected","detected","detected","detected","registered_internal_route","not_collected_by_design","Enter MORT; Sign in; MORT; A darker, cleaner local hustle app for teens, adults, guardians, and safety moderation.; Free safety tools stay free; Create account; Read teen safety; MORT cannot connect right now; Close and reopen the app, then try again. Contact MORT Support if the problem continues.; Connection required; MORT is paused safely; Marketplace and account actions are temporarily unavailable while safety or reliability work is completed.","no_direct_static_reference","no_direct_static_test_reference"
"flutter_android_authoritative","/splash","authenticated_or_public","Enter MORT","SplashScreen","flutter_mort/lib/features/mort_screens.dart","missionPilotRepositoryProvider; authRepositoryProvider; profileRepositoryProvider; jobsRepositoryProvider; applicationsRepositoryProvider; uploadsRepositoryProvider; messagingRepositoryProvider; safetyRepositoryProvider; notificationsRepositoryProvider; adminRepositoryProvider; guardianRepositoryProvider; monetizationRepositoryProvider","public_route_with_server_authorization_for_mutations","detected","detected","detected","not_detected","detected","public_route","detected","detected","detected","detected","registered_internal_route","not_collected_by_design","Enter MORT; Sign in; MORT; A darker, cleaner local hustle app for teens, adults, guardians, and safety moderation.; Free safety tools stay free; Create account; Read teen safety; MORT cannot connect right now; Close and reopen the app, then try again. Contact MORT Support if the problem continues.; Connection required; MORT is paused safely; Marketplace and account actions are temporarily unavailable while safety or reliability work is completed.","no_direct_static_reference","no_direct_static_test_reference"
"flutter_android_authoritative","/support","authenticated_or_public","MORT Support","SupportHomeScreen","flutter_mort/lib/features/support/support_screens.dart","authRepositoryProvider; supportRepositoryProvider","public_route_with_server_authorization_for_mutations","detected","detected","detected","detected","detected","public_route","detected","not_detected","detected","detected","registered_internal_route","not_collected_by_design","MORT Support; Approved self-service help and private human-reviewed support cases.; Ask MORT Guide; Safety Center; Email fallback; Sign in for private support; Sign in; Start a support conversation; Your support history; Loading support cases...; Support history unavailable; Retry","flutter_mort/test/account_trust_test.dart; flutter_mort/test/mort_0_9_3_security_contract_test.dart; flutter_mort/test/mort_guide_contract_test.dart; flutter_mort/test/notification_destination_test.dart; flutter_mort/test/safe_uri_test.dart; flutter_mort/test/support_chat_widget_test.dart","requires_physical_android_accessibility_offline_and_process_death_validation"
"flutter_android_authoritative","/support/new","authenticated_or_public","MORT Support","NewSupportConversationScreen","flutter_mort/lib/features/support/support_screens.dart","authRepositoryProvider; supportRepositoryProvider","authenticated_or_public_route_guard_plus_server_authorization","detected","detected","detected","detected","detected","route_guard_detected","detected","not_detected","detected","detected","registered_internal_route","not_collected_by_design","MORT Support; Approved self-service help and private human-reviewed support cases.; Ask MORT Guide; Safety Center; Email fallback; Sign in for private support; Sign in; Start a support conversation; Your support history; Loading support cases...; Support history unavailable; Retry","flutter_mort/test/support_chat_widget_test.dart","requires_physical_android_accessibility_offline_and_process_death_validation"
"flutter_android_authoritative","/support/ticket/:ticketId","authenticated_or_public","MORT Support","SupportTicketScreen","flutter_mort/lib/features/support/support_screens.dart","authRepositoryProvider; supportRepositoryProvider","authenticated_or_public_route_guard_plus_server_authorization","detected","detected","detected","detected","detected","route_guard_detected","detected","not_detected","detected","detected","registered_parameterized_or_callback_route","not_collected_by_design","MORT Support; Approved self-service help and private human-reviewed support cases.; Ask MORT Guide; Safety Center; Email fallback; Sign in for private support; Sign in; Start a support conversation; Your support history; Loading support cases...; Support history unavailable; Retry","flutter_mort/test/support_chat_widget_test.dart","requires_physical_android_accessibility_offline_and_process_death_validation"
"flutter_android_authoritative","/teen/applications","teen","Applicants","ApplicationListScreen","flutter_mort/lib/features/jobs/application_screens.dart","applicationsRepositoryProvider","teen_route_guard_plus_server_authorization","detected","detected","detected","not_detected","not_detected","route_guard_detected","detected","not_detected","detected","detected","registered_internal_route","not_collected_by_design","Applicants; View, accept, decline, and complete applications through protected job actions.; Approval requests; Only linked-teen applications for jobs that requested approval appear here.; Applications; Track real submission, review, assignment, work, proof, and completion states.; Applications unavailable; Retry; Nothing here yet; Availability confirmed; Approve for poster review; Decline","flutter_mort/test/notification_destination_test.dart","requires_physical_android_accessibility_offline_and_process_death_validation"
"flutter_android_authoritative","/teen/applications/:id","teen","Applicants","ApplicationListScreen","flutter_mort/lib/features/jobs/application_screens.dart","applicationsRepositoryProvider","teen_route_guard_plus_server_authorization","detected","detected","detected","not_detected","not_detected","route_guard_detected","detected","not_detected","detected","detected","registered_parameterized_or_callback_route","not_collected_by_design","Applicants; View, accept, decline, and complete applications through protected job actions.; Approval requests; Only linked-teen applications for jobs that requested approval appear here.; Applications; Track real submission, review, assignment, work, proof, and completion states.; Applications unavailable; Retry; Nothing here yet; Availability confirmed; Approve for poster review; Decline","no_direct_static_reference","no_direct_static_test_reference"
"flutter_android_authoritative","/teen/availability","teen","Enter MORT","AvailabilityScreen","flutter_mort/lib/features/mort_screens.dart","missionPilotRepositoryProvider; authRepositoryProvider; profileRepositoryProvider; jobsRepositoryProvider; applicationsRepositoryProvider; uploadsRepositoryProvider; messagingRepositoryProvider; safetyRepositoryProvider; notificationsRepositoryProvider; adminRepositoryProvider; guardianRepositoryProvider; monetizationRepositoryProvider","teen_route_guard_plus_server_authorization","detected","detected","detected","not_detected","detected","route_guard_detected","detected","detected","detected","detected","registered_internal_route","not_collected_by_design","Enter MORT; Sign in; MORT; A darker, cleaner local hustle app for teens, adults, guardians, and safety moderation.; Free safety tools stay free; Create account; Read teen safety; MORT cannot connect right now; Close and reopen the app, then try again. Contact MORT Support if the problem continues.; Connection required; MORT is paused safely; Marketplace and account actions are temporarily unavailable while safety or reliability work is completed.","no_direct_static_reference","no_direct_static_test_reference"
"flutter_android_authoritative","/teen/goals","teen","Pilot eligibility","EarningsGoalsScreen","flutter_mort/lib/features/mission/mission_pilot_screens.dart","missionPilotRepositoryProvider","teen_route_guard_plus_server_authorization","detected","detected","detected","not_detected","detected","route_guard_detected","detected","not_detected","detected","detected","registered_internal_route","not_collected_by_design","Pilot eligibility; Approved organization support and hosted server rules control protected marketplace access.; Pilot access unavailable; Try again; Guardian Mode; Permanent address; Public marketplace; Real document collection; Payment custody; Partner invitation; Partner attestations; Acknowledge teen rules","no_direct_static_reference","no_direct_static_test_reference"
"flutter_android_authoritative","/teen/home","teen","Enter MORT","RoleHomeScreen","flutter_mort/lib/features/mort_screens.dart","missionPilotRepositoryProvider; authRepositoryProvider; profileRepositoryProvider; jobsRepositoryProvider; applicationsRepositoryProvider; uploadsRepositoryProvider; messagingRepositoryProvider; safetyRepositoryProvider; notificationsRepositoryProvider; adminRepositoryProvider; guardianRepositoryProvider; monetizationRepositoryProvider","teen_route_guard_plus_server_authorization","detected","detected","detected","not_detected","detected","route_guard_detected","detected","detected","detected","detected","registered_internal_route","not_collected_by_design","Enter MORT; Sign in; MORT; A darker, cleaner local hustle app for teens, adults, guardians, and safety moderation.; Free safety tools stay free; Create account; Read teen safety; MORT cannot connect right now; Close and reopen the app, then try again. Contact MORT Support if the problem continues.; Connection required; MORT is paused safely; Marketplace and account actions are temporarily unavailable while safety or reliability work is completed.","no_direct_static_reference","no_direct_static_test_reference"
"flutter_android_authoritative","/teen/hustle-academy","teen","Open the _academy product surface","_academy","flutter_mort/lib/core/routing/app_router.dart","authRepositoryProvider","teen_route_guard_plus_server_authorization","detected","not_detected","not_detected","not_detected","not_detected","route_guard_detected","detected","detected","detected","not_detected","registered_internal_route","not_collected_by_design","","no_direct_static_reference","no_direct_static_test_reference"
"flutter_android_authoritative","/teen/jobs","teen","Nearby jobs","TeenJobFeedScreen","flutter_mort/lib/features/jobs/teen_job_screens.dart","jobsRepositoryProvider; applicationsRepositoryProvider","teen_route_guard_plus_server_authorization","detected","detected","detected","not_detected","not_detected","route_guard_detected","detected","not_detected","detected","detected","registered_internal_route","not_collected_by_design","Nearby jobs; Search open jobs by general area details. Exact addresses are never shown in the public feed.; Search jobs; Category; Minimum pay in dollars; Payment type; Schedule; Applicant verification preference; Guardian approval; Work environment; City; State code","no_direct_static_reference","no_direct_static_test_reference"
"flutter_android_authoritative","/teen/jobs/:id","teen","Nearby jobs","TeenJobDetailScreen","flutter_mort/lib/features/jobs/teen_job_screens.dart","jobsRepositoryProvider; applicationsRepositoryProvider","teen_route_guard_plus_server_authorization","detected","detected","detected","not_detected","not_detected","route_guard_detected","detected","not_detected","detected","detected","registered_parameterized_or_callback_route","not_collected_by_design","Nearby jobs; Search open jobs by general area details. Exact addresses are never shown in the public feed.; Search jobs; Category; Minimum pay in dollars; Payment type; Schedule; Applicant verification preference; Guardian approval; Work environment; City; State code","no_direct_static_reference","no_direct_static_test_reference"
"flutter_android_authoritative","/teen/portfolio","teen","Open the _pilotUnavailable product surface","_pilotUnavailable","flutter_mort/lib/core/routing/app_router.dart","authRepositoryProvider","teen_route_guard_plus_server_authorization","detected","not_detected","not_detected","not_detected","not_detected","route_guard_detected","detected","detected","detected","not_detected","registered_internal_route","not_collected_by_design","","no_direct_static_reference","no_direct_static_test_reference"
"flutter_android_authoritative","/teen/profile","teen","Enter MORT","ProfileSetupScreen","flutter_mort/lib/features/mort_screens.dart","missionPilotRepositoryProvider; authRepositoryProvider; profileRepositoryProvider; jobsRepositoryProvider; applicationsRepositoryProvider; uploadsRepositoryProvider; messagingRepositoryProvider; safetyRepositoryProvider; notificationsRepositoryProvider; adminRepositoryProvider; guardianRepositoryProvider; monetizationRepositoryProvider","teen_route_guard_plus_server_authorization","detected","detected","detected","not_detected","detected","route_guard_detected","detected","detected","detected","detected","registered_internal_route","not_collected_by_design","Enter MORT; Sign in; MORT; A darker, cleaner local hustle app for teens, adults, guardians, and safety moderation.; Free safety tools stay free; Create account; Read teen safety; MORT cannot connect right now; Close and reopen the app, then try again. Contact MORT Support if the problem continues.; Connection required; MORT is paused safely; Marketplace and account actions are temporarily unavailable while safety or reliability work is completed.","flutter_mort/test/profile_persistence_contract_test.dart","requires_physical_android_accessibility_offline_and_process_death_validation"
"flutter_android_authoritative","/teen/proof/:applicationId","teen","Enter MORT","ProofUploadScreen","flutter_mort/lib/features/mort_screens.dart","missionPilotRepositoryProvider; authRepositoryProvider; profileRepositoryProvider; jobsRepositoryProvider; applicationsRepositoryProvider; uploadsRepositoryProvider; messagingRepositoryProvider; safetyRepositoryProvider; notificationsRepositoryProvider; adminRepositoryProvider; guardianRepositoryProvider; monetizationRepositoryProvider","teen_route_guard_plus_server_authorization","detected","detected","detected","not_detected","detected","route_guard_detected","detected","detected","detected","detected","registered_parameterized_or_callback_route","not_collected_by_design","Enter MORT; Sign in; MORT; A darker, cleaner local hustle app for teens, adults, guardians, and safety moderation.; Free safety tools stay free; Create account; Read teen safety; MORT cannot connect right now; Close and reopen the app, then try again. Contact MORT Support if the problem continues.; Connection required; MORT is paused safely; Marketplace and account actions are temporarily unavailable while safety or reliability work is completed.","no_direct_static_reference","no_direct_static_test_reference"
"flutter_android_authoritative","/teen/safety","teen","Enter MORT","SafetyCenterScreen","flutter_mort/lib/features/mort_screens.dart","missionPilotRepositoryProvider; authRepositoryProvider; profileRepositoryProvider; jobsRepositoryProvider; applicationsRepositoryProvider; uploadsRepositoryProvider; messagingRepositoryProvider; safetyRepositoryProvider; notificationsRepositoryProvider; adminRepositoryProvider; guardianRepositoryProvider; monetizationRepositoryProvider","teen_route_guard_plus_server_authorization","detected","detected","detected","not_detected","detected","route_guard_detected","detected","detected","detected","detected","registered_internal_route","not_collected_by_design","Enter MORT; Sign in; MORT; A darker, cleaner local hustle app for teens, adults, guardians, and safety moderation.; Free safety tools stay free; Create account; Read teen safety; MORT cannot connect right now; Close and reopen the app, then try again. Contact MORT Support if the problem continues.; Connection required; MORT is paused safely; Marketplace and account actions are temporarily unavailable while safety or reliability work is completed.","no_direct_static_reference","no_direct_static_test_reference"
"flutter_android_authoritative","/teen/saved","teen","Loading job draft","SavedJobsScreen","flutter_mort/lib/features/jobs/job_screens.dart","jobsRepositoryProvider","teen_route_guard_plus_server_authorization","detected","detected","detected","not_detected","detected","route_guard_detected","detected","not_detected","detected","detected","registered_internal_route","not_collected_by_design","Loading job draft; Back; Create a job listing. Exact addresses and private contact details do not belong in public fields.; Save as draft; Title; Category; Short summary; Detailed description; Estimated duration (minutes); Workers needed; Experience level; Skills needed","no_direct_static_reference","no_direct_static_test_reference"
"flutter_android_authoritative","/teen/skills","teen","Enter MORT","SkillsScreen","flutter_mort/lib/features/mort_screens.dart","missionPilotRepositoryProvider; authRepositoryProvider; profileRepositoryProvider; jobsRepositoryProvider; applicationsRepositoryProvider; uploadsRepositoryProvider; messagingRepositoryProvider; safetyRepositoryProvider; notificationsRepositoryProvider; adminRepositoryProvider; guardianRepositoryProvider; monetizationRepositoryProvider","teen_route_guard_plus_server_authorization","detected","detected","detected","not_detected","detected","route_guard_detected","detected","detected","detected","detected","registered_internal_route","not_collected_by_design","Enter MORT; Sign in; MORT; A darker, cleaner local hustle app for teens, adults, guardians, and safety moderation.; Free safety tools stay free; Create account; Read teen safety; MORT cannot connect right now; Close and reopen the app, then try again. Contact MORT Support if the problem continues.; Connection required; MORT is paused safely; Marketplace and account actions are temporarily unavailable while safety or reliability work is completed.","flutter_mort/test/profile_persistence_contract_test.dart","requires_physical_android_accessibility_offline_and_process_death_validation"
"flutter_android_authoritative","/trust/device-auth","authenticated_or_public","Precise signals, no identity theater","DeviceAuthExplanationScreen","flutter_mort/lib/features/legal/trust_foundation_screens.dart","legalContractRepositoryProvider","authenticated_or_public_route_guard_plus_server_authorization","detected","detected","not_detected","not_detected","not_detected","route_guard_detected","detected","not_detected","not_detected","detected","registered_internal_route","not_collected_by_design","Precise signals, no identity theater; The first-party architecture is implemented for synthetic QA. Real provider verification and real ID collection are disabled.; Trust status unavailable; Browser-safe capture preparation; Liveness limits and accessibility; Passkey and device-auth explanation; Real identity capture is off; This screen explains future quality checks without opening the browser camera or file picker for identity documents.; Native app required for future approved capture; Replay resistance is not identity proof; Real face video and camera gestures are unavailable in web preview. Synthetic QA is controlled and creates no identity level.; Real liveness disabled","no_direct_static_reference","no_direct_static_test_reference"
"flutter_android_authoritative","/trust/document-capture","authenticated_or_public","Precise signals, no identity theater","BrowserSafeCapturePreparationScreen","flutter_mort/lib/features/legal/trust_foundation_screens.dart","legalContractRepositoryProvider","authenticated_or_public_route_guard_plus_server_authorization","detected","detected","not_detected","not_detected","not_detected","route_guard_detected","detected","not_detected","not_detected","detected","registered_internal_route","not_collected_by_design","Precise signals, no identity theater; The first-party architecture is implemented for synthetic QA. Real provider verification and real ID collection are disabled.; Trust status unavailable; Browser-safe capture preparation; Liveness limits and accessibility; Passkey and device-auth explanation; Real identity capture is off; This screen explains future quality checks without opening the browser camera or file picker for identity documents.; Native app required for future approved capture; Replay resistance is not identity proof; Real face video and camera gestures are unavailable in web preview. Synthetic QA is controlled and creates no identity level.; Real liveness disabled","flutter_mort/test/legal_trust_foundation_test.dart","requires_physical_android_accessibility_offline_and_process_death_validation"
"flutter_android_authoritative","/trust/foundations","authenticated_or_public","Precise signals, no identity theater","TrustFoundationsScreen","flutter_mort/lib/features/legal/trust_foundation_screens.dart","legalContractRepositoryProvider","authenticated_or_public_route_guard_plus_server_authorization","detected","detected","not_detected","not_detected","not_detected","route_guard_detected","detected","not_detected","not_detected","detected","registered_internal_route","not_collected_by_design","Precise signals, no identity theater; The first-party architecture is implemented for synthetic QA. Real provider verification and real ID collection are disabled.; Trust status unavailable; Browser-safe capture preparation; Liveness limits and accessibility; Passkey and device-auth explanation; Real identity capture is off; This screen explains future quality checks without opening the browser camera or file picker for identity documents.; Native app required for future approved capture; Replay resistance is not identity proof; Real face video and camera gestures are unavailable in web preview. Synthetic QA is controlled and creates no identity level.; Real liveness disabled","no_direct_static_reference","no_direct_static_test_reference"
"flutter_android_authoritative","/trust/liveness","authenticated_or_public","Precise signals, no identity theater","LivenessExplanationScreen","flutter_mort/lib/features/legal/trust_foundation_screens.dart","legalContractRepositoryProvider","authenticated_or_public_route_guard_plus_server_authorization","detected","detected","not_detected","not_detected","not_detected","route_guard_detected","detected","not_detected","not_detected","detected","registered_internal_route","not_collected_by_design","Precise signals, no identity theater; The first-party architecture is implemented for synthetic QA. Real provider verification and real ID collection are disabled.; Trust status unavailable; Browser-safe capture preparation; Liveness limits and accessibility; Passkey and device-auth explanation; Real identity capture is off; This screen explains future quality checks without opening the browser camera or file picker for identity documents.; Native app required for future approved capture; Replay resistance is not identity proof; Real face video and camera gestures are unavailable in web preview. Synthetic QA is controlled and creates no identity level.; Real liveness disabled","no_direct_static_reference","no_direct_static_test_reference"
"flutter_android_authoritative","/trust/teen-verification","authenticated_or_public","Choose an evidence route","TeenVerificationOptionsScreen","flutter_mort/lib/features/trust/teen_verification_screens.dart","","authenticated_or_public_route_guard_plus_server_authorization","not_detected","not_detected","not_detected","not_detected","not_detected","route_guard_detected","not_detected","not_detected","detected","detected","registered_internal_route","not_collected_by_design","Choose an evidence route; A current middle-school or high-school ID review is recommended when available, but it is not mandatory.; Current school ID review; Verified school email; Partner or youth-program attestation; Government or youth-program ID; Manual exception or no-document pilot route; Review capture and privacy steps; Request a manual route; Document capture and privacy; MORT requests camera access only after you choose a permitted document route and tap Use camera.; Photo Picker - unavailable for real IDs","no_direct_static_reference","no_direct_static_test_reference"
"flutter_android_authoritative","/trust/teen-verification/capture","authenticated_or_public","Choose an evidence route","TeenVerificationCapturePreparationScreen","flutter_mort/lib/features/trust/teen_verification_screens.dart","","authenticated_or_public_route_guard_plus_server_authorization","not_detected","not_detected","not_detected","not_detected","not_detected","route_guard_detected","not_detected","not_detected","detected","detected","registered_internal_route","not_collected_by_design","Choose an evidence route; A current middle-school or high-school ID review is recommended when available, but it is not mandatory.; Current school ID review; Verified school email; Partner or youth-program attestation; Government or youth-program ID; Manual exception or no-document pilot route; Review capture and privacy steps; Request a manual route; Document capture and privacy; MORT requests camera access only after you choose a permitted document route and tap Use camera.; Photo Picker - unavailable for real IDs","no_direct_static_reference","no_direct_static_test_reference"
"flutter_android_authoritative","/welcome","authenticated_or_public","Enter MORT","WelcomeScreen","flutter_mort/lib/features/mort_screens.dart","missionPilotRepositoryProvider; authRepositoryProvider; profileRepositoryProvider; jobsRepositoryProvider; applicationsRepositoryProvider; uploadsRepositoryProvider; messagingRepositoryProvider; safetyRepositoryProvider; notificationsRepositoryProvider; adminRepositoryProvider; guardianRepositoryProvider; monetizationRepositoryProvider","public_route_with_server_authorization_for_mutations","detected","detected","detected","not_detected","detected","public_route","detected","detected","detected","detected","registered_internal_route","not_collected_by_design","Enter MORT; Sign in; MORT; A darker, cleaner local hustle app for teens, adults, guardians, and safety moderation.; Free safety tools stay free; Create account; Read teen safety; MORT cannot connect right now; Close and reopen the app, then try again. Contact MORT Support if the problem continues.; Connection required; MORT is paused safely; Marketplace and account actions are temporarily unavailable while safety or reliability work is completed.","no_direct_static_reference","no_direct_static_test_reference"
