record_id,organization,document_title,official_source,official_domain,retrieval_date,last_updated_date,jurisdiction,category,category_label,applicable_role,clause_categories,source_access_status,access_method,direct_http_status,final_retrieval_url,content_type,source_content_sha256,archive_version_url,declaration_url,browser_verification_date,browser_review_evidence,summary,safety_approach,payment_approach,dispute_approach,minor_user_approach,privacy_approach,location_approach,verification_approach,limitation_of_liability_approach,arbitration_status,class_action_status,indemnification_status,lessons_applicable_to_mort,clauses_inappropriate_for_mort,legal_review_required,copied_source_excerpt
MORT-LR-0001,Taskrabbit,Global Terms of Service,https://support.taskrabbit.com/hc/en-gb/articles/46260465608603-Taskrabbit-Global-Terms-of-Service,support.taskrabbit.com,2026-07-19,not visible in reviewed source,United States; United Kingdom; Canada,local_task_marketplaces,Local task marketplaces,"worker, customer, platform operator",account_and_eligibility | safety_and_conduct | payments_and_fees | disputes_and_appeals | privacy_and_retention | location | identity_and_verification | liability_and_insurance | minors_and_guardians | moderation_and_enforcement,reviewed_direct,direct official HTML/text retrieval,200,https://support.taskrabbit.com/hc/en-gb/articles/46260465608603-Taskrabbit-Global-Terms-of-Service,text/html; charset=utf-8,b4f1027b586baa853f1e448f419556b448b9d13d7de64e842c2ed7616b6d4f7c,,,,,"Taskrabbit's Global Terms of Service addresses account and eligibility, safety and conduct, payments and fees, disputes and appeals for local task marketplaces. MORT can use the observed pattern as comparative input, but must draft its own teen-safe language and obtain jurisdiction-specific attorney review.","Uses stated conduct, risk, restriction, reporting, or safety controls; MORT must retain emergency escalation and victim-centered treatment.","Addresses payment, fees, refunds, wages, or transaction duties; MORT must still state that its current flow records preferences and obligations without processing funds.","Provides a complaint, dispute, mediation, arbitration, or appeal pattern; MORT must preserve private review and avoid promising court outcomes.","Contains child, youth, age, parent, or guardian treatment that requires comparison with MORT's 13-17 role and optional Guardian Mode.","Addresses personal information, privacy rights, retention, or deletion; MORT must apply minimization to location, evidence, documents, and youth data.",Addresses location or address data; MORT should release exact job locations only after authorization and record the release state.,"Discusses identity, screening, background checks, or biometrics; MORT must label each signal precisely and avoid calling nonauthoritative checks identity proof.","Contains liability, warranty, indemnity, or insurance allocation that cannot be transferred to MORT without attorney review and nonwaivable-right analysis.",present in reviewed source,present in reviewed source,present in reviewed source,"Use job-specific scope, payment, cancellation, safety, evidence, and dispute records instead of treating a generic platform agreement as the whole transaction.","Do not import adult-only eligibility assumptions, broad waivers, conclusive contractor labels, forced-dispute terms, or liability allocations without teen-safety and jurisdiction-specific review.",true,
MORT-LR-0002,Taskrabbit,Global Privacy Policy,https://support.taskrabbit.com/hc/en-ca/articles/46260411318427-Taskrabbit-Global-Privacy-Policy,support.taskrabbit.com,2026-07-19,"May 26, 2026",United Kingdom; European Union / EEA; Canada,local_task_marketplaces,Local task marketplaces,"worker, customer, platform operator",account_and_eligibility | safety_and_conduct | payments_and_fees | disputes_and_appeals | privacy_and_retention | location | identity_and_verification | liability_and_insurance | minors_and_guardians,reviewed_direct,direct official HTML/text retrieval,200,https://support.taskrabbit.com/hc/en-ca/articles/46260411318427-Taskrabbit-Global-Privacy-Policy,text/html; charset=utf-8,e9f074a49744660d0cfde8f3b0cef3e340703c73881201f6b3ec41e31106b7e4,,,,,"Taskrabbit's Global Privacy Policy addresses account and eligibility, safety and conduct, payments and fees, disputes and appeals for local task marketplaces. MORT can use the observed pattern as comparative input, but must draft its own teen-safe language and obtain jurisdiction-specific attorney review.","Uses stated conduct, risk, restriction, reporting, or safety controls; MORT must retain emergency escalation and victim-centered treatment.","Addresses payment, fees, refunds, wages, or transaction duties; MORT must still state that its current flow records preferences and obligations without processing funds.","Provides a complaint, dispute, mediation, arbitration, or appeal pattern; MORT must preserve private review and avoid promising court outcomes.","Contains child, youth, age, parent, or guardian treatment that requires comparison with MORT's 13-17 role and optional Guardian Mode.","Addresses personal information, privacy rights, retention, or deletion; MORT must apply minimization to location, evidence, documents, and youth data.",Addresses location or address data; MORT should release exact job locations only after authorization and record the release state.,"Discusses identity, screening, background checks, or biometrics; MORT must label each signal precisely and avoid calling nonauthoritative checks identity proof.","Contains liability, warranty, indemnity, or insurance allocation that cannot be transferred to MORT without attorney review and nonwaivable-right analysis.",present in reviewed source,not observed in reviewed source,not observed in reviewed source,"Use job-specific scope, payment, cancellation, safety, evidence, and dispute records instead of treating a generic platform agreement as the whole transaction.","Do not import adult-only eligibility assumptions, broad waivers, conclusive contractor labels, forced-dispute terms, or liability allocations without teen-safety and jurisdiction-specific review.",true,
MORT-LR-0003,Taskrabbit,Platform Acceptable Use Policy,https://support.taskrabbit.com/hc/en-us/articles/46260475390107-Taskrabbit-Platform-Acceptable-Use-Policy,support.taskrabbit.com,2026-07-19,"November 30, 2023",United States,local_task_marketplaces,Local task marketplaces,"worker, customer, platform operator",account_and_eligibility | safety_and_conduct | payments_and_fees | privacy_and_retention | location | minors_and_guardians | moderation_and_enforcement,reviewed_direct,direct official HTML/text retrieval,200,https://support.taskrabbit.com/hc/en-us/articles/46260475390107-Taskrabbit-Platform-Acceptable-Use-Policy,text/html; charset=utf-8,bb046ba24cbaae980bc0e17f235a6bb67236fc2e109174ce59451f4d25e1994a,,,,,"Taskrabbit's Platform Acceptable Use Policy addresses account and eligibility, safety and conduct, payments and fees, privacy and retention for local task marketplaces. MORT can use the observed pattern as comparative input, but must draft its own teen-safe language and obtain jurisdiction-specific attorney review.","Uses stated conduct, risk, restriction, reporting, or safety controls; MORT must retain emergency escalation and victim-centered treatment.","Addresses payment, fees, refunds, wages, or transaction duties; MORT must still state that its current flow records preferences and obligations without processing funds.",No detailed dispute path was observed in this document.,"Contains child, youth, age, parent, or guardian treatment that requires comparison with MORT's 13-17 role and optional Guardian Mode.","Addresses personal information, privacy rights, retention, or deletion; MORT must apply minimization to location, evidence, documents, and youth data.",Addresses location or address data; MORT should release exact job locations only after authorization and record the release state.,No material identity-verification process was observed in this document.,No detailed liability or insurance allocation was observed in this document.,not observed in reviewed source,not observed in reviewed source,not observed in reviewed source,"Use job-specific scope, payment, cancellation, safety, evidence, and dispute records instead of treating a generic platform agreement as the whole transaction.","Do not import adult-only eligibility assumptions, broad waivers, conclusive contractor labels, forced-dispute terms, or liability allocations without teen-safety and jurisdiction-specific review.",true,
MORT-LR-0004,Taskrabbit,"Fees, Payments, and Cancellation Supplemental Terms",https://support.taskrabbit.com/hc/en-us/articles/46260514951579-Fees-Payments-and-Cancellation-Supplemental-Terms,support.taskrabbit.com,2026-07-19,"January 17, 2025",United States,local_task_marketplaces,Local task marketplaces,"worker, customer, platform operator",account_and_eligibility | payments_and_fees | privacy_and_retention | location | liability_and_insurance | minors_and_guardians | moderation_and_enforcement,reviewed_direct,direct official HTML/text retrieval,200,https://support.taskrabbit.com/hc/en-us/articles/46260514951579-Fees-Payments-and-Cancellation-Supplemental-Terms,text/html; charset=utf-8,26015e6fa4675b6c80022979c924501616e747d000ed404503b44586ae300a96,,,,,"Taskrabbit's Fees, Payments, and Cancellation Supplemental Terms addresses account and eligibility, payments and fees, privacy and retention, location for local task marketplaces. MORT can use the observed pattern as comparative input, but must draft its own teen-safe language and obtain jurisdiction-specific attorney review.","No detailed safety framework was observed in this document; MORT needs a separate, explicit safety policy.","Addresses payment, fees, refunds, wages, or transaction duties; MORT must still state that its current flow records preferences and obligations without processing funds.",No detailed dispute path was observed in this document.,"Contains child, youth, age, parent, or guardian treatment that requires comparison with MORT's 13-17 role and optional Guardian Mode.","Addresses personal information, privacy rights, retention, or deletion; MORT must apply minimization to location, evidence, documents, and youth data.",Addresses location or address data; MORT should release exact job locations only after authorization and record the release state.,No material identity-verification process was observed in this document.,"Contains liability, warranty, indemnity, or insurance allocation that cannot be transferred to MORT without attorney review and nonwaivable-right analysis.",not observed in reviewed source,not observed in reviewed source,not observed in reviewed source,"Use job-specific scope, payment, cancellation, safety, evidence, and dispute records instead of treating a generic platform agreement as the whole transaction.","Do not import adult-only eligibility assumptions, broad waivers, conclusive contractor labels, forced-dispute terms, or liability allocations without teen-safety and jurisdiction-specific review.",true,
MORT-LR-0005,Taskrabbit,Taskprotect Terms and Conditions,https://support.taskrabbit.com/hc/en-us/articles/46260436180379-Taskprotect-Terms-Conditions,support.taskrabbit.com,2026-07-19,"December 11, 2025",United States,local_task_marketplaces,Local task marketplaces,"worker, customer, platform operator",account_and_eligibility | payments_and_fees | privacy_and_retention | location | liability_and_insurance | minors_and_guardians,reviewed_direct,direct official HTML/text retrieval,200,https://support.taskrabbit.com/hc/en-us/articles/46260436180379-Taskprotect-Terms-Conditions,text/html; charset=utf-8,65d9fbae8d95c7cdeba5e215ce929710e9da0f3e56245f838b7bdba012fa5429,,,,,"Taskrabbit's Taskprotect Terms and Conditions addresses account and eligibility, payments and fees, privacy and retention, location for local task marketplaces. MORT can use the observed pattern as comparative input, but must draft its own teen-safe language and obtain jurisdiction-specific attorney review.","No detailed safety framework was observed in this document; MORT needs a separate, explicit safety policy.","Addresses payment, fees, refunds, wages, or transaction duties; MORT must still state that its current flow records preferences and obligations without processing funds.",No detailed dispute path was observed in this document.,"Contains child, youth, age, parent, or guardian treatment that requires comparison with MORT's 13-17 role and optional Guardian Mode.","Addresses personal information, privacy rights, retention, or deletion; MORT must apply minimization to location, evidence, documents, and youth data.",Addresses location or address data; MORT should release exact job locations only after authorization and record the release state.,No material identity-verification process was observed in this document.,"Contains liability, warranty, indemnity, or insurance allocation that cannot be transferred to MORT without attorney review and nonwaivable-right analysis.",not observed in reviewed source,not observed in reviewed source,present in reviewed source,"Use job-specific scope, payment, cancellation, safety, evidence, and dispute records instead of treating a generic platform agreement as the whole transaction.","Do not import adult-only eligibility assumptions, broad waivers, conclusive contractor labels, forced-dispute terms, or liability allocations without teen-safety and jurisdiction-specific review.",true,
MORT-LR-0006,Taskrabbit,Overview of Trust and Safety,https://support.taskrabbit.com/hc/en-us/articles/46260491906203-Overview-of-Trust-and-Safety,support.taskrabbit.com,2026-07-19,not visible in reviewed source,United States,local_task_marketplaces,Local task marketplaces,"worker, customer, platform operator",safety_and_conduct | payments_and_fees | disputes_and_appeals | privacy_and_retention | location | identity_and_verification | liability_and_insurance | minors_and_guardians,reviewed_direct,direct official HTML/text retrieval,200,https://support.taskrabbit.com/hc/en-us/articles/46260491906203-Overview-of-Trust-and-Safety,text/html; charset=utf-8,656ba7442720f48087115114ffe143ee079adc851acff02c9e34e7276a39e662,,,,,"Taskrabbit's Overview of Trust and Safety addresses safety and conduct, payments and fees, disputes and appeals, privacy and retention for local task marketplaces. MORT can use the observed pattern as comparative input, but must draft its own teen-safe language and obtain jurisdiction-specific attorney review.","Uses stated conduct, risk, restriction, reporting, or safety controls; MORT must retain emergency escalation and victim-centered treatment.","Addresses payment, fees, refunds, wages, or transaction duties; MORT must still state that its current flow records preferences and obligations without processing funds.","Provides a complaint, dispute, mediation, arbitration, or appeal pattern; MORT must preserve private review and avoid promising court outcomes.","Contains child, youth, age, parent, or guardian treatment that requires comparison with MORT's 13-17 role and optional Guardian Mode.","Addresses personal information, privacy rights, retention, or deletion; MORT must apply minimization to location, evidence, documents, and youth data.",Addresses location or address data; MORT should release exact job locations only after authorization and record the release state.,"Discusses identity, screening, background checks, or biometrics; MORT must label each signal precisely and avoid calling nonauthoritative checks identity proof.","Contains liability, warranty, indemnity, or insurance allocation that cannot be transferred to MORT without attorney review and nonwaivable-right analysis.",not observed in reviewed source,not observed in reviewed source,not observed in reviewed source,"Use job-specific scope, payment, cancellation, safety, evidence, and dispute records instead of treating a generic platform agreement as the whole transaction.","Do not import adult-only eligibility assumptions, broad waivers, conclusive contractor labels, forced-dispute terms, or liability allocations without teen-safety and jurisdiction-specific review.",true,
MORT-LR-0007,Taskrabbit,Communication After Task Invite Policy,https://support.taskrabbit.com/hc/en-us/articles/46260405727771-Communication-After-Task-Invite-Policy,support.taskrabbit.com,2026-07-19,"June 23, 2025",United States,local_task_marketplaces,Local task marketplaces,"worker, customer, platform operator",account_and_eligibility | payments_and_fees | privacy_and_retention | location | identity_and_verification | minors_and_guardians,reviewed_direct,direct official HTML/text retrieval,200,https://support.taskrabbit.com/hc/en-us/articles/46260405727771-Communication-After-Task-Invite-Policy,text/html; charset=utf-8,2403c129b44acd6f3a51689749eeaaacf414dd96607f23a97de39e2cb73962af,,,,,"Taskrabbit's Communication After Task Invite Policy addresses account and eligibility, payments and fees, privacy and retention, location for local task marketplaces. MORT can use the observed pattern as comparative input, but must draft its own teen-safe language and obtain jurisdiction-specific attorney review.","No detailed safety framework was observed in this document; MORT needs a separate, explicit safety policy.","Addresses payment, fees, refunds, wages, or transaction duties; MORT must still state that its current flow records preferences and obligations without processing funds.",No detailed dispute path was observed in this document.,"Contains child, youth, age, parent, or guardian treatment that requires comparison with MORT's 13-17 role and optional Guardian Mode.","Addresses personal information, privacy rights, retention, or deletion; MORT must apply minimization to location, evidence, documents, and youth data.",Addresses location or address data; MORT should release exact job locations only after authorization and record the release state.,"Discusses identity, screening, background checks, or biometrics; MORT must label each signal precisely and avoid calling nonauthoritative checks identity proof.",No detailed liability or insurance allocation was observed in this document.,not observed in reviewed source,not observed in reviewed source,not observed in reviewed source,"Use job-specific scope, payment, cancellation, safety, evidence, and dispute records instead of treating a generic platform agreement as the whole transaction.","Do not import adult-only eligibility assumptions, broad waivers, conclusive contractor labels, forced-dispute terms, or liability allocations without teen-safety and jurisdiction-specific review.",true,
MORT-LR-0008,Taskrabbit,Finding Volunteers on Taskrabbit,https://support.taskrabbit.com/hc/en-us/articles/46260412971931-Finding-Volunteers-on-Taskrabbit,support.taskrabbit.com,2026-07-19,not visible in reviewed source,United States; Canada,local_task_marketplaces,Local task marketplaces,"worker, customer, platform operator",account_and_eligibility | payments_and_fees | privacy_and_retention | location | minors_and_guardians,reviewed_direct,direct official HTML/text retrieval,200,https://support.taskrabbit.com/hc/en-us/articles/46260412971931-Finding-Volunteers-on-Taskrabbit,text/html; charset=utf-8,38a67ff0b7efe6d63e48a801b7157e57a70a830d4c313acd23a493f0d9c44059,,,,,"Taskrabbit's Finding Volunteers on Taskrabbit addresses account and eligibility, payments and fees, privacy and retention, location for local task marketplaces. MORT can use the observed pattern as comparative input, but must draft its own teen-safe language and obtain jurisdiction-specific attorney review.","No detailed safety framework was observed in this document; MORT needs a separate, explicit safety policy.","Addresses payment, fees, refunds, wages, or transaction duties; MORT must still state that its current flow records preferences and obligations without processing funds.",No detailed dispute path was observed in this document.,"Contains child, youth, age, parent, or guardian treatment that requires comparison with MORT's 13-17 role and optional Guardian Mode.","Addresses personal information, privacy rights, retention, or deletion; MORT must apply minimization to location, evidence, documents, and youth data.",Addresses location or address data; MORT should release exact job locations only after authorization and record the release state.,No material identity-verification process was observed in this document.,No detailed liability or insurance allocation was observed in this document.,not observed in reviewed source,not observed in reviewed source,not observed in reviewed source,"Use job-specific scope, payment, cancellation, safety, evidence, and dispute records instead of treating a generic platform agreement as the whole transaction.","Do not import adult-only eligibility assumptions, broad waivers, conclusive contractor labels, forced-dispute terms, or liability allocations without teen-safety and jurisdiction-specific review.",true,
MORT-LR-0009,Taskrabbit,Insurance Disclosure,https://support.taskrabbit.com/hc/en-ca/articles/46260501460891-What-Kind-of-Insurance-Does-Taskrabbit-Offer,support.taskrabbit.com,2026-07-19,not visible in reviewed source,Canada,local_task_marketplaces,Local task marketplaces,"worker, customer, platform operator",safety_and_conduct | payments_and_fees | disputes_and_appeals | privacy_and_retention | location | liability_and_insurance | minors_and_guardians,reviewed_direct,direct official HTML/text retrieval,200,https://support.taskrabbit.com/hc/en-ca/articles/46260501460891-What-Kind-of-Insurance-Does-Taskrabbit-Offer,text/html; charset=utf-8,88cc40b2857350f78caa7942cf2f56948998d5409dbfc2a43387f19fdc012885,,,,,"Taskrabbit's Insurance Disclosure addresses safety and conduct, payments and fees, disputes and appeals, privacy and retention for local task marketplaces. MORT can use the observed pattern as comparative input, but must draft its own teen-safe language and obtain jurisdiction-specific attorney review.","Uses stated conduct, risk, restriction, reporting, or safety controls; MORT must retain emergency escalation and victim-centered treatment.","Addresses payment, fees, refunds, wages, or transaction duties; MORT must still state that its current flow records preferences and obligations without processing funds.","Provides a complaint, dispute, mediation, arbitration, or appeal pattern; MORT must preserve private review and avoid promising court outcomes.","Contains child, youth, age, parent, or guardian treatment that requires comparison with MORT's 13-17 role and optional Guardian Mode.","Addresses personal information, privacy rights, retention, or deletion; MORT must apply minimization to location, evidence, documents, and youth data.",Addresses location or address data; MORT should release exact job locations only after authorization and record the release state.,No material identity-verification process was observed in this document.,"Contains liability, warranty, indemnity, or insurance allocation that cannot be transferred to MORT without attorney review and nonwaivable-right analysis.",not observed in reviewed source,not observed in reviewed source,not observed in reviewed source,"Use job-specific scope, payment, cancellation, safety, evidence, and dispute records instead of treating a generic platform agreement as the whole transaction.","Do not import adult-only eligibility assumptions, broad waivers, conclusive contractor labels, forced-dispute terms, or liability allocations without teen-safety and jurisdiction-specific review.",true,
MORT-LR-0010,Taskrabbit,Tasker Payment Guidance,https://support.taskrabbit.com/hc/en-gb/articles/46260427597595-How-Do-I-Pay-My-Tasker,support.taskrabbit.com,2026-07-19,not visible in reviewed source,United Kingdom,local_task_marketplaces,Local task marketplaces,"worker, customer, platform operator",account_and_eligibility | payments_and_fees | privacy_and_retention | location | minors_and_guardians,reviewed_direct,direct official HTML/text retrieval,200,https://support.taskrabbit.com/hc/en-gb/articles/46260427597595-How-Do-I-Pay-My-Tasker,text/html; charset=utf-8,d303747c346194c37abf051b66932c3b6163c38288b8a2ec0259d6053796cb27,,,,,"Taskrabbit's Tasker Payment Guidance addresses account and eligibility, payments and fees, privacy and retention, location for local task marketplaces. MORT can use the observed pattern as comparative input, but must draft its own teen-safe language and obtain jurisdiction-specific attorney review.","No detailed safety framework was observed in this document; MORT needs a separate, explicit safety policy.","Addresses payment, fees, refunds, wages, or transaction duties; MORT must still state that its current flow records preferences and obligations without processing funds.",No detailed dispute path was observed in this document.,"Contains child, youth, age, parent, or guardian treatment that requires comparison with MORT's 13-17 role and optional Guardian Mode.","Addresses personal information, privacy rights, retention, or deletion; MORT must apply minimization to location, evidence, documents, and youth data.",Addresses location or address data; MORT should release exact job locations only after authorization and record the release state.,No material identity-verification process was observed in this document.,No detailed liability or insurance allocation was observed in this document.,not observed in reviewed source,not observed in reviewed source,not observed in reviewed source,"Use job-specific scope, payment, cancellation, safety, evidence, and dispute records instead of treating a generic platform agreement as the whole transaction.","Do not import adult-only eligibility assumptions, broad waivers, conclusive contractor labels, forced-dispute terms, or liability allocations without teen-safety and jurisdiction-specific review.",true,
MORT-LR-0011,Thumbtack,Terms of Use,https://www.thumbtack.com/terms,www.thumbtack.com,2026-07-19,"July 10, 2026",multi-jurisdiction or source-specific,local_task_marketplaces,Local task marketplaces,"worker, customer, platform operator",account_and_eligibility | safety_and_conduct | payments_and_fees | disputes_and_appeals | privacy_and_retention | location | identity_and_verification | liability_and_insurance | moderation_and_enforcement,reviewed_direct,direct official HTML/text retrieval,200,https://www.thumbtack.com/terms,text/html; charset=utf-8,a23dd528211a3e07e237ddbe07e8108dda9a3781f6f4ce09f286ef198cfac676,,,,,"Thumbtack's Terms of Use addresses account and eligibility, safety and conduct, payments and fees, disputes and appeals for local task marketplaces. MORT can use the observed pattern as comparative input, but must draft its own teen-safe language and obtain jurisdiction-specific attorney review.","Uses stated conduct, risk, restriction, reporting, or safety controls; MORT must retain emergency escalation and victim-centered treatment.","Addresses payment, fees, refunds, wages, or transaction duties; MORT must still state that its current flow records preferences and obligations without processing funds.","Provides a complaint, dispute, mediation, arbitration, or appeal pattern; MORT must preserve private review and avoid promising court outcomes.",No material minor-user treatment was observed; this gap makes the source unsuitable as a complete model for MORT.,"Addresses personal information, privacy rights, retention, or deletion; MORT must apply minimization to location, evidence, documents, and youth data.",Addresses location or address data; MORT should release exact job locations only after authorization and record the release state.,"Discusses identity, screening, background checks, or biometrics; MORT must label each signal precisely and avoid calling nonauthoritative checks identity proof.","Contains liability, warranty, indemnity, or insurance allocation that cannot be transferred to MORT without attorney review and nonwaivable-right analysis.",present in reviewed source,present in reviewed source,present in reviewed source,"Use job-specific scope, payment, cancellation, safety, evidence, and dispute records instead of treating a generic platform agreement as the whole transaction.","Do not import adult-only eligibility assumptions, broad waivers, conclusive contractor labels, forced-dispute terms, or liability allocations without teen-safety and jurisdiction-specific review.",true,
MORT-LR-0012,Thumbtack,Privacy Policy,https://www.thumbtack.com/privacy,www.thumbtack.com,2026-07-19,"July 2, 2026",Canada,local_task_marketplaces,Local task marketplaces,"worker, customer, platform operator",account_and_eligibility | safety_and_conduct | payments_and_fees | disputes_and_appeals | privacy_and_retention | location | identity_and_verification | liability_and_insurance | minors_and_guardians,reviewed_direct,direct official HTML/text retrieval,200,https://www.thumbtack.com/privacy,text/html; charset=utf-8,c564e6d860b9b2e2a5a9b0afe99545140e35921449755dc4fed94a2a91bbd612,,,,,"Thumbtack's Privacy Policy addresses account and eligibility, safety and conduct, payments and fees, disputes and appeals for local task marketplaces. MORT can use the observed pattern as comparative input, but must draft its own teen-safe language and obtain jurisdiction-specific attorney review.","Uses stated conduct, risk, restriction, reporting, or safety controls; MORT must retain emergency escalation and victim-centered treatment.","Addresses payment, fees, refunds, wages, or transaction duties; MORT must still state that its current flow records preferences and obligations without processing funds.","Provides a complaint, dispute, mediation, arbitration, or appeal pattern; MORT must preserve private review and avoid promising court outcomes.","Contains child, youth, age, parent, or guardian treatment that requires comparison with MORT's 13-17 role and optional Guardian Mode.","Addresses personal information, privacy rights, retention, or deletion; MORT must apply minimization to location, evidence, documents, and youth data.",Addresses location or address data; MORT should release exact job locations only after authorization and record the release state.,"Discusses identity, screening, background checks, or biometrics; MORT must label each signal precisely and avoid calling nonauthoritative checks identity proof.","Contains liability, warranty, indemnity, or insurance allocation that cannot be transferred to MORT without attorney review and nonwaivable-right analysis.",not observed in reviewed source,not observed in reviewed source,not observed in reviewed source,"Use job-specific scope, payment, cancellation, safety, evidence, and dispute records instead of treating a generic platform agreement as the whole transaction.","Do not import adult-only eligibility assumptions, broad waivers, conclusive contractor labels, forced-dispute terms, or liability allocations without teen-safety and jurisdiction-specific review.",true,
MORT-LR-0013,Thumbtack,Thumbtack Guarantee,https://www.thumbtack.com/guarantee,www.thumbtack.com,2026-07-19,not visible in reviewed source,multi-jurisdiction or source-specific,local_task_marketplaces,Local task marketplaces,"worker, customer, platform operator",account_and_eligibility | safety_and_conduct | payments_and_fees | privacy_and_retention | liability_and_insurance,reviewed_direct,direct official HTML/text retrieval,200,https://www.thumbtack.com/guarantee,text/html; charset=utf-8,7988ce22789049ec5102b4a86ba7e2586bee726b7f1be264dbee3e5d00b9c19d,,,,,"Thumbtack's Thumbtack Guarantee addresses account and eligibility, safety and conduct, payments and fees, privacy and retention for local task marketplaces. MORT can use the observed pattern as comparative input, but must draft its own teen-safe language and obtain jurisdiction-specific attorney review.","Uses stated conduct, risk, restriction, reporting, or safety controls; MORT must retain emergency escalation and victim-centered treatment.","Addresses payment, fees, refunds, wages, or transaction duties; MORT must still state that its current flow records preferences and obligations without processing funds.",No detailed dispute path was observed in this document.,No material minor-user treatment was observed; this gap makes the source unsuitable as a complete model for MORT.,"Addresses personal information, privacy rights, retention, or deletion; MORT must apply minimization to location, evidence, documents, and youth data.",No material location treatment was observed in this document.,No material identity-verification process was observed in this document.,"Contains liability, warranty, indemnity, or insurance allocation that cannot be transferred to MORT without attorney review and nonwaivable-right analysis.",not observed in reviewed source,not observed in reviewed source,not observed in reviewed source,"Use job-specific scope, payment, cancellation, safety, evidence, and dispute records instead of treating a generic platform agreement as the whole transaction.","Do not import adult-only eligibility assumptions, broad waivers, conclusive contractor labels, forced-dispute terms, or liability allocations without teen-safety and jurisdiction-specific review.",true,
MORT-LR-0014,Thumbtack,Safety Guidance,https://www.thumbtack.com/safety,www.thumbtack.com,2026-07-19,not visible in reviewed source,multi-jurisdiction or source-specific,local_task_marketplaces,Local task marketplaces,"worker, customer, platform operator",account_and_eligibility | safety_and_conduct | payments_and_fees | privacy_and_retention | identity_and_verification | liability_and_insurance,reviewed_direct,direct official HTML/text retrieval,200,https://www.thumbtack.com/safety,text/html; charset=utf-8,9e7b1fdc18272d747af26fea930db4824e55dacc0deea8870ddba0e86972f49f,,,,,"Thumbtack's Safety Guidance addresses account and eligibility, safety and conduct, payments and fees, privacy and retention for local task marketplaces. MORT can use the observed pattern as comparative input, but must draft its own teen-safe language and obtain jurisdiction-specific attorney review.","Uses stated conduct, risk, restriction, reporting, or safety controls; MORT must retain emergency escalation and victim-centered treatment.","Addresses payment, fees, refunds, wages, or transaction duties; MORT must still state that its current flow records preferences and obligations without processing funds.",No detailed dispute path was observed in this document.,No material minor-user treatment was observed; this gap makes the source unsuitable as a complete model for MORT.,"Addresses personal information, privacy rights, retention, or deletion; MORT must apply minimization to location, evidence, documents, and youth data.",No material location treatment was observed in this document.,"Discusses identity, screening, background checks, or biometrics; MORT must label each signal precisely and avoid calling nonauthoritative checks identity proof.","Contains liability, warranty, indemnity, or insurance allocation that cannot be transferred to MORT without attorney review and nonwaivable-right analysis.",not observed in reviewed source,not observed in reviewed source,not observed in reviewed source,"Use job-specific scope, payment, cancellation, safety, evidence, and dispute records instead of treating a generic platform agreement as the whole transaction.","Do not import adult-only eligibility assumptions, broad waivers, conclusive contractor labels, forced-dispute terms, or liability allocations without teen-safety and jurisdiction-specific review.",true,
MORT-LR-0015,Airtasker,United States Terms and Conditions,https://www.airtasker.com/us/terms,www.airtasker.com,2026-07-19,not visible in reviewed source,multi-jurisdiction or source-specific,local_task_marketplaces,Local task marketplaces,"worker, customer, platform operator",account_and_eligibility | safety_and_conduct | payments_and_fees | disputes_and_appeals | privacy_and_retention | location | identity_and_verification | liability_and_insurance | minors_and_guardians | moderation_and_enforcement,reviewed_direct,direct official HTML/text retrieval,200,https://www.airtasker.com/us/terms/,text/html; charset=utf-8,889271fd6a1cd973afea8006533ca1fe0ae39946a2f6a4769cd78b69ee3efc05,,,,,"Airtasker's United States Terms and Conditions addresses account and eligibility, safety and conduct, payments and fees, disputes and appeals for local task marketplaces. MORT can use the observed pattern as comparative input, but must draft its own teen-safe language and obtain jurisdiction-specific attorney review.","Uses stated conduct, risk, restriction, reporting, or safety controls; MORT must retain emergency escalation and victim-centered treatment.","Addresses payment, fees, refunds, wages, or transaction duties; MORT must still state that its current flow records preferences and obligations without processing funds.","Provides a complaint, dispute, mediation, arbitration, or appeal pattern; MORT must preserve private review and avoid promising court outcomes.","Contains child, youth, age, parent, or guardian treatment that requires comparison with MORT's 13-17 role and optional Guardian Mode.","Addresses personal information, privacy rights, retention, or deletion; MORT must apply minimization to location, evidence, documents, and youth data.",Addresses location or address data; MORT should release exact job locations only after authorization and record the release state.,"Discusses identity, screening, background checks, or biometrics; MORT must label each signal precisely and avoid calling nonauthoritative checks identity proof.","Contains liability, warranty, indemnity, or insurance allocation that cannot be transferred to MORT without attorney review and nonwaivable-right analysis.",not observed in reviewed source,not observed in reviewed source,present in reviewed source,"Use job-specific scope, payment, cancellation, safety, evidence, and dispute records instead of treating a generic platform agreement as the whole transaction.","Do not import adult-only eligibility assumptions, broad waivers, conclusive contractor labels, forced-dispute terms, or liability allocations without teen-safety and jurisdiction-specific review.",true,
MORT-LR-0016,Airtasker,United States Privacy Policy,https://www.airtasker.com/us/privacy,www.airtasker.com,2026-07-19,16 January 2026,United Kingdom; Australia,local_task_marketplaces,Local task marketplaces,"worker, customer, platform operator",account_and_eligibility | safety_and_conduct | payments_and_fees | disputes_and_appeals | privacy_and_retention | location | identity_and_verification | liability_and_insurance | minors_and_guardians | moderation_and_enforcement,reviewed_direct,direct official HTML/text retrieval,200,https://www.airtasker.com/us/privacy/,text/html; charset=utf-8,103e73e360ffb7e73685acb9421c09cfb1144a401afd3bb6b1e00952a15a1325,,,,,"Airtasker's United States Privacy Policy addresses account and eligibility, safety and conduct, payments and fees, disputes and appeals for local task marketplaces. MORT can use the observed pattern as comparative input, but must draft its own teen-safe language and obtain jurisdiction-specific attorney review.","Uses stated conduct, risk, restriction, reporting, or safety controls; MORT must retain emergency escalation and victim-centered treatment.","Addresses payment, fees, refunds, wages, or transaction duties; MORT must still state that its current flow records preferences and obligations without processing funds.","Provides a complaint, dispute, mediation, arbitration, or appeal pattern; MORT must preserve private review and avoid promising court outcomes.","Contains child, youth, age, parent, or guardian treatment that requires comparison with MORT's 13-17 role and optional Guardian Mode.","Addresses personal information, privacy rights, retention, or deletion; MORT must apply minimization to location, evidence, documents, and youth data.",Addresses location or address data; MORT should release exact job locations only after authorization and record the release state.,"Discusses identity, screening, background checks, or biometrics; MORT must label each signal precisely and avoid calling nonauthoritative checks identity proof.","Contains liability, warranty, indemnity, or insurance allocation that cannot be transferred to MORT without attorney review and nonwaivable-right analysis.",not observed in reviewed source,not observed in reviewed source,not observed in reviewed source,"Use job-specific scope, payment, cancellation, safety, evidence, and dispute records instead of treating a generic platform agreement as the whole transaction.","Do not import adult-only eligibility assumptions, broad waivers, conclusive contractor labels, forced-dispute terms, or liability allocations without teen-safety and jurisdiction-specific review.",true,
MORT-LR-0017,Airtasker,Community Guidelines,https://www.airtasker.com/au/community-guidelines,www.airtasker.com,2026-07-19,not visible in reviewed source,multi-jurisdiction or source-specific,local_task_marketplaces,Local task marketplaces,"worker, customer, platform operator",account_and_eligibility | privacy_and_retention | location,reviewed_direct,direct official HTML/text retrieval,200,https://www.airtasker.com/au/community-guidelines/,text/html; charset=utf-8,9af4969721151913cbfe67aa4dcf02dc4a6badba3a36289e935f12418cb98dc4,,,,,"Airtasker's Community Guidelines addresses account and eligibility, privacy and retention, location for local task marketplaces. MORT can use the observed pattern as comparative input, but must draft its own teen-safe language and obtain jurisdiction-specific attorney review.","No detailed safety framework was observed in this document; MORT needs a separate, explicit safety policy.",No material payment process was observed in this document.,No detailed dispute path was observed in this document.,No material minor-user treatment was observed; this gap makes the source unsuitable as a complete model for MORT.,"Addresses personal information, privacy rights, retention, or deletion; MORT must apply minimization to location, evidence, documents, and youth data.",Addresses location or address data; MORT should release exact job locations only after authorization and record the release state.,No material identity-verification process was observed in this document.,No detailed liability or insurance allocation was observed in this document.,not observed in reviewed source,not observed in reviewed source,not observed in reviewed source,"Use job-specific scope, payment, cancellation, safety, evidence, and dispute records instead of treating a generic platform agreement as the whole transaction.","Do not import adult-only eligibility assumptions, broad waivers, conclusive contractor labels, forced-dispute terms, or liability allocations without teen-safety and jurisdiction-specific review.",true,
MORT-LR-0018,Airtasker,Membership Terms and Conditions,https://www.airtasker.com/us/airtasker-membership-terms,www.airtasker.com,2026-07-19,not visible in reviewed source,multi-jurisdiction or source-specific,local_task_marketplaces,Local task marketplaces,"worker, customer, platform operator",account_and_eligibility | safety_and_conduct | payments_and_fees | disputes_and_appeals | privacy_and_retention | location | liability_and_insurance | moderation_and_enforcement,reviewed_direct,direct official HTML/text retrieval,200,https://www.airtasker.com/us/airtasker-membership-terms/,text/html; charset=utf-8,ede2efeb5b0434304af762e470a3867b749936e4e58559c8c69bd72e4c95d43e,,,,,"Airtasker's Membership Terms and Conditions addresses account and eligibility, safety and conduct, payments and fees, disputes and appeals for local task marketplaces. MORT can use the observed pattern as comparative input, but must draft its own teen-safe language and obtain jurisdiction-specific attorney review.","Uses stated conduct, risk, restriction, reporting, or safety controls; MORT must retain emergency escalation and victim-centered treatment.","Addresses payment, fees, refunds, wages, or transaction duties; MORT must still state that its current flow records preferences and obligations without processing funds.","Provides a complaint, dispute, mediation, arbitration, or appeal pattern; MORT must preserve private review and avoid promising court outcomes.",No material minor-user treatment was observed; this gap makes the source unsuitable as a complete model for MORT.,"Addresses personal information, privacy rights, retention, or deletion; MORT must apply minimization to location, evidence, documents, and youth data.",Addresses location or address data; MORT should release exact job locations only after authorization and record the release state.,No material identity-verification process was observed in this document.,"Contains liability, warranty, indemnity, or insurance allocation that cannot be transferred to MORT without attorney review and nonwaivable-right analysis.",present in reviewed source,present in reviewed source,not observed in reviewed source,"Use job-specific scope, payment, cancellation, safety, evidence, and dispute records instead of treating a generic platform agreement as the whole transaction.","Do not import adult-only eligibility assumptions, broad waivers, conclusive contractor labels, forced-dispute terms, or liability allocations without teen-safety and jurisdiction-specific review.",true,
MORT-LR-0019,Handy,Terms of Use and User Agreement,https://www.handy.com/terms,www.handy.com,2026-07-19,"July 8, 2024",United States; United Kingdom; Canada,local_task_marketplaces,Local task marketplaces,"worker, customer, platform operator",account_and_eligibility | safety_and_conduct | payments_and_fees | disputes_and_appeals | privacy_and_retention | location | identity_and_verification | liability_and_insurance | minors_and_guardians | moderation_and_enforcement,reviewed_direct,direct official HTML/text retrieval,200,https://www.handy.com/terms,text/html; charset=utf-8,7fe4669e1366c2a5428bc70477022d60a06949cdaacb6d67cec28158cdbc823b,,,,,"Handy's Terms of Use and User Agreement addresses account and eligibility, safety and conduct, payments and fees, disputes and appeals for local task marketplaces. MORT can use the observed pattern as comparative input, but must draft its own teen-safe language and obtain jurisdiction-specific attorney review.","Uses stated conduct, risk, restriction, reporting, or safety controls; MORT must retain emergency escalation and victim-centered treatment.","Addresses payment, fees, refunds, wages, or transaction duties; MORT must still state that its current flow records preferences and obligations without processing funds.","Provides a complaint, dispute, mediation, arbitration, or appeal pattern; MORT must preserve private review and avoid promising court outcomes.","Contains child, youth, age, parent, or guardian treatment that requires comparison with MORT's 13-17 role and optional Guardian Mode.","Addresses personal information, privacy rights, retention, or deletion; MORT must apply minimization to location, evidence, documents, and youth data.",Addresses location or address data; MORT should release exact job locations only after authorization and record the release state.,"Discusses identity, screening, background checks, or biometrics; MORT must label each signal precisely and avoid calling nonauthoritative checks identity proof.","Contains liability, warranty, indemnity, or insurance allocation that cannot be transferred to MORT without attorney review and nonwaivable-right analysis.",present in reviewed source,present in reviewed source,present in reviewed source,"Use job-specific scope, payment, cancellation, safety, evidence, and dispute records instead of treating a generic platform agreement as the whole transaction.","Do not import adult-only eligibility assumptions, broad waivers, conclusive contractor labels, forced-dispute terms, or liability allocations without teen-safety and jurisdiction-specific review.",true,
MORT-LR-0020,Handy,Privacy Policy,https://www.handy.com/privacy,www.handy.com,2026-07-19,"June 22, 2023",United States; United Kingdom; Canada,local_task_marketplaces,Local task marketplaces,"worker, customer, platform operator",account_and_eligibility | payments_and_fees | disputes_and_appeals | privacy_and_retention | location | identity_and_verification | minors_and_guardians | moderation_and_enforcement,reviewed_direct,direct official HTML/text retrieval,200,https://www.handy.com/privacy,text/html; charset=utf-8,ff1211d4fd2e8cb701bd5fe5c75fc5926a5e0fd4224392971ce7f6046efe3902,,,,,"Handy's Privacy Policy addresses account and eligibility, payments and fees, disputes and appeals, privacy and retention for local task marketplaces. MORT can use the observed pattern as comparative input, but must draft its own teen-safe language and obtain jurisdiction-specific attorney review.","No detailed safety framework was observed in this document; MORT needs a separate, explicit safety policy.","Addresses payment, fees, refunds, wages, or transaction duties; MORT must still state that its current flow records preferences and obligations without processing funds.","Provides a complaint, dispute, mediation, arbitration, or appeal pattern; MORT must preserve private review and avoid promising court outcomes.","Contains child, youth, age, parent, or guardian treatment that requires comparison with MORT's 13-17 role and optional Guardian Mode.","Addresses personal information, privacy rights, retention, or deletion; MORT must apply minimization to location, evidence, documents, and youth data.",Addresses location or address data; MORT should release exact job locations only after authorization and record the release state.,"Discusses identity, screening, background checks, or biometrics; MORT must label each signal precisely and avoid calling nonauthoritative checks identity proof.",No detailed liability or insurance allocation was observed in this document.,not observed in reviewed source,not observed in reviewed source,not observed in reviewed source,"Use job-specific scope, payment, cancellation, safety, evidence, and dispute records instead of treating a generic platform agreement as the whole transaction.","Do not import adult-only eligibility assumptions, broad waivers, conclusive contractor labels, forced-dispute terms, or liability allocations without teen-safety and jurisdiction-specific review.",true,
MORT-LR-0021,Upwork,User Agreement,https://upwork.pactsafe.io/versions/68b1e4b9879328be022e65b7.pdf,upwork.pactsafe.io,2026-07-19,not visible in reviewed source,multi-jurisdiction or source-specific,freelance_marketplaces,Freelance marketplaces,"freelancer, client, platform operator",general_governance,reviewed_direct,direct official binary document retrieval; metadata-level review,200,https://upwork.pactsafe.io/versions/68b1e4b9879328be022e65b7.pdf,application/pdf,959b4bad97666e665e3833f6d6fa96134b057c87db40aac78d09ecc6e0010700,,,,,"Upwork's User Agreement addresses general governance for freelance marketplaces. MORT can use the observed pattern as comparative input, but must draft its own teen-safe language and obtain jurisdiction-specific attorney review.","No detailed safety framework was observed in this document; MORT needs a separate, explicit safety policy.",No material payment process was observed in this document.,No detailed dispute path was observed in this document.,No material minor-user treatment was observed; this gap makes the source unsuitable as a complete model for MORT.,No detailed privacy or retention treatment was observed in this document.,No material location treatment was observed in this document.,No material identity-verification process was observed in this document.,No detailed liability or insurance allocation was observed in this document.,not observed in reviewed source,not observed in reviewed source,not observed in reviewed source,"Keep immutable work terms and change orders, preserve payment evidence, and distinguish platform process from a court or employment-classification decision.","Do not import adult-only eligibility assumptions, broad waivers, conclusive contractor labels, forced-dispute terms, or liability allocations without teen-safety and jurisdiction-specific review.",true,
MORT-LR-0022,Upwork,Fixed Price Service Contract Escrow Instructions,https://upwork.pactsafe.io/versions/6920e0b95a2c6fd4b76c22c2.pdf,upwork.pactsafe.io,2026-07-19,not visible in reviewed source,multi-jurisdiction or source-specific,freelance_marketplaces,Freelance marketplaces,"freelancer, client, platform operator",general_governance,reviewed_direct,direct official binary document retrieval; metadata-level review,200,https://upwork.pactsafe.io/versions/6920e0b95a2c6fd4b76c22c2.pdf,application/pdf,81e9f5e8034016abc3b108af5b790b0ab222ff435a2200aa26c8d46f4b35b15d,,,,,"Upwork's Fixed Price Service Contract Escrow Instructions addresses general governance for freelance marketplaces. MORT can use the observed pattern as comparative input, but must draft its own teen-safe language and obtain jurisdiction-specific attorney review.","No detailed safety framework was observed in this document; MORT needs a separate, explicit safety policy.",No material payment process was observed in this document.,No detailed dispute path was observed in this document.,No material minor-user treatment was observed; this gap makes the source unsuitable as a complete model for MORT.,No detailed privacy or retention treatment was observed in this document.,No material location treatment was observed in this document.,No material identity-verification process was observed in this document.,No detailed liability or insurance allocation was observed in this document.,not observed in reviewed source,not observed in reviewed source,not observed in reviewed source,"Keep immutable work terms and change orders, preserve payment evidence, and distinguish platform process from a court or employment-classification decision.","Do not import adult-only eligibility assumptions, broad waivers, conclusive contractor labels, forced-dispute terms, or liability allocations without teen-safety and jurisdiction-specific review.",true,
MORT-LR-0023,Upwork,Hourly Contract Payment Process,https://support.upwork.com/hc/en-us/articles/211067938-How-payments-for-hourly-contracts-work,support.upwork.com,2026-07-19,not visible in reviewed source,United States,freelance_marketplaces,Freelance marketplaces,"freelancer, client, platform operator",payments_and_fees | disputes_and_appeals | identity_and_verification,reviewed_browser_verified,normal-browser review of official first-party page after automated retrieval was blocked or incomplete,,https://support.upwork.com/hc/en-us/articles/211067938-How-payments-for-hourly-contracts-work,text/html (browser-rendered; source text not retained),e972958f8a49f6c54347e4676e55b4787d203d83dc6c1541a99c53da9f3883c4,,,2026-07-19,Official first-party URL and page identity rendered in a normal browser; only original clause-pattern notes were retained.,"Upwork's Hourly Contract Payment Process addresses payments and fees, disputes and appeals, identity and verification for freelance marketplaces. MORT can use the observed pattern as comparative input, but must draft its own teen-safe language and obtain jurisdiction-specific attorney review.","No detailed safety framework was observed in this document; MORT needs a separate, explicit safety policy.","Addresses payment, fees, refunds, wages, or transaction duties; MORT must still state that its current flow records preferences and obligations without processing funds.","Provides a complaint, dispute, mediation, arbitration, or appeal pattern; MORT must preserve private review and avoid promising court outcomes.",No material minor-user treatment was observed; this gap makes the source unsuitable as a complete model for MORT.,No detailed privacy or retention treatment was observed in this document.,No material location treatment was observed in this document.,"Discusses identity, screening, background checks, or biometrics; MORT must label each signal precisely and avoid calling nonauthoritative checks identity proof.",No detailed liability or insurance allocation was observed in this document.,not observed in reviewed source,not observed in reviewed source,not observed in reviewed source,"Keep immutable work terms and change orders, preserve payment evidence, and distinguish platform process from a court or employment-classification decision.","Do not import adult-only eligibility assumptions, broad waivers, conclusive contractor labels, forced-dispute terms, or liability allocations without teen-safety and jurisdiction-specific review.",true,
MORT-LR-0024,Upwork,Fixed-Price Payment Protection for Freelancers,https://support.upwork.com/hc/en-us/articles/211063748-How-Fixed-Price-Payment-Protection-works-for-freelancers-on-Upwork,support.upwork.com,2026-07-19,not visible in reviewed source,United States,freelance_marketplaces,Freelance marketplaces,"freelancer, client, platform operator",safety_and_conduct | payments_and_fees | disputes_and_appeals | identity_and_verification | moderation_and_enforcement,reviewed_browser_verified,normal-browser review of official first-party page after automated retrieval was blocked or incomplete,,https://support.upwork.com/hc/en-us/articles/211063748-How-Fixed-Price-Payment-Protection-works-for-freelancers-on-Upwork,text/html (browser-rendered; source text not retained),fbd8662942e4c13031b0e90dc630731098ae68a01eb29f7bddaa0381b1879581,,,2026-07-19,Official first-party URL and page identity rendered in a normal browser; only original clause-pattern notes were retained.,"Upwork's Fixed-Price Payment Protection for Freelancers addresses safety and conduct, payments and fees, disputes and appeals, identity and verification for freelance marketplaces. MORT can use the observed pattern as comparative input, but must draft its own teen-safe language and obtain jurisdiction-specific attorney review.","Uses stated conduct, risk, restriction, reporting, or safety controls; MORT must retain emergency escalation and victim-centered treatment.","Addresses payment, fees, refunds, wages, or transaction duties; MORT must still state that its current flow records preferences and obligations without processing funds.","Provides a complaint, dispute, mediation, arbitration, or appeal pattern; MORT must preserve private review and avoid promising court outcomes.",No material minor-user treatment was observed; this gap makes the source unsuitable as a complete model for MORT.,No detailed privacy or retention treatment was observed in this document.,No material location treatment was observed in this document.,"Discusses identity, screening, background checks, or biometrics; MORT must label each signal precisely and avoid calling nonauthoritative checks identity proof.",No detailed liability or insurance allocation was observed in this document.,not observed in reviewed source,not observed in reviewed source,not observed in reviewed source,"Keep immutable work terms and change orders, preserve payment evidence, and distinguish platform process from a court or employment-classification decision.","Do not import adult-only eligibility assumptions, broad waivers, conclusive contractor labels, forced-dispute terms, or liability allocations without teen-safety and jurisdiction-specific review.",true,
MORT-LR-0025,Upwork,Milestone and Fixed-Price Payment Process,https://support.upwork.com/hc/en-us/articles/211063718-How-payments-for-milestones-and-fixed-price-contracts-work,support.upwork.com,2026-07-19,not visible in reviewed source,United States,freelance_marketplaces,Freelance marketplaces,"freelancer, client, platform operator",payments_and_fees | disputes_and_appeals | identity_and_verification,reviewed_browser_verified,normal-browser review of official first-party page after automated retrieval was blocked or incomplete,,https://support.upwork.com/hc/en-us/articles/211063718-How-payments-for-milestones-and-fixed-price-contracts-work,text/html (browser-rendered; source text not retained),079e08a42e15b25cc67e5d6d7c76137cb72c5afd5abb826c015f92699d8fb8ba,,,2026-07-19,Official first-party URL and page identity rendered in a normal browser; only original clause-pattern notes were retained.,"Upwork's Milestone and Fixed-Price Payment Process addresses payments and fees, disputes and appeals, identity and verification for freelance marketplaces. MORT can use the observed pattern as comparative input, but must draft its own teen-safe language and obtain jurisdiction-specific attorney review.","No detailed safety framework was observed in this document; MORT needs a separate, explicit safety policy.","Addresses payment, fees, refunds, wages, or transaction duties; MORT must still state that its current flow records preferences and obligations without processing funds.","Provides a complaint, dispute, mediation, arbitration, or appeal pattern; MORT must preserve private review and avoid promising court outcomes.",No material minor-user treatment was observed; this gap makes the source unsuitable as a complete model for MORT.,No detailed privacy or retention treatment was observed in this document.,No material location treatment was observed in this document.,"Discusses identity, screening, background checks, or biometrics; MORT must label each signal precisely and avoid calling nonauthoritative checks identity proof.",No detailed liability or insurance allocation was observed in this document.,not observed in reviewed source,not observed in reviewed source,not observed in reviewed source,"Keep immutable work terms and change orders, preserve payment evidence, and distinguish platform process from a court or employment-classification decision.","Do not import adult-only eligibility assumptions, broad waivers, conclusive contractor labels, forced-dispute terms, or liability allocations without teen-safety and jurisdiction-specific review.",true,
MORT-LR-0026,Upwork,Payment Protection Overview,https://support.upwork.com/hc/en-us/articles/211062568-How-Upwork-protects-your-payments,support.upwork.com,2026-07-19,not visible in reviewed source,United States,freelance_marketplaces,Freelance marketplaces,"freelancer, client, platform operator",safety_and_conduct | payments_and_fees | disputes_and_appeals | identity_and_verification | moderation_and_enforcement,reviewed_browser_verified,normal-browser review of official first-party page after automated retrieval was blocked or incomplete,,https://support.upwork.com/hc/en-us/articles/211062568-How-Upwork-protects-your-payments,text/html (browser-rendered; source text not retained),87e8aac8de149298a22c475ce13bba526ce2803a9346ee7afd754e5a679a45a8,,,2026-07-19,Official first-party URL and page identity rendered in a normal browser; only original clause-pattern notes were retained.,"Upwork's Payment Protection Overview addresses safety and conduct, payments and fees, disputes and appeals, identity and verification for freelance marketplaces. MORT can use the observed pattern as comparative input, but must draft its own teen-safe language and obtain jurisdiction-specific attorney review.","Uses stated conduct, risk, restriction, reporting, or safety controls; MORT must retain emergency escalation and victim-centered treatment.","Addresses payment, fees, refunds, wages, or transaction duties; MORT must still state that its current flow records preferences and obligations without processing funds.","Provides a complaint, dispute, mediation, arbitration, or appeal pattern; MORT must preserve private review and avoid promising court outcomes.",No material minor-user treatment was observed; this gap makes the source unsuitable as a complete model for MORT.,No detailed privacy or retention treatment was observed in this document.,No material location treatment was observed in this document.,"Discusses identity, screening, background checks, or biometrics; MORT must label each signal precisely and avoid calling nonauthoritative checks identity proof.",No detailed liability or insurance allocation was observed in this document.,not observed in reviewed source,not observed in reviewed source,not observed in reviewed source,"Keep immutable work terms and change orders, preserve payment evidence, and distinguish platform process from a court or employment-classification decision.","Do not import adult-only eligibility assumptions, broad waivers, conclusive contractor labels, forced-dispute terms, or liability allocations without teen-safety and jurisdiction-specific review.",true,
MORT-LR-0027,Fiverr,Terms of Service,https://www.fiverr.com/legal-portal/legal-terms/terms-of-service,www.fiverr.com,2026-07-19,not visible in reviewed source,multi-jurisdiction or source-specific,freelance_marketplaces,Freelance marketplaces,"freelancer, client, platform operator",account_and_eligibility | disputes_and_appeals | location | identity_and_verification | liability_and_insurance,reviewed_browser_verified,normal-browser review of official first-party page after automated retrieval was blocked or incomplete,,https://www.fiverr.com/legal-portal/legal-terms/terms-of-service,text/html (browser-rendered; source text not retained),59ea808d4619adccca3c175ef4500e6d2d7d0068d1c4a749a29c30fa0177772d,,,2026-07-19,Official first-party URL and page identity rendered in a normal browser; only original clause-pattern notes were retained.,"Fiverr's Terms of Service addresses account and eligibility, disputes and appeals, location, identity and verification for freelance marketplaces. MORT can use the observed pattern as comparative input, but must draft its own teen-safe language and obtain jurisdiction-specific attorney review.","No detailed safety framework was observed in this document; MORT needs a separate, explicit safety policy.",No material payment process was observed in this document.,"Provides a complaint, dispute, mediation, arbitration, or appeal pattern; MORT must preserve private review and avoid promising court outcomes.",No material minor-user treatment was observed; this gap makes the source unsuitable as a complete model for MORT.,No detailed privacy or retention treatment was observed in this document.,Addresses location or address data; MORT should release exact job locations only after authorization and record the release state.,"Discusses identity, screening, background checks, or biometrics; MORT must label each signal precisely and avoid calling nonauthoritative checks identity proof.","Contains liability, warranty, indemnity, or insurance allocation that cannot be transferred to MORT without attorney review and nonwaivable-right analysis.",not observed in reviewed source,not observed in reviewed source,not observed in reviewed source,"Keep immutable work terms and change orders, preserve payment evidence, and distinguish platform process from a court or employment-classification decision.","Do not import adult-only eligibility assumptions, broad waivers, conclusive contractor labels, forced-dispute terms, or liability allocations without teen-safety and jurisdiction-specific review.",true,
MORT-LR-0028,Fiverr,Payment Terms of Service,https://www.fiverr.com/legal-portal/legal-terms/payment-terms-of-service,www.fiverr.com,2026-07-19,not visible in reviewed source,multi-jurisdiction or source-specific,freelance_marketplaces,Freelance marketplaces,"freelancer, client, platform operator",account_and_eligibility | payments_and_fees | disputes_and_appeals | location | identity_and_verification | liability_and_insurance,reviewed_browser_verified,normal-browser review of official first-party page after automated retrieval was blocked or incomplete,,https://www.fiverr.com/legal-portal/legal-terms/payment-terms-of-service,text/html (browser-rendered; source text not retained),41c5af41a519563fac589db7e76f6d7756240d046817ed56fde0d1faa4db2840,,,2026-07-19,Official first-party URL and page identity rendered in a normal browser; only original clause-pattern notes were retained.,"Fiverr's Payment Terms of Service addresses account and eligibility, payments and fees, disputes and appeals, location for freelance marketplaces. MORT can use the observed pattern as comparative input, but must draft its own teen-safe language and obtain jurisdiction-specific attorney review.","No detailed safety framework was observed in this document; MORT needs a separate, explicit safety policy.","Addresses payment, fees, refunds, wages, or transaction duties; MORT must still state that its current flow records preferences and obligations without processing funds.","Provides a complaint, dispute, mediation, arbitration, or appeal pattern; MORT must preserve private review and avoid promising court outcomes.",No material minor-user treatment was observed; this gap makes the source unsuitable as a complete model for MORT.,No detailed privacy or retention treatment was observed in this document.,Addresses location or address data; MORT should release exact job locations only after authorization and record the release state.,"Discusses identity, screening, background checks, or biometrics; MORT must label each signal precisely and avoid calling nonauthoritative checks identity proof.","Contains liability, warranty, indemnity, or insurance allocation that cannot be transferred to MORT without attorney review and nonwaivable-right analysis.",not observed in reviewed source,not observed in reviewed source,not observed in reviewed source,"Keep immutable work terms and change orders, preserve payment evidence, and distinguish platform process from a court or employment-classification decision.","Do not import adult-only eligibility assumptions, broad waivers, conclusive contractor labels, forced-dispute terms, or liability allocations without teen-safety and jurisdiction-specific review.",true,
MORT-LR-0029,Fiverr,Privacy Policy,https://www.fiverr.com/legal-portal/privacy/privacy-policy,www.fiverr.com,2026-07-19,not visible in reviewed source,multi-jurisdiction or source-specific,freelance_marketplaces,Freelance marketplaces,"freelancer, client, platform operator",privacy_and_retention | identity_and_verification,reviewed_browser_verified,normal-browser review of official first-party page after automated retrieval was blocked or incomplete,,https://www.fiverr.com/legal-portal/privacy/privacy-policy,text/html (browser-rendered; source text not retained),f34337259f6dc85b84f219ebd0acdce99a654fda437f603b2636b46f548cad05,,,2026-07-19,Official first-party URL and page identity rendered in a normal browser; only original clause-pattern notes were retained.,"Fiverr's Privacy Policy addresses privacy and retention, identity and verification for freelance marketplaces. MORT can use the observed pattern as comparative input, but must draft its own teen-safe language and obtain jurisdiction-specific attorney review.","No detailed safety framework was observed in this document; MORT needs a separate, explicit safety policy.",No material payment process was observed in this document.,No detailed dispute path was observed in this document.,No material minor-user treatment was observed; this gap makes the source unsuitable as a complete model for MORT.,"Addresses personal information, privacy rights, retention, or deletion; MORT must apply minimization to location, evidence, documents, and youth data.",No material location treatment was observed in this document.,"Discusses identity, screening, background checks, or biometrics; MORT must label each signal precisely and avoid calling nonauthoritative checks identity proof.",No detailed liability or insurance allocation was observed in this document.,not observed in reviewed source,not observed in reviewed source,not observed in reviewed source,"Keep immutable work terms and change orders, preserve payment evidence, and distinguish platform process from a court or employment-classification decision.","Do not import adult-only eligibility assumptions, broad waivers, conclusive contractor labels, forced-dispute terms, or liability allocations without teen-safety and jurisdiction-specific review.",true,
MORT-LR-0030,Fiverr,Community Standards,https://help.fiverr.com/hc/en-us/sections/37332647898001-Fiverr-s-Community-Standards,help.fiverr.com,2026-07-19,not visible in reviewed source,United States,freelance_marketplaces,Freelance marketplaces,"freelancer, client, platform operator",safety_and_conduct | identity_and_verification | moderation_and_enforcement,reviewed_browser_verified,normal-browser review of official first-party page after automated retrieval was blocked or incomplete,,https://help.fiverr.com/hc/en-us/sections/37332647898001-Fiverr-s-Community-Standards,text/html (browser-rendered; source text not retained),50ec86ede52674ffcc0126b5a6d39ab135c71a905871f745a97d496690be0a74,,,2026-07-19,Official first-party URL and page identity rendered in a normal browser; only original clause-pattern notes were retained.,"Fiverr's Community Standards addresses safety and conduct, identity and verification, moderation and enforcement for freelance marketplaces. MORT can use the observed pattern as comparative input, but must draft its own teen-safe language and obtain jurisdiction-specific attorney review.","Uses stated conduct, risk, restriction, reporting, or safety controls; MORT must retain emergency escalation and victim-centered treatment.",No material payment process was observed in this document.,No detailed dispute path was observed in this document.,No material minor-user treatment was observed; this gap makes the source unsuitable as a complete model for MORT.,No detailed privacy or retention treatment was observed in this document.,No material location treatment was observed in this document.,"Discusses identity, screening, background checks, or biometrics; MORT must label each signal precisely and avoid calling nonauthoritative checks identity proof.",No detailed liability or insurance allocation was observed in this document.,not observed in reviewed source,not observed in reviewed source,not observed in reviewed source,"Keep immutable work terms and change orders, preserve payment evidence, and distinguish platform process from a court or employment-classification decision.","Do not import adult-only eligibility assumptions, broad waivers, conclusive contractor labels, forced-dispute terms, or liability allocations without teen-safety and jurisdiction-specific review.",true,
MORT-LR-0031,Fiverr,Legal Portal,https://www.fiverr.com/legal-portal,www.fiverr.com,2026-07-19,not visible in reviewed source,multi-jurisdiction or source-specific,freelance_marketplaces,Freelance marketplaces,"freelancer, client, platform operator",identity_and_verification,reviewed_browser_verified,normal-browser review of official first-party page after automated retrieval was blocked or incomplete,,https://www.fiverr.com/legal-portal,text/html (browser-rendered; source text not retained),bc1175c8bae06aaccf7e14f7068bcc241c2505ae767e1adaf818e1bca415febe,,,2026-07-19,Official first-party URL and page identity rendered in a normal browser; only original clause-pattern notes were retained.,"Fiverr's Legal Portal addresses identity and verification for freelance marketplaces. MORT can use the observed pattern as comparative input, but must draft its own teen-safe language and obtain jurisdiction-specific attorney review.","No detailed safety framework was observed in this document; MORT needs a separate, explicit safety policy.",No material payment process was observed in this document.,No detailed dispute path was observed in this document.,No material minor-user treatment was observed; this gap makes the source unsuitable as a complete model for MORT.,No detailed privacy or retention treatment was observed in this document.,No material location treatment was observed in this document.,"Discusses identity, screening, background checks, or biometrics; MORT must label each signal precisely and avoid calling nonauthoritative checks identity proof.",No detailed liability or insurance allocation was observed in this document.,not observed in reviewed source,not observed in reviewed source,not observed in reviewed source,"Keep immutable work terms and change orders, preserve payment evidence, and distinguish platform process from a court or employment-classification decision.","Do not import adult-only eligibility assumptions, broad waivers, conclusive contractor labels, forced-dispute terms, or liability allocations without teen-safety and jurisdiction-specific review.",true,
MORT-LR-0032,Freelancer,User Agreement,https://www.freelancer.com/about/terms,www.freelancer.com,2026-07-19,not visible in reviewed source,Australia,freelance_marketplaces,Freelance marketplaces,"freelancer, client, platform operator",account_and_eligibility | safety_and_conduct | payments_and_fees | disputes_and_appeals | privacy_and_retention | location | identity_and_verification | liability_and_insurance | minors_and_guardians | moderation_and_enforcement,reviewed_direct,direct official HTML/text retrieval,200,https://www.freelancer.com/about/terms,text/html; charset=UTF-8,b900c755c568ef0cd722d967a818ca65162fe725973219204a20cd4ae87eaab4,,,,,"Freelancer's User Agreement addresses account and eligibility, safety and conduct, payments and fees, disputes and appeals for freelance marketplaces. MORT can use the observed pattern as comparative input, but must draft its own teen-safe language and obtain jurisdiction-specific attorney review.","Uses stated conduct, risk, restriction, reporting, or safety controls; MORT must retain emergency escalation and victim-centered treatment.","Addresses payment, fees, refunds, wages, or transaction duties; MORT must still state that its current flow records preferences and obligations without processing funds.","Provides a complaint, dispute, mediation, arbitration, or appeal pattern; MORT must preserve private review and avoid promising court outcomes.","Contains child, youth, age, parent, or guardian treatment that requires comparison with MORT's 13-17 role and optional Guardian Mode.","Addresses personal information, privacy rights, retention, or deletion; MORT must apply minimization to location, evidence, documents, and youth data.",Addresses location or address data; MORT should release exact job locations only after authorization and record the release state.,"Discusses identity, screening, background checks, or biometrics; MORT must label each signal precisely and avoid calling nonauthoritative checks identity proof.","Contains liability, warranty, indemnity, or insurance allocation that cannot be transferred to MORT without attorney review and nonwaivable-right analysis.",present in reviewed source,present in reviewed source,present in reviewed source,"Keep immutable work terms and change orders, preserve payment evidence, and distinguish platform process from a court or employment-classification decision.","Do not import adult-only eligibility assumptions, broad waivers, conclusive contractor labels, forced-dispute terms, or liability allocations without teen-safety and jurisdiction-specific review.",true,
MORT-LR-0033,Freelancer,Privacy Policy,https://www.freelancer.com/about/privacy,www.freelancer.com,2026-07-19,not visible in reviewed source,United Kingdom; European Union / EEA; Canada; Australia,freelance_marketplaces,Freelance marketplaces,"freelancer, client, platform operator",account_and_eligibility | safety_and_conduct | payments_and_fees | disputes_and_appeals | privacy_and_retention | location | identity_and_verification | moderation_and_enforcement,reviewed_direct,direct official HTML/text retrieval,200,https://www.freelancer.com/about/privacy,text/html; charset=UTF-8,a048b0c1071f6d2bfbb4767ac52d56afb38ffd6070c4e8222cbe04ccd2ec584b,,,,,"Freelancer's Privacy Policy addresses account and eligibility, safety and conduct, payments and fees, disputes and appeals for freelance marketplaces. MORT can use the observed pattern as comparative input, but must draft its own teen-safe language and obtain jurisdiction-specific attorney review.","Uses stated conduct, risk, restriction, reporting, or safety controls; MORT must retain emergency escalation and victim-centered treatment.","Addresses payment, fees, refunds, wages, or transaction duties; MORT must still state that its current flow records preferences and obligations without processing funds.","Provides a complaint, dispute, mediation, arbitration, or appeal pattern; MORT must preserve private review and avoid promising court outcomes.",No material minor-user treatment was observed; this gap makes the source unsuitable as a complete model for MORT.,"Addresses personal information, privacy rights, retention, or deletion; MORT must apply minimization to location, evidence, documents, and youth data.",Addresses location or address data; MORT should release exact job locations only after authorization and record the release state.,"Discusses identity, screening, background checks, or biometrics; MORT must label each signal precisely and avoid calling nonauthoritative checks identity proof.",No detailed liability or insurance allocation was observed in this document.,not observed in reviewed source,not observed in reviewed source,not observed in reviewed source,"Keep immutable work terms and change orders, preserve payment evidence, and distinguish platform process from a court or employment-classification decision.","Do not import adult-only eligibility assumptions, broad waivers, conclusive contractor labels, forced-dispute terms, or liability allocations without teen-safety and jurisdiction-specific review.",true,
MORT-LR-0034,Freelancer,Code of Conduct,https://www.freelancer.com/info/codeofconduct,www.freelancer.com,2026-07-19,not visible in reviewed source,multi-jurisdiction or source-specific,freelance_marketplaces,Freelance marketplaces,"freelancer, client, platform operator",account_and_eligibility | safety_and_conduct | payments_and_fees | privacy_and_retention | location | identity_and_verification | liability_and_insurance | minors_and_guardians,reviewed_direct,direct official HTML/text retrieval,200,https://www.freelancer.com/info/codeofconduct,text/html; charset=UTF-8,cf9e8858fdda981c3c03b9015aa4227819269190a3293b324351d9e3bcb0a5f2,,,,,"Freelancer's Code of Conduct addresses account and eligibility, safety and conduct, payments and fees, privacy and retention for freelance marketplaces. MORT can use the observed pattern as comparative input, but must draft its own teen-safe language and obtain jurisdiction-specific attorney review.","Uses stated conduct, risk, restriction, reporting, or safety controls; MORT must retain emergency escalation and victim-centered treatment.","Addresses payment, fees, refunds, wages, or transaction duties; MORT must still state that its current flow records preferences and obligations without processing funds.",No detailed dispute path was observed in this document.,"Contains child, youth, age, parent, or guardian treatment that requires comparison with MORT's 13-17 role and optional Guardian Mode.","Addresses personal information, privacy rights, retention, or deletion; MORT must apply minimization to location, evidence, documents, and youth data.",Addresses location or address data; MORT should release exact job locations only after authorization and record the release state.,"Discusses identity, screening, background checks, or biometrics; MORT must label each signal precisely and avoid calling nonauthoritative checks identity proof.","Contains liability, warranty, indemnity, or insurance allocation that cannot be transferred to MORT without attorney review and nonwaivable-right analysis.",not observed in reviewed source,not observed in reviewed source,not observed in reviewed source,"Keep immutable work terms and change orders, preserve payment evidence, and distinguish platform process from a court or employment-classification decision.","Do not import adult-only eligibility assumptions, broad waivers, conclusive contractor labels, forced-dispute terms, or liability allocations without teen-safety and jurisdiction-specific review.",true,
MORT-LR-0035,Freelancer,Fees and Charges,https://www.freelancer.com/feesandcharges,www.freelancer.com,2026-07-19,not visible in reviewed source,multi-jurisdiction or source-specific,freelance_marketplaces,Freelance marketplaces,"freelancer, client, platform operator",account_and_eligibility | payments_and_fees | disputes_and_appeals | privacy_and_retention | location | identity_and_verification | moderation_and_enforcement,reviewed_direct,direct official HTML/text retrieval,200,https://www.freelancer.com/feesandcharges,text/html; charset=UTF-8,ac9f91bd5a032997194684bfe372ed113cde179ea8d06ac654f19e289caccd17,,,,,"Freelancer's Fees and Charges addresses account and eligibility, payments and fees, disputes and appeals, privacy and retention for freelance marketplaces. MORT can use the observed pattern as comparative input, but must draft its own teen-safe language and obtain jurisdiction-specific attorney review.","No detailed safety framework was observed in this document; MORT needs a separate, explicit safety policy.","Addresses payment, fees, refunds, wages, or transaction duties; MORT must still state that its current flow records preferences and obligations without processing funds.","Provides a complaint, dispute, mediation, arbitration, or appeal pattern; MORT must preserve private review and avoid promising court outcomes.",No material minor-user treatment was observed; this gap makes the source unsuitable as a complete model for MORT.,"Addresses personal information, privacy rights, retention, or deletion; MORT must apply minimization to location, evidence, documents, and youth data.",Addresses location or address data; MORT should release exact job locations only after authorization and record the release state.,"Discusses identity, screening, background checks, or biometrics; MORT must label each signal precisely and avoid calling nonauthoritative checks identity proof.",No detailed liability or insurance allocation was observed in this document.,present in reviewed source,not observed in reviewed source,not observed in reviewed source,"Keep immutable work terms and change orders, preserve payment evidence, and distinguish platform process from a court or employment-classification decision.","Do not import adult-only eligibility assumptions, broad waivers, conclusive contractor labels, forced-dispute terms, or liability allocations without teen-safety and jurisdiction-specific review.",true,
MORT-LR-0036,Toptal,Terms of Use,https://www.toptal.com/tos,www.toptal.com,2026-07-19,not visible in reviewed source,multi-jurisdiction or source-specific,freelance_marketplaces,Freelance marketplaces,"freelancer, client, platform operator",account_and_eligibility | disputes_and_appeals | location | identity_and_verification | liability_and_insurance,reviewed_browser_verified,normal-browser review of official first-party page after automated retrieval was blocked or incomplete,,https://www.toptal.com/tos,text/html (browser-rendered; source text not retained),f31b661507ccafc86b6b2ba59ec233c0dda47796be249244488720d8fb74ade2,,,2026-07-19,Official first-party URL and page identity rendered in a normal browser; only original clause-pattern notes were retained.,"Toptal's Terms of Use addresses account and eligibility, disputes and appeals, location, identity and verification for freelance marketplaces. MORT can use the observed pattern as comparative input, but must draft its own teen-safe language and obtain jurisdiction-specific attorney review.","No detailed safety framework was observed in this document; MORT needs a separate, explicit safety policy.",No material payment process was observed in this document.,"Provides a complaint, dispute, mediation, arbitration, or appeal pattern; MORT must preserve private review and avoid promising court outcomes.",No material minor-user treatment was observed; this gap makes the source unsuitable as a complete model for MORT.,No detailed privacy or retention treatment was observed in this document.,Addresses location or address data; MORT should release exact job locations only after authorization and record the release state.,"Discusses identity, screening, background checks, or biometrics; MORT must label each signal precisely and avoid calling nonauthoritative checks identity proof.","Contains liability, warranty, indemnity, or insurance allocation that cannot be transferred to MORT without attorney review and nonwaivable-right analysis.",not observed in reviewed source,not observed in reviewed source,not observed in reviewed source,"Keep immutable work terms and change orders, preserve payment evidence, and distinguish platform process from a court or employment-classification decision.","Do not import adult-only eligibility assumptions, broad waivers, conclusive contractor labels, forced-dispute terms, or liability allocations without teen-safety and jurisdiction-specific review.",true,
MORT-LR-0037,Toptal,Privacy Policy,https://www.toptal.com/privacy,www.toptal.com,2026-07-19,not visible in reviewed source,multi-jurisdiction or source-specific,freelance_marketplaces,Freelance marketplaces,"freelancer, client, platform operator",privacy_and_retention | identity_and_verification,reviewed_browser_verified,normal-browser review of official first-party page after automated retrieval was blocked or incomplete,,https://www.toptal.com/privacy,text/html (browser-rendered; source text not retained),00aadcde0fad7c0d161d89b3d96a3d15f447cebcff84ea22de4759f344eff8f0,,,2026-07-19,Official first-party URL and page identity rendered in a normal browser; only original clause-pattern notes were retained.,"Toptal's Privacy Policy addresses privacy and retention, identity and verification for freelance marketplaces. MORT can use the observed pattern as comparative input, but must draft its own teen-safe language and obtain jurisdiction-specific attorney review.","No detailed safety framework was observed in this document; MORT needs a separate, explicit safety policy.",No material payment process was observed in this document.,No detailed dispute path was observed in this document.,No material minor-user treatment was observed; this gap makes the source unsuitable as a complete model for MORT.,"Addresses personal information, privacy rights, retention, or deletion; MORT must apply minimization to location, evidence, documents, and youth data.",No material location treatment was observed in this document.,"Discusses identity, screening, background checks, or biometrics; MORT must label each signal precisely and avoid calling nonauthoritative checks identity proof.",No detailed liability or insurance allocation was observed in this document.,not observed in reviewed source,not observed in reviewed source,not observed in reviewed source,"Keep immutable work terms and change orders, preserve payment evidence, and distinguish platform process from a court or employment-classification decision.","Do not import adult-only eligibility assumptions, broad waivers, conclusive contractor labels, forced-dispute terms, or liability allocations without teen-safety and jurisdiction-specific review.",true,
MORT-LR-0038,PeoplePerHour,Terms,https://www.peopleperhour.com/static/terms,www.peopleperhour.com,2026-07-19,not visible in reviewed source,United Kingdom,freelance_marketplaces,Freelance marketplaces,"freelancer, client, platform operator",account_and_eligibility | safety_and_conduct | payments_and_fees | disputes_and_appeals | privacy_and_retention | location | identity_and_verification | liability_and_insurance | minors_and_guardians | moderation_and_enforcement,reviewed_direct,direct official HTML/text retrieval,200,https://www.peopleperhour.com/static/terms,text/html; charset=UTF-8,298e100ab5516150aaf5a56585c5f209d7d6928e99e3f3fa909c69e9fb0cfc78,,,,,"PeoplePerHour's Terms addresses account and eligibility, safety and conduct, payments and fees, disputes and appeals for freelance marketplaces. MORT can use the observed pattern as comparative input, but must draft its own teen-safe language and obtain jurisdiction-specific attorney review.","Uses stated conduct, risk, restriction, reporting, or safety controls; MORT must retain emergency escalation and victim-centered treatment.","Addresses payment, fees, refunds, wages, or transaction duties; MORT must still state that its current flow records preferences and obligations without processing funds.","Provides a complaint, dispute, mediation, arbitration, or appeal pattern; MORT must preserve private review and avoid promising court outcomes.","Contains child, youth, age, parent, or guardian treatment that requires comparison with MORT's 13-17 role and optional Guardian Mode.","Addresses personal information, privacy rights, retention, or deletion; MORT must apply minimization to location, evidence, documents, and youth data.",Addresses location or address data; MORT should release exact job locations only after authorization and record the release state.,"Discusses identity, screening, background checks, or biometrics; MORT must label each signal precisely and avoid calling nonauthoritative checks identity proof.","Contains liability, warranty, indemnity, or insurance allocation that cannot be transferred to MORT without attorney review and nonwaivable-right analysis.",not observed in reviewed source,not observed in reviewed source,not observed in reviewed source,"Keep immutable work terms and change orders, preserve payment evidence, and distinguish platform process from a court or employment-classification decision.","Do not import adult-only eligibility assumptions, broad waivers, conclusive contractor labels, forced-dispute terms, or liability allocations without teen-safety and jurisdiction-specific review.",true,
MORT-LR-0039,PeoplePerHour,Privacy Policy,https://www.peopleperhour.com/static/privacy-policy,www.peopleperhour.com,2026-07-19,"July 14, 2022",multi-jurisdiction or source-specific,freelance_marketplaces,Freelance marketplaces,"freelancer, client, platform operator",account_and_eligibility | safety_and_conduct | payments_and_fees | disputes_and_appeals | privacy_and_retention | location | identity_and_verification | liability_and_insurance | minors_and_guardians | moderation_and_enforcement,reviewed_direct,direct official HTML/text retrieval,200,https://www.peopleperhour.com/static/privacy-policy,text/html; charset=UTF-8,ae416596ac763f26d7e8eedad93cea9944857d5d6c1b3a00e8a195a1491b0b4e,,,,,"PeoplePerHour's Privacy Policy addresses account and eligibility, safety and conduct, payments and fees, disputes and appeals for freelance marketplaces. MORT can use the observed pattern as comparative input, but must draft its own teen-safe language and obtain jurisdiction-specific attorney review.","Uses stated conduct, risk, restriction, reporting, or safety controls; MORT must retain emergency escalation and victim-centered treatment.","Addresses payment, fees, refunds, wages, or transaction duties; MORT must still state that its current flow records preferences and obligations without processing funds.","Provides a complaint, dispute, mediation, arbitration, or appeal pattern; MORT must preserve private review and avoid promising court outcomes.","Contains child, youth, age, parent, or guardian treatment that requires comparison with MORT's 13-17 role and optional Guardian Mode.","Addresses personal information, privacy rights, retention, or deletion; MORT must apply minimization to location, evidence, documents, and youth data.",Addresses location or address data; MORT should release exact job locations only after authorization and record the release state.,"Discusses identity, screening, background checks, or biometrics; MORT must label each signal precisely and avoid calling nonauthoritative checks identity proof.","Contains liability, warranty, indemnity, or insurance allocation that cannot be transferred to MORT without attorney review and nonwaivable-right analysis.",not observed in reviewed source,not observed in reviewed source,not observed in reviewed source,"Keep immutable work terms and change orders, preserve payment evidence, and distinguish platform process from a court or employment-classification decision.","Do not import adult-only eligibility assumptions, broad waivers, conclusive contractor labels, forced-dispute terms, or liability allocations without teen-safety and jurisdiction-specific review.",true,
MORT-LR-0040,Contra,Terms of Use,https://contra.com/policies/terms,contra.com,2026-07-19,not visible in reviewed source,United States,freelance_marketplaces,Freelance marketplaces,"freelancer, client, platform operator",account_and_eligibility | safety_and_conduct | payments_and_fees | disputes_and_appeals | privacy_and_retention | location | identity_and_verification | liability_and_insurance | minors_and_guardians | moderation_and_enforcement,reviewed_direct,direct official HTML/text retrieval,200,https://contra.com/policies/terms,text/html,0c509ef38bf8e663f4fb149cbc056b3e1cb9b4e7478904def0c5d07281c2b2f5,,,,,"Contra's Terms of Use addresses account and eligibility, safety and conduct, payments and fees, disputes and appeals for freelance marketplaces. MORT can use the observed pattern as comparative input, but must draft its own teen-safe language and obtain jurisdiction-specific attorney review.","Uses stated conduct, risk, restriction, reporting, or safety controls; MORT must retain emergency escalation and victim-centered treatment.","Addresses payment, fees, refunds, wages, or transaction duties; MORT must still state that its current flow records preferences and obligations without processing funds.","Provides a complaint, dispute, mediation, arbitration, or appeal pattern; MORT must preserve private review and avoid promising court outcomes.","Contains child, youth, age, parent, or guardian treatment that requires comparison with MORT's 13-17 role and optional Guardian Mode.","Addresses personal information, privacy rights, retention, or deletion; MORT must apply minimization to location, evidence, documents, and youth data.",Addresses location or address data; MORT should release exact job locations only after authorization and record the release state.,"Discusses identity, screening, background checks, or biometrics; MORT must label each signal precisely and avoid calling nonauthoritative checks identity proof.","Contains liability, warranty, indemnity, or insurance allocation that cannot be transferred to MORT without attorney review and nonwaivable-right analysis.",present in reviewed source,present in reviewed source,present in reviewed source,"Keep immutable work terms and change orders, preserve payment evidence, and distinguish platform process from a court or employment-classification decision.","Do not import adult-only eligibility assumptions, broad waivers, conclusive contractor labels, forced-dispute terms, or liability allocations without teen-safety and jurisdiction-specific review.",true,
MORT-LR-0041,Care.com,Terms of Use,https://www.care.com/about/terms-of-use,www.care.com,2026-07-19,"October 14, 2025",United States,household_service_marketplaces,Household-service marketplaces,"service provider, household customer, platform operator",account_and_eligibility | safety_and_conduct | payments_and_fees | disputes_and_appeals | privacy_and_retention | location | identity_and_verification | liability_and_insurance | minors_and_guardians | moderation_and_enforcement,reviewed_direct,direct official HTML/text retrieval,200,https://www.care.com/about/terms-of-use/,text/html; charset=UTF-8,bc4d06eaba53e1eea915fe211f59e4e5ec06016b3657c0cd03f38f30027e433d,,,,,"Care.com's Terms of Use addresses account and eligibility, safety and conduct, payments and fees, disputes and appeals for household-service marketplaces. MORT can use the observed pattern as comparative input, but must draft its own teen-safe language and obtain jurisdiction-specific attorney review.","Uses stated conduct, risk, restriction, reporting, or safety controls; MORT must retain emergency escalation and victim-centered treatment.","Addresses payment, fees, refunds, wages, or transaction duties; MORT must still state that its current flow records preferences and obligations without processing funds.","Provides a complaint, dispute, mediation, arbitration, or appeal pattern; MORT must preserve private review and avoid promising court outcomes.","Contains child, youth, age, parent, or guardian treatment that requires comparison with MORT's 13-17 role and optional Guardian Mode.","Addresses personal information, privacy rights, retention, or deletion; MORT must apply minimization to location, evidence, documents, and youth data.",Addresses location or address data; MORT should release exact job locations only after authorization and record the release state.,"Discusses identity, screening, background checks, or biometrics; MORT must label each signal precisely and avoid calling nonauthoritative checks identity proof.","Contains liability, warranty, indemnity, or insurance allocation that cannot be transferred to MORT without attorney review and nonwaivable-right analysis.",present in reviewed source,present in reviewed source,present in reviewed source,"Disclose household-entry risk, people present, equipment, insurance limits, and cancellation paths without promising that screening eliminates danger.","Do not import adult-only eligibility assumptions, broad waivers, conclusive contractor labels, forced-dispute terms, or liability allocations without teen-safety and jurisdiction-specific review.",true,
MORT-LR-0042,Care.com,Privacy Policy,https://www.care.com/about/privacy-policy,www.care.com,2026-07-19,"February 11, 2026",multi-jurisdiction or source-specific,household_service_marketplaces,Household-service marketplaces,"service provider, household customer, platform operator",account_and_eligibility | safety_and_conduct | payments_and_fees | disputes_and_appeals | privacy_and_retention | location | identity_and_verification | liability_and_insurance | minors_and_guardians | moderation_and_enforcement,reviewed_direct,direct official HTML/text retrieval,200,https://www.care.com/about/privacy-policy/,text/html; charset=UTF-8,9ea85168ec9d65d9b4e098addb460b2dc14bbaede8a0e2a668c94695c2d37fa5,,,,,"Care.com's Privacy Policy addresses account and eligibility, safety and conduct, payments and fees, disputes and appeals for household-service marketplaces. MORT can use the observed pattern as comparative input, but must draft its own teen-safe language and obtain jurisdiction-specific attorney review.","Uses stated conduct, risk, restriction, reporting, or safety controls; MORT must retain emergency escalation and victim-centered treatment.","Addresses payment, fees, refunds, wages, or transaction duties; MORT must still state that its current flow records preferences and obligations without processing funds.","Provides a complaint, dispute, mediation, arbitration, or appeal pattern; MORT must preserve private review and avoid promising court outcomes.","Contains child, youth, age, parent, or guardian treatment that requires comparison with MORT's 13-17 role and optional Guardian Mode.","Addresses personal information, privacy rights, retention, or deletion; MORT must apply minimization to location, evidence, documents, and youth data.",Addresses location or address data; MORT should release exact job locations only after authorization and record the release state.,"Discusses identity, screening, background checks, or biometrics; MORT must label each signal precisely and avoid calling nonauthoritative checks identity proof.","Contains liability, warranty, indemnity, or insurance allocation that cannot be transferred to MORT without attorney review and nonwaivable-right analysis.",not observed in reviewed source,not observed in reviewed source,not observed in reviewed source,"Disclose household-entry risk, people present, equipment, insurance limits, and cancellation paths without promising that screening eliminates danger.","Do not import adult-only eligibility assumptions, broad waivers, conclusive contractor labels, forced-dispute terms, or liability allocations without teen-safety and jurisdiction-specific review.",true,
MORT-LR-0043,Care.com,Background Checks,https://www.care.com/about/safety/background-checks,www.care.com,2026-07-19,not visible in reviewed source,multi-jurisdiction or source-specific,household_service_marketplaces,Household-service marketplaces,"service provider, household customer, platform operator",safety_and_conduct | privacy_and_retention | location | identity_and_verification | minors_and_guardians | moderation_and_enforcement,reviewed_direct,direct official HTML/text retrieval,200,https://www.care.com/about/safety/background-checks/,text/html; charset=UTF-8,05d67f37dc56ce824f2528335dc8f54d875861f9092ee0ea93cfc1a10caa2042,,,,,"Care.com's Background Checks addresses safety and conduct, privacy and retention, location, identity and verification for household-service marketplaces. MORT can use the observed pattern as comparative input, but must draft its own teen-safe language and obtain jurisdiction-specific attorney review.","Uses stated conduct, risk, restriction, reporting, or safety controls; MORT must retain emergency escalation and victim-centered treatment.",No material payment process was observed in this document.,No detailed dispute path was observed in this document.,"Contains child, youth, age, parent, or guardian treatment that requires comparison with MORT's 13-17 role and optional Guardian Mode.","Addresses personal information, privacy rights, retention, or deletion; MORT must apply minimization to location, evidence, documents, and youth data.",Addresses location or address data; MORT should release exact job locations only after authorization and record the release state.,"Discusses identity, screening, background checks, or biometrics; MORT must label each signal precisely and avoid calling nonauthoritative checks identity proof.",No detailed liability or insurance allocation was observed in this document.,not observed in reviewed source,not observed in reviewed source,not observed in reviewed source,"Disclose household-entry risk, people present, equipment, insurance limits, and cancellation paths without promising that screening eliminates danger.","Do not import adult-only eligibility assumptions, broad waivers, conclusive contractor labels, forced-dispute terms, or liability allocations without teen-safety and jurisdiction-specific review.",true,
MORT-LR-0044,Care.com,Care.com Background Check,https://www.care.com/about/safety/background-checks/care-com-background-check,www.care.com,2026-07-19,not visible in reviewed source,multi-jurisdiction or source-specific,household_service_marketplaces,Household-service marketplaces,"service provider, household customer, platform operator",safety_and_conduct | privacy_and_retention | location | identity_and_verification | minors_and_guardians | moderation_and_enforcement,reviewed_direct,direct official HTML/text retrieval,200,https://www.care.com/about/safety/background-checks/care-com-background-check/,text/html; charset=UTF-8,7603fcdd332f10cc7484e074e95f0f34dcc4c869f470aa3ed0099bbd2a485dd8,,,,,"Care.com's Care.com Background Check addresses safety and conduct, privacy and retention, location, identity and verification for household-service marketplaces. MORT can use the observed pattern as comparative input, but must draft its own teen-safe language and obtain jurisdiction-specific attorney review.","Uses stated conduct, risk, restriction, reporting, or safety controls; MORT must retain emergency escalation and victim-centered treatment.",No material payment process was observed in this document.,No detailed dispute path was observed in this document.,"Contains child, youth, age, parent, or guardian treatment that requires comparison with MORT's 13-17 role and optional Guardian Mode.","Addresses personal information, privacy rights, retention, or deletion; MORT must apply minimization to location, evidence, documents, and youth data.",Addresses location or address data; MORT should release exact job locations only after authorization and record the release state.,"Discusses identity, screening, background checks, or biometrics; MORT must label each signal precisely and avoid calling nonauthoritative checks identity proof.",No detailed liability or insurance allocation was observed in this document.,not observed in reviewed source,not observed in reviewed source,not observed in reviewed source,"Disclose household-entry risk, people present, equipment, insurance limits, and cancellation paths without promising that screening eliminates danger.","Do not import adult-only eligibility assumptions, broad waivers, conclusive contractor labels, forced-dispute terms, or liability allocations without teen-safety and jurisdiction-specific review.",true,
MORT-LR-0045,Care.com,Request Booking Additional Terms,https://www.care.com/media/cms/pdf/booking-terms.pdf,www.care.com,2026-07-19,not visible in reviewed source,multi-jurisdiction or source-specific,household_service_marketplaces,Household-service marketplaces,"service provider, household customer, platform operator",general_governance,reviewed_direct,direct official binary document retrieval; metadata-level review,200,https://www.care.com/media/cms/pdf/booking-terms.pdf,application/pdf,14bd8a6c0a0b43eb91b996755ebcf7cec62908d261b172af686efc27c7e39885,,,,,"Care.com's Request Booking Additional Terms addresses general governance for household-service marketplaces. MORT can use the observed pattern as comparative input, but must draft its own teen-safe language and obtain jurisdiction-specific attorney review.","No detailed safety framework was observed in this document; MORT needs a separate, explicit safety policy.",No material payment process was observed in this document.,No detailed dispute path was observed in this document.,No material minor-user treatment was observed; this gap makes the source unsuitable as a complete model for MORT.,No detailed privacy or retention treatment was observed in this document.,No material location treatment was observed in this document.,No material identity-verification process was observed in this document.,No detailed liability or insurance allocation was observed in this document.,not observed in reviewed source,not observed in reviewed source,not observed in reviewed source,"Disclose household-entry risk, people present, equipment, insurance limits, and cancellation paths without promising that screening eliminates danger.","Do not import adult-only eligibility assumptions, broad waivers, conclusive contractor labels, forced-dispute terms, or liability allocations without teen-safety and jurisdiction-specific review.",true,
MORT-LR-0046,Porch,Terms of Use,https://porch.com/about/terms,porch.com,2026-07-19,"October 23, 2025",United States; Canada,household_service_marketplaces,Household-service marketplaces,"service provider, household customer, platform operator",account_and_eligibility | safety_and_conduct | payments_and_fees | disputes_and_appeals | privacy_and_retention | location | liability_and_insurance | moderation_and_enforcement,reviewed_direct,direct official HTML/text retrieval,200,https://porch.com/about/terms/,text/html; charset=utf-8,3cca75b9858537e9f170ab384fecb39cfb44397f73e7727d451e4b668797c053,,,,,"Porch's Terms of Use addresses account and eligibility, safety and conduct, payments and fees, disputes and appeals for household-service marketplaces. MORT can use the observed pattern as comparative input, but must draft its own teen-safe language and obtain jurisdiction-specific attorney review.","Uses stated conduct, risk, restriction, reporting, or safety controls; MORT must retain emergency escalation and victim-centered treatment.","Addresses payment, fees, refunds, wages, or transaction duties; MORT must still state that its current flow records preferences and obligations without processing funds.","Provides a complaint, dispute, mediation, arbitration, or appeal pattern; MORT must preserve private review and avoid promising court outcomes.",No material minor-user treatment was observed; this gap makes the source unsuitable as a complete model for MORT.,"Addresses personal information, privacy rights, retention, or deletion; MORT must apply minimization to location, evidence, documents, and youth data.",Addresses location or address data; MORT should release exact job locations only after authorization and record the release state.,No material identity-verification process was observed in this document.,"Contains liability, warranty, indemnity, or insurance allocation that cannot be transferred to MORT without attorney review and nonwaivable-right analysis.",present in reviewed source,present in reviewed source,present in reviewed source,"Disclose household-entry risk, people present, equipment, insurance limits, and cancellation paths without promising that screening eliminates danger.","Do not import adult-only eligibility assumptions, broad waivers, conclusive contractor labels, forced-dispute terms, or liability allocations without teen-safety and jurisdiction-specific review.",true,
MORT-LR-0047,Porch,Privacy Policy,https://porch.com/about/privacy,porch.com,2026-07-19,"May 13, 2025",multi-jurisdiction or source-specific,household_service_marketplaces,Household-service marketplaces,"service provider, household customer, platform operator",account_and_eligibility | safety_and_conduct | payments_and_fees | disputes_and_appeals | privacy_and_retention | location | identity_and_verification | liability_and_insurance | minors_and_guardians | moderation_and_enforcement,reviewed_direct,direct official HTML/text retrieval,200,https://porch.com/about/privacy/,text/html; charset=utf-8,ce5f5caff0d834f01387c086d659f98cf54a092fb5d1fb5415b7e2793244e26a,,,,,"Porch's Privacy Policy addresses account and eligibility, safety and conduct, payments and fees, disputes and appeals for household-service marketplaces. MORT can use the observed pattern as comparative input, but must draft its own teen-safe language and obtain jurisdiction-specific attorney review.","Uses stated conduct, risk, restriction, reporting, or safety controls; MORT must retain emergency escalation and victim-centered treatment.","Addresses payment, fees, refunds, wages, or transaction duties; MORT must still state that its current flow records preferences and obligations without processing funds.","Provides a complaint, dispute, mediation, arbitration, or appeal pattern; MORT must preserve private review and avoid promising court outcomes.","Contains child, youth, age, parent, or guardian treatment that requires comparison with MORT's 13-17 role and optional Guardian Mode.","Addresses personal information, privacy rights, retention, or deletion; MORT must apply minimization to location, evidence, documents, and youth data.",Addresses location or address data; MORT should release exact job locations only after authorization and record the release state.,"Discusses identity, screening, background checks, or biometrics; MORT must label each signal precisely and avoid calling nonauthoritative checks identity proof.","Contains liability, warranty, indemnity, or insurance allocation that cannot be transferred to MORT without attorney review and nonwaivable-right analysis.",not observed in reviewed source,not observed in reviewed source,not observed in reviewed source,"Disclose household-entry risk, people present, equipment, insurance limits, and cancellation paths without promising that screening eliminates danger.","Do not import adult-only eligibility assumptions, broad waivers, conclusive contractor labels, forced-dispute terms, or liability allocations without teen-safety and jurisdiction-specific review.",true,
MORT-LR-0048,Houzz,Terms of Use Agreement,https://www.houzz.com/termsOfUse,www.houzz.com,2026-07-19,"August 5, 2025",multi-jurisdiction or source-specific,household_service_marketplaces,Household-service marketplaces,"service provider, household customer, platform operator",account_and_eligibility | safety_and_conduct | payments_and_fees | disputes_and_appeals | privacy_and_retention | location | identity_and_verification | liability_and_insurance | moderation_and_enforcement,reviewed_direct,direct official HTML/text retrieval,200,https://www.houzz.com/termsOfUse,text/html; charset=utf-8,9e349d00713e5e5c47ddcfea754bb859cbc6108414e0f1f09a3e9472f541f61b,,,,,"Houzz's Terms of Use Agreement addresses account and eligibility, safety and conduct, payments and fees, disputes and appeals for household-service marketplaces. MORT can use the observed pattern as comparative input, but must draft its own teen-safe language and obtain jurisdiction-specific attorney review.","Uses stated conduct, risk, restriction, reporting, or safety controls; MORT must retain emergency escalation and victim-centered treatment.","Addresses payment, fees, refunds, wages, or transaction duties; MORT must still state that its current flow records preferences and obligations without processing funds.","Provides a complaint, dispute, mediation, arbitration, or appeal pattern; MORT must preserve private review and avoid promising court outcomes.",No material minor-user treatment was observed; this gap makes the source unsuitable as a complete model for MORT.,"Addresses personal information, privacy rights, retention, or deletion; MORT must apply minimization to location, evidence, documents, and youth data.",Addresses location or address data; MORT should release exact job locations only after authorization and record the release state.,"Discusses identity, screening, background checks, or biometrics; MORT must label each signal precisely and avoid calling nonauthoritative checks identity proof.","Contains liability, warranty, indemnity, or insurance allocation that cannot be transferred to MORT without attorney review and nonwaivable-right analysis.",present in reviewed source,present in reviewed source,present in reviewed source,"Disclose household-entry risk, people present, equipment, insurance limits, and cancellation paths without promising that screening eliminates danger.","Do not import adult-only eligibility assumptions, broad waivers, conclusive contractor labels, forced-dispute terms, or liability allocations without teen-safety and jurisdiction-specific review.",true,
MORT-LR-0049,Houzz,Privacy Policy,https://www.houzz.com/privacyPolicy,www.houzz.com,2026-07-19,"December 20, 2025",multi-jurisdiction or source-specific,household_service_marketplaces,Household-service marketplaces,"service provider, household customer, platform operator",account_and_eligibility | payments_and_fees | disputes_and_appeals | privacy_and_retention | location | identity_and_verification | liability_and_insurance | minors_and_guardians,reviewed_direct,direct official HTML/text retrieval,200,https://www.houzz.com/privacyPolicy,text/html; charset=utf-8,d0738ac61694d00dd275a46d111ab3cd415346cf56330326c852284a0e8f8ed9,,,,,"Houzz's Privacy Policy addresses account and eligibility, payments and fees, disputes and appeals, privacy and retention for household-service marketplaces. MORT can use the observed pattern as comparative input, but must draft its own teen-safe language and obtain jurisdiction-specific attorney review.","No detailed safety framework was observed in this document; MORT needs a separate, explicit safety policy.","Addresses payment, fees, refunds, wages, or transaction duties; MORT must still state that its current flow records preferences and obligations without processing funds.","Provides a complaint, dispute, mediation, arbitration, or appeal pattern; MORT must preserve private review and avoid promising court outcomes.","Contains child, youth, age, parent, or guardian treatment that requires comparison with MORT's 13-17 role and optional Guardian Mode.","Addresses personal information, privacy rights, retention, or deletion; MORT must apply minimization to location, evidence, documents, and youth data.",Addresses location or address data; MORT should release exact job locations only after authorization and record the release state.,"Discusses identity, screening, background checks, or biometrics; MORT must label each signal precisely and avoid calling nonauthoritative checks identity proof.","Contains liability, warranty, indemnity, or insurance allocation that cannot be transferred to MORT without attorney review and nonwaivable-right analysis.",present in reviewed source,not observed in reviewed source,not observed in reviewed source,"Disclose household-entry risk, people present, equipment, insurance limits, and cancellation paths without promising that screening eliminates danger.","Do not import adult-only eligibility assumptions, broad waivers, conclusive contractor labels, forced-dispute terms, or liability allocations without teen-safety and jurisdiction-specific review.",true,
MORT-LR-0050,Houzz,Trade Program Terms and Conditions,https://www.houzz.com/trade-program-terms,www.houzz.com,2026-07-19,not visible in reviewed source,multi-jurisdiction or source-specific,household_service_marketplaces,Household-service marketplaces,"service provider, household customer, platform operator",account_and_eligibility | safety_and_conduct | payments_and_fees | privacy_and_retention | location | liability_and_insurance | moderation_and_enforcement,reviewed_direct,direct official HTML/text retrieval,200,https://www.houzz.com/trade-program-terms,text/html; charset=UTF-8,9c67803248be80b81285d60c70dc1757898443fea01f5757c74b33093639a4cf,,,,,"Houzz's Trade Program Terms and Conditions addresses account and eligibility, safety and conduct, payments and fees, privacy and retention for household-service marketplaces. MORT can use the observed pattern as comparative input, but must draft its own teen-safe language and obtain jurisdiction-specific attorney review.","Uses stated conduct, risk, restriction, reporting, or safety controls; MORT must retain emergency escalation and victim-centered treatment.","Addresses payment, fees, refunds, wages, or transaction duties; MORT must still state that its current flow records preferences and obligations without processing funds.",No detailed dispute path was observed in this document.,No material minor-user treatment was observed; this gap makes the source unsuitable as a complete model for MORT.,"Addresses personal information, privacy rights, retention, or deletion; MORT must apply minimization to location, evidence, documents, and youth data.",Addresses location or address data; MORT should release exact job locations only after authorization and record the release state.,No material identity-verification process was observed in this document.,"Contains liability, warranty, indemnity, or insurance allocation that cannot be transferred to MORT without attorney review and nonwaivable-right analysis.",not observed in reviewed source,not observed in reviewed source,present in reviewed source,"Disclose household-entry risk, people present, equipment, insurance limits, and cancellation paths without promising that screening eliminates danger.","Do not import adult-only eligibility assumptions, broad waivers, conclusive contractor labels, forced-dispute terms, or liability allocations without teen-safety and jurisdiction-specific review.",true,
MORT-LR-0051,HomeAdvisor,Consumer Terms,https://www.homeadvisor.com/rfs/terms/consumerTerms.jsp,www.homeadvisor.com,2026-07-19,"September 23, 2019",multi-jurisdiction or source-specific,household_service_marketplaces,Household-service marketplaces,"service provider, household customer, platform operator",account_and_eligibility | safety_and_conduct | payments_and_fees | disputes_and_appeals | privacy_and_retention | location | identity_and_verification | liability_and_insurance | minors_and_guardians | moderation_and_enforcement,reviewed_direct,direct official HTML/text retrieval,200,https://www.homeadvisor.com/rfs/terms/consumerTerms.jsp,text/html;charset=ISO-8859-1,0ad72878a3c713a2b64edd44ccfb1c9aa0ad3c5b801e4a95870874e560226462,,,,,"HomeAdvisor's Consumer Terms addresses account and eligibility, safety and conduct, payments and fees, disputes and appeals for household-service marketplaces. MORT can use the observed pattern as comparative input, but must draft its own teen-safe language and obtain jurisdiction-specific attorney review.","Uses stated conduct, risk, restriction, reporting, or safety controls; MORT must retain emergency escalation and victim-centered treatment.","Addresses payment, fees, refunds, wages, or transaction duties; MORT must still state that its current flow records preferences and obligations without processing funds.","Provides a complaint, dispute, mediation, arbitration, or appeal pattern; MORT must preserve private review and avoid promising court outcomes.","Contains child, youth, age, parent, or guardian treatment that requires comparison with MORT's 13-17 role and optional Guardian Mode.","Addresses personal information, privacy rights, retention, or deletion; MORT must apply minimization to location, evidence, documents, and youth data.",Addresses location or address data; MORT should release exact job locations only after authorization and record the release state.,"Discusses identity, screening, background checks, or biometrics; MORT must label each signal precisely and avoid calling nonauthoritative checks identity proof.","Contains liability, warranty, indemnity, or insurance allocation that cannot be transferred to MORT without attorney review and nonwaivable-right analysis.",present in reviewed source,present in reviewed source,present in reviewed source,"Disclose household-entry risk, people present, equipment, insurance limits, and cancellation paths without promising that screening eliminates danger.","Do not import adult-only eligibility assumptions, broad waivers, conclusive contractor labels, forced-dispute terms, or liability allocations without teen-safety and jurisdiction-specific review.",true,
MORT-LR-0052,HomeAdvisor,Service Professional Terms,https://www.homeadvisor.com/rfs/terms/serviceProfessionalTerms.jsp,www.homeadvisor.com,2026-07-19,not visible in reviewed source,Canada,household_service_marketplaces,Household-service marketplaces,"service provider, household customer, platform operator",account_and_eligibility | safety_and_conduct | payments_and_fees | disputes_and_appeals | privacy_and_retention | location | identity_and_verification | liability_and_insurance | minors_and_guardians | moderation_and_enforcement,reviewed_direct,direct official HTML/text retrieval,200,https://www.homeadvisor.com/rfs/terms/serviceProfessionalTerms.jsp,text/html;charset=ISO-8859-1,6fde6fd22200ef746ff1310fd3cfd5d062ff6f7ba007817d85277dd26e0ff37a,,,,,"HomeAdvisor's Service Professional Terms addresses account and eligibility, safety and conduct, payments and fees, disputes and appeals for household-service marketplaces. MORT can use the observed pattern as comparative input, but must draft its own teen-safe language and obtain jurisdiction-specific attorney review.","Uses stated conduct, risk, restriction, reporting, or safety controls; MORT must retain emergency escalation and victim-centered treatment.","Addresses payment, fees, refunds, wages, or transaction duties; MORT must still state that its current flow records preferences and obligations without processing funds.","Provides a complaint, dispute, mediation, arbitration, or appeal pattern; MORT must preserve private review and avoid promising court outcomes.","Contains child, youth, age, parent, or guardian treatment that requires comparison with MORT's 13-17 role and optional Guardian Mode.","Addresses personal information, privacy rights, retention, or deletion; MORT must apply minimization to location, evidence, documents, and youth data.",Addresses location or address data; MORT should release exact job locations only after authorization and record the release state.,"Discusses identity, screening, background checks, or biometrics; MORT must label each signal precisely and avoid calling nonauthoritative checks identity proof.","Contains liability, warranty, indemnity, or insurance allocation that cannot be transferred to MORT without attorney review and nonwaivable-right analysis.",present in reviewed source,present in reviewed source,present in reviewed source,"Disclose household-entry risk, people present, equipment, insurance limits, and cancellation paths without promising that screening eliminates danger.","Do not import adult-only eligibility assumptions, broad waivers, conclusive contractor labels, forced-dispute terms, or liability allocations without teen-safety and jurisdiction-specific review.",true,
MORT-LR-0053,HomeAdvisor,Consumer Mobile Privacy Policy,https://www.homeadvisor.com/mobile/legal/consumerMobilePrivacyPolicy.jsp,www.homeadvisor.com,2026-07-19,"September 27, 2019",United States,household_service_marketplaces,Household-service marketplaces,"service provider, household customer, platform operator",account_and_eligibility | safety_and_conduct | payments_and_fees | privacy_and_retention | location | identity_and_verification | minors_and_guardians,reviewed_direct,direct official HTML/text retrieval,200,https://www.homeadvisor.com/mobile/legal/consumerMobilePrivacyPolicy.jsp,text/html;charset=ISO-8859-1,c705c7f0dd62fb3148a55a4d397b40e685526a3d66a27a44c3474979c13380ef,,,,,"HomeAdvisor's Consumer Mobile Privacy Policy addresses account and eligibility, safety and conduct, payments and fees, privacy and retention for household-service marketplaces. MORT can use the observed pattern as comparative input, but must draft its own teen-safe language and obtain jurisdiction-specific attorney review.","Uses stated conduct, risk, restriction, reporting, or safety controls; MORT must retain emergency escalation and victim-centered treatment.","Addresses payment, fees, refunds, wages, or transaction duties; MORT must still state that its current flow records preferences and obligations without processing funds.",No detailed dispute path was observed in this document.,"Contains child, youth, age, parent, or guardian treatment that requires comparison with MORT's 13-17 role and optional Guardian Mode.","Addresses personal information, privacy rights, retention, or deletion; MORT must apply minimization to location, evidence, documents, and youth data.",Addresses location or address data; MORT should release exact job locations only after authorization and record the release state.,"Discusses identity, screening, background checks, or biometrics; MORT must label each signal precisely and avoid calling nonauthoritative checks identity proof.",No detailed liability or insurance allocation was observed in this document.,not observed in reviewed source,not observed in reviewed source,not observed in reviewed source,"Disclose household-entry risk, people present, equipment, insurance limits, and cancellation paths without promising that screening eliminates danger.","Do not import adult-only eligibility assumptions, broad waivers, conclusive contractor labels, forced-dispute terms, or liability allocations without teen-safety and jurisdiction-specific review.",true,
MORT-LR-0054,HomeAdvisor,Service Request Privacy Policy,https://www.homeadvisor.com/rfs/servicerequest/exactmatch/oehPrivacy.jsp,www.homeadvisor.com,2026-07-19,"August 26, 2005",United States,household_service_marketplaces,Household-service marketplaces,"service provider, household customer, platform operator",account_and_eligibility | payments_and_fees | privacy_and_retention | location | identity_and_verification | liability_and_insurance | minors_and_guardians | moderation_and_enforcement,reviewed_direct,direct official HTML/text retrieval,200,https://www.homeadvisor.com/rfs/servicerequest/exactmatch/oehPrivacy.jsp,text/html;charset=ISO-8859-1,446f6abaad228a66921280d19a77efe8965754c23586b20601268bd382b6e199,,,,,"HomeAdvisor's Service Request Privacy Policy addresses account and eligibility, payments and fees, privacy and retention, location for household-service marketplaces. MORT can use the observed pattern as comparative input, but must draft its own teen-safe language and obtain jurisdiction-specific attorney review.","No detailed safety framework was observed in this document; MORT needs a separate, explicit safety policy.","Addresses payment, fees, refunds, wages, or transaction duties; MORT must still state that its current flow records preferences and obligations without processing funds.",No detailed dispute path was observed in this document.,"Contains child, youth, age, parent, or guardian treatment that requires comparison with MORT's 13-17 role and optional Guardian Mode.","Addresses personal information, privacy rights, retention, or deletion; MORT must apply minimization to location, evidence, documents, and youth data.",Addresses location or address data; MORT should release exact job locations only after authorization and record the release state.,"Discusses identity, screening, background checks, or biometrics; MORT must label each signal precisely and avoid calling nonauthoritative checks identity proof.","Contains liability, warranty, indemnity, or insurance allocation that cannot be transferred to MORT without attorney review and nonwaivable-right analysis.",not observed in reviewed source,not observed in reviewed source,not observed in reviewed source,"Disclose household-entry risk, people present, equipment, insurance limits, and cancellation paths without promising that screening eliminates danger.","Do not import adult-only eligibility assumptions, broad waivers, conclusive contractor labels, forced-dispute terms, or liability allocations without teen-safety and jurisdiction-specific review.",true,
MORT-LR-0055,HomeServe,Application Terms,https://www.homeserve.com/en-us/app/terms,www.homeserve.com,2026-07-19,not visible in reviewed source,United States; United Kingdom; Canada,household_service_marketplaces,Household-service marketplaces,"service provider, household customer, platform operator",account_and_eligibility | safety_and_conduct | payments_and_fees | disputes_and_appeals | privacy_and_retention | location | identity_and_verification | liability_and_insurance | minors_and_guardians | moderation_and_enforcement,reviewed_direct,direct official HTML/text retrieval,200,https://www.homeserve.com/en-us/app/terms/,text/html; charset=UTF-8,cb0cb53bb6eecaaee2b957cc10861369a7047bb1f4ba06d3dd2550401d02003e,,,,,"HomeServe's Application Terms addresses account and eligibility, safety and conduct, payments and fees, disputes and appeals for household-service marketplaces. MORT can use the observed pattern as comparative input, but must draft its own teen-safe language and obtain jurisdiction-specific attorney review.","Uses stated conduct, risk, restriction, reporting, or safety controls; MORT must retain emergency escalation and victim-centered treatment.","Addresses payment, fees, refunds, wages, or transaction duties; MORT must still state that its current flow records preferences and obligations without processing funds.","Provides a complaint, dispute, mediation, arbitration, or appeal pattern; MORT must preserve private review and avoid promising court outcomes.","Contains child, youth, age, parent, or guardian treatment that requires comparison with MORT's 13-17 role and optional Guardian Mode.","Addresses personal information, privacy rights, retention, or deletion; MORT must apply minimization to location, evidence, documents, and youth data.",Addresses location or address data; MORT should release exact job locations only after authorization and record the release state.,"Discusses identity, screening, background checks, or biometrics; MORT must label each signal precisely and avoid calling nonauthoritative checks identity proof.","Contains liability, warranty, indemnity, or insurance allocation that cannot be transferred to MORT without attorney review and nonwaivable-right analysis.",present in reviewed source,present in reviewed source,present in reviewed source,"Disclose household-entry risk, people present, equipment, insurance limits, and cancellation paths without promising that screening eliminates danger.","Do not import adult-only eligibility assumptions, broad waivers, conclusive contractor labels, forced-dispute terms, or liability allocations without teen-safety and jurisdiction-specific review.",true,
MORT-LR-0056,HomeServe,Terms of Use,https://www.homeserve.com/en-us/legal/terms-of-use,www.homeserve.com,2026-07-19,not visible in reviewed source,United States; United Kingdom; Canada,household_service_marketplaces,Household-service marketplaces,"service provider, household customer, platform operator",account_and_eligibility | payments_and_fees | disputes_and_appeals | privacy_and_retention | location | identity_and_verification | liability_and_insurance | moderation_and_enforcement,reviewed_direct,direct official HTML/text retrieval,200,https://www.homeserve.com/en-us/legal/terms-of-use/,text/html; charset=UTF-8,0d281ef90fa15753df2789e9f9b50bfee5a1cb057cef247fae4c8b9b7ed71dc4,,,,,"HomeServe's Terms of Use addresses account and eligibility, payments and fees, disputes and appeals, privacy and retention for household-service marketplaces. MORT can use the observed pattern as comparative input, but must draft its own teen-safe language and obtain jurisdiction-specific attorney review.","No detailed safety framework was observed in this document; MORT needs a separate, explicit safety policy.","Addresses payment, fees, refunds, wages, or transaction duties; MORT must still state that its current flow records preferences and obligations without processing funds.","Provides a complaint, dispute, mediation, arbitration, or appeal pattern; MORT must preserve private review and avoid promising court outcomes.",No material minor-user treatment was observed; this gap makes the source unsuitable as a complete model for MORT.,"Addresses personal information, privacy rights, retention, or deletion; MORT must apply minimization to location, evidence, documents, and youth data.",Addresses location or address data; MORT should release exact job locations only after authorization and record the release state.,"Discusses identity, screening, background checks, or biometrics; MORT must label each signal precisely and avoid calling nonauthoritative checks identity proof.","Contains liability, warranty, indemnity, or insurance allocation that cannot be transferred to MORT without attorney review and nonwaivable-right analysis.",present in reviewed source,present in reviewed source,present in reviewed source,"Disclose household-entry risk, people present, equipment, insurance limits, and cancellation paths without promising that screening eliminates danger.","Do not import adult-only eligibility assumptions, broad waivers, conclusive contractor labels, forced-dispute terms, or liability allocations without teen-safety and jurisdiction-specific review.",true,
MORT-LR-0057,HomeServe,Privacy Policy,https://www.homeserve.com/sc/legal/privacy-policy,www.homeserve.com,2026-07-19,"January 1, 2026",multi-jurisdiction or source-specific,household_service_marketplaces,Household-service marketplaces,"service provider, household customer, platform operator",account_and_eligibility | safety_and_conduct | payments_and_fees | disputes_and_appeals | privacy_and_retention | location | identity_and_verification | liability_and_insurance | minors_and_guardians,reviewed_direct,direct official HTML/text retrieval,200,https://www.homeserve.com/sc/legal/privacy-policy,text/html; charset=utf-8,dac3998e9be00113e6d1a3db686a2041894aa3cfdc19abca3e31fe8b1f74ae04,,,,,"HomeServe's Privacy Policy addresses account and eligibility, safety and conduct, payments and fees, disputes and appeals for household-service marketplaces. MORT can use the observed pattern as comparative input, but must draft its own teen-safe language and obtain jurisdiction-specific attorney review.","Uses stated conduct, risk, restriction, reporting, or safety controls; MORT must retain emergency escalation and victim-centered treatment.","Addresses payment, fees, refunds, wages, or transaction duties; MORT must still state that its current flow records preferences and obligations without processing funds.","Provides a complaint, dispute, mediation, arbitration, or appeal pattern; MORT must preserve private review and avoid promising court outcomes.","Contains child, youth, age, parent, or guardian treatment that requires comparison with MORT's 13-17 role and optional Guardian Mode.","Addresses personal information, privacy rights, retention, or deletion; MORT must apply minimization to location, evidence, documents, and youth data.",Addresses location or address data; MORT should release exact job locations only after authorization and record the release state.,"Discusses identity, screening, background checks, or biometrics; MORT must label each signal precisely and avoid calling nonauthoritative checks identity proof.","Contains liability, warranty, indemnity, or insurance allocation that cannot be transferred to MORT without attorney review and nonwaivable-right analysis.",not observed in reviewed source,not observed in reviewed source,not observed in reviewed source,"Disclose household-entry risk, people present, equipment, insurance limits, and cancellation paths without promising that screening eliminates danger.","Do not import adult-only eligibility assumptions, broad waivers, conclusive contractor labels, forced-dispute terms, or liability allocations without teen-safety and jurisdiction-specific review.",true,
MORT-LR-0058,Merry Maids,Terms of Use,https://www.merrymaids.com/terms-of-use,www.merrymaids.com,2026-07-19,not visible in reviewed source,multi-jurisdiction or source-specific,household_service_marketplaces,Household-service marketplaces,"service provider, household customer, platform operator",account_and_eligibility | disputes_and_appeals | location | identity_and_verification | liability_and_insurance,reviewed_browser_verified,normal-browser review of official first-party page after automated retrieval was blocked or incomplete,,https://www.merrymaids.com/terms-of-use/,text/html (browser-rendered; source text not retained),db16d66da05a17ab248cf6aded42b2d4116703f4224b72307986db0f5e01d0a7,,,2026-07-19,Official first-party URL and page identity rendered in a normal browser; only original clause-pattern notes were retained.,"Merry Maids's Terms of Use addresses account and eligibility, disputes and appeals, location, identity and verification for household-service marketplaces. MORT can use the observed pattern as comparative input, but must draft its own teen-safe language and obtain jurisdiction-specific attorney review.","No detailed safety framework was observed in this document; MORT needs a separate, explicit safety policy.",No material payment process was observed in this document.,"Provides a complaint, dispute, mediation, arbitration, or appeal pattern; MORT must preserve private review and avoid promising court outcomes.",No material minor-user treatment was observed; this gap makes the source unsuitable as a complete model for MORT.,No detailed privacy or retention treatment was observed in this document.,Addresses location or address data; MORT should release exact job locations only after authorization and record the release state.,"Discusses identity, screening, background checks, or biometrics; MORT must label each signal precisely and avoid calling nonauthoritative checks identity proof.","Contains liability, warranty, indemnity, or insurance allocation that cannot be transferred to MORT without attorney review and nonwaivable-right analysis.",not observed in reviewed source,not observed in reviewed source,not observed in reviewed source,"Disclose household-entry risk, people present, equipment, insurance limits, and cancellation paths without promising that screening eliminates danger.","Do not import adult-only eligibility assumptions, broad waivers, conclusive contractor labels, forced-dispute terms, or liability allocations without teen-safety and jurisdiction-specific review.",true,
MORT-LR-0059,Molly Maid,Privacy Policy,https://mollymaid.ca/privacy-policy,mollymaid.ca,2026-07-19,not visible in reviewed source,Canada,household_service_marketplaces,Household-service marketplaces,"service provider, household customer, platform operator",privacy_and_retention | location | moderation_and_enforcement,reviewed_direct,direct official HTML/text retrieval,200,https://mollymaid.ca/privacy-policy/,text/html; charset=UTF-8,40a55d55be52ca437a66897b6f46a6fbc4d41cdf00a4f59d3d379f5f06c0a2c1,,,,,"Molly Maid's Privacy Policy addresses privacy and retention, location, moderation and enforcement for household-service marketplaces. MORT can use the observed pattern as comparative input, but must draft its own teen-safe language and obtain jurisdiction-specific attorney review.","No detailed safety framework was observed in this document; MORT needs a separate, explicit safety policy.",No material payment process was observed in this document.,No detailed dispute path was observed in this document.,No material minor-user treatment was observed; this gap makes the source unsuitable as a complete model for MORT.,"Addresses personal information, privacy rights, retention, or deletion; MORT must apply minimization to location, evidence, documents, and youth data.",Addresses location or address data; MORT should release exact job locations only after authorization and record the release state.,No material identity-verification process was observed in this document.,No detailed liability or insurance allocation was observed in this document.,not observed in reviewed source,not observed in reviewed source,not observed in reviewed source,"Disclose household-entry risk, people present, equipment, insurance limits, and cancellation paths without promising that screening eliminates danger.","Do not import adult-only eligibility assumptions, broad waivers, conclusive contractor labels, forced-dispute terms, or liability allocations without teen-safety and jurisdiction-specific review.",true,
MORT-LR-0060,Angi,Lead Feed Service Provider Agreement,https://content.angi.com/angieslist/LeadsTermsAndConditions.pdf,content.angi.com,2026-07-19,not visible in reviewed source,multi-jurisdiction or source-specific,household_service_marketplaces,Household-service marketplaces,"service provider, household customer, platform operator",privacy_and_retention | location,reviewed_direct,direct official HTML/text retrieval,200,https://www.angi.com/content-unavailable,text/html; charset=utf-8,f80879fa6606c25fcaaf14db37361276a69205dc0c0a3338e399ac389bae00b3,,,,,"Angi's Lead Feed Service Provider Agreement addresses privacy and retention, location for household-service marketplaces. MORT can use the observed pattern as comparative input, but must draft its own teen-safe language and obtain jurisdiction-specific attorney review.","No detailed safety framework was observed in this document; MORT needs a separate, explicit safety policy.",No material payment process was observed in this document.,No detailed dispute path was observed in this document.,No material minor-user treatment was observed; this gap makes the source unsuitable as a complete model for MORT.,"Addresses personal information, privacy rights, retention, or deletion; MORT must apply minimization to location, evidence, documents, and youth data.",Addresses location or address data; MORT should release exact job locations only after authorization and record the release state.,No material identity-verification process was observed in this document.,No detailed liability or insurance allocation was observed in this document.,not observed in reviewed source,not observed in reviewed source,not observed in reviewed source,"Disclose household-entry risk, people present, equipment, insurance limits, and cancellation paths without promising that screening eliminates danger.","Do not import adult-only eligibility assumptions, broad waivers, conclusive contractor labels, forced-dispute terms, or liability allocations without teen-safety and jurisdiction-specific review.",true,
MORT-LR-0061,Rover,Terms of Service,https://www.rover.com/terms/tos,www.rover.com,2026-07-19,not visible in reviewed source,multi-jurisdiction or source-specific,pet_care_marketplaces,Pet-care marketplaces,"pet caregiver, pet owner, platform operator",account_and_eligibility | disputes_and_appeals | location | identity_and_verification | liability_and_insurance,reviewed_browser_verified,normal-browser review of official first-party page after automated retrieval was blocked or incomplete,,https://www.rover.com/terms/tos/,text/html (browser-rendered; source text not retained),5fbc43024e01440dae1c25f5a9c566ea0eec6d61139459657a5ed22bf2b86f4f,,,2026-07-19,Official first-party URL and page identity rendered in a normal browser; only original clause-pattern notes were retained.,"Rover's Terms of Service addresses account and eligibility, disputes and appeals, location, identity and verification for pet-care marketplaces. MORT can use the observed pattern as comparative input, but must draft its own teen-safe language and obtain jurisdiction-specific attorney review.","No detailed safety framework was observed in this document; MORT needs a separate, explicit safety policy.",No material payment process was observed in this document.,"Provides a complaint, dispute, mediation, arbitration, or appeal pattern; MORT must preserve private review and avoid promising court outcomes.",No material minor-user treatment was observed; this gap makes the source unsuitable as a complete model for MORT.,No detailed privacy or retention treatment was observed in this document.,Addresses location or address data; MORT should release exact job locations only after authorization and record the release state.,"Discusses identity, screening, background checks, or biometrics; MORT must label each signal precisely and avoid calling nonauthoritative checks identity proof.","Contains liability, warranty, indemnity, or insurance allocation that cannot be transferred to MORT without attorney review and nonwaivable-right analysis.",not observed in reviewed source,not observed in reviewed source,not observed in reviewed source,"Pair clear care scope and emergency instructions with private dispute handling, evidence preservation, and bounded protection disclosures.","Do not import adult-only eligibility assumptions, broad waivers, conclusive contractor labels, forced-dispute terms, or liability allocations without teen-safety and jurisdiction-specific review.",true,
MORT-LR-0062,Rover,Privacy Statement,https://www.rover.com/terms/privacy,www.rover.com,2026-07-19,not visible in reviewed source,multi-jurisdiction or source-specific,pet_care_marketplaces,Pet-care marketplaces,"pet caregiver, pet owner, platform operator",privacy_and_retention | identity_and_verification,reviewed_browser_verified,normal-browser review of official first-party page after automated retrieval was blocked or incomplete,,https://www.rover.com/terms/privacy/,text/html (browser-rendered; source text not retained),f440f449c279baea4702ce343fe6f65437a04ec072a11d4124b1fe58048b5732,,,2026-07-19,Official first-party URL and page identity rendered in a normal browser; only original clause-pattern notes were retained.,"Rover's Privacy Statement addresses privacy and retention, identity and verification for pet-care marketplaces. MORT can use the observed pattern as comparative input, but must draft its own teen-safe language and obtain jurisdiction-specific attorney review.","No detailed safety framework was observed in this document; MORT needs a separate, explicit safety policy.",No material payment process was observed in this document.,No detailed dispute path was observed in this document.,No material minor-user treatment was observed; this gap makes the source unsuitable as a complete model for MORT.,"Addresses personal information, privacy rights, retention, or deletion; MORT must apply minimization to location, evidence, documents, and youth data.",No material location treatment was observed in this document.,"Discusses identity, screening, background checks, or biometrics; MORT must label each signal precisely and avoid calling nonauthoritative checks identity proof.",No detailed liability or insurance allocation was observed in this document.,not observed in reviewed source,not observed in reviewed source,not observed in reviewed source,"Pair clear care scope and emergency instructions with private dispute handling, evidence preservation, and bounded protection disclosures.","Do not import adult-only eligibility assumptions, broad waivers, conclusive contractor labels, forced-dispute terms, or liability allocations without teen-safety and jurisdiction-specific review.",true,
MORT-LR-0063,Rover,Data Request Guidelines,https://www.rover.com/terms/data-request-guidelines,www.rover.com,2026-07-19,not visible in reviewed source,multi-jurisdiction or source-specific,pet_care_marketplaces,Pet-care marketplaces,"pet caregiver, pet owner, platform operator",privacy_and_retention | identity_and_verification,reviewed_browser_verified,normal-browser review of official first-party page after automated retrieval was blocked or incomplete,,https://www.rover.com/terms/data-request-guidelines/,text/html (browser-rendered; source text not retained),d49cca3e2c9bf600ed52462ff0eb4ee216c70f36035d012bf3975387e09555e7,,,2026-07-19,Official first-party URL and page identity rendered in a normal browser; only original clause-pattern notes were retained.,"Rover's Data Request Guidelines addresses privacy and retention, identity and verification for pet-care marketplaces. MORT can use the observed pattern as comparative input, but must draft its own teen-safe language and obtain jurisdiction-specific attorney review.","No detailed safety framework was observed in this document; MORT needs a separate, explicit safety policy.",No material payment process was observed in this document.,No detailed dispute path was observed in this document.,No material minor-user treatment was observed; this gap makes the source unsuitable as a complete model for MORT.,"Addresses personal information, privacy rights, retention, or deletion; MORT must apply minimization to location, evidence, documents, and youth data.",No material location treatment was observed in this document.,"Discusses identity, screening, background checks, or biometrics; MORT must label each signal precisely and avoid calling nonauthoritative checks identity proof.",No detailed liability or insurance allocation was observed in this document.,not observed in reviewed source,not observed in reviewed source,not observed in reviewed source,"Pair clear care scope and emergency instructions with private dispute handling, evidence preservation, and bounded protection disclosures.","Do not import adult-only eligibility assumptions, broad waivers, conclusive contractor labels, forced-dispute terms, or liability allocations without teen-safety and jurisdiction-specific review.",true,
MORT-LR-0064,Rover,Safety Support Overview,https://support.rover.com/hc/en-us/articles/205882216-What-does-Rover-do-to-support-safety,support.rover.com,2026-07-19,not visible in reviewed source,United States,pet_care_marketplaces,Pet-care marketplaces,"pet caregiver, pet owner, platform operator",safety_and_conduct | identity_and_verification | moderation_and_enforcement,reviewed_browser_verified,normal-browser review of official first-party page after automated retrieval was blocked or incomplete,,https://support.rover.com/hc/en-us/articles/205882216-What-does-Rover-do-to-support-safety,text/html (browser-rendered; source text not retained),691a95ced1e40f4bec3624df0142065e009ba7c7564366ee61ce1c2d416db0f7,,,2026-07-19,Official first-party URL and page identity rendered in a normal browser; only original clause-pattern notes were retained.,"Rover's Safety Support Overview addresses safety and conduct, identity and verification, moderation and enforcement for pet-care marketplaces. MORT can use the observed pattern as comparative input, but must draft its own teen-safe language and obtain jurisdiction-specific attorney review.","Uses stated conduct, risk, restriction, reporting, or safety controls; MORT must retain emergency escalation and victim-centered treatment.",No material payment process was observed in this document.,No detailed dispute path was observed in this document.,No material minor-user treatment was observed; this gap makes the source unsuitable as a complete model for MORT.,No detailed privacy or retention treatment was observed in this document.,No material location treatment was observed in this document.,"Discusses identity, screening, background checks, or biometrics; MORT must label each signal precisely and avoid calling nonauthoritative checks identity proof.",No detailed liability or insurance allocation was observed in this document.,not observed in reviewed source,not observed in reviewed source,not observed in reviewed source,"Pair clear care scope and emergency instructions with private dispute handling, evidence preservation, and bounded protection disclosures.","Do not import adult-only eligibility assumptions, broad waivers, conclusive contractor labels, forced-dispute terms, or liability allocations without teen-safety and jurisdiction-specific review.",true,
MORT-LR-0065,Rover,Feedback Policy,https://support.rover.com/hc/en-us/articles/18524473942292-What-is-Rover-s-feedback-policy,support.rover.com,2026-07-19,not visible in reviewed source,United States,pet_care_marketplaces,Pet-care marketplaces,"pet caregiver, pet owner, platform operator",safety_and_conduct | payments_and_fees | disputes_and_appeals | identity_and_verification | moderation_and_enforcement,reviewed_browser_verified,normal-browser review of official first-party page after automated retrieval was blocked or incomplete,,https://support.rover.com/hc/en-us/articles/18524473942292-What-is-Rover-s-feedback-policy,text/html (browser-rendered; source text not retained),83848ee8f8e8497b18695caba41fd337b6e2c417bc9a44d4b00ce5d763c374ef,,,2026-07-19,Official first-party URL and page identity rendered in a normal browser; only original clause-pattern notes were retained.,"Rover's Feedback Policy addresses safety and conduct, payments and fees, disputes and appeals, identity and verification for pet-care marketplaces. MORT can use the observed pattern as comparative input, but must draft its own teen-safe language and obtain jurisdiction-specific attorney review.","Uses stated conduct, risk, restriction, reporting, or safety controls; MORT must retain emergency escalation and victim-centered treatment.","Addresses payment, fees, refunds, wages, or transaction duties; MORT must still state that its current flow records preferences and obligations without processing funds.","Provides a complaint, dispute, mediation, arbitration, or appeal pattern; MORT must preserve private review and avoid promising court outcomes.",No material minor-user treatment was observed; this gap makes the source unsuitable as a complete model for MORT.,No detailed privacy or retention treatment was observed in this document.,No material location treatment was observed in this document.,"Discusses identity, screening, background checks, or biometrics; MORT must label each signal precisely and avoid calling nonauthoritative checks identity proof.",No detailed liability or insurance allocation was observed in this document.,not observed in reviewed source,not observed in reviewed source,not observed in reviewed source,"Pair clear care scope and emergency instructions with private dispute handling, evidence preservation, and bounded protection disclosures.","Do not import adult-only eligibility assumptions, broad waivers, conclusive contractor labels, forced-dispute terms, or liability allocations without teen-safety and jurisdiction-specific review.",true,
MORT-LR-0066,Rover,Uncomfortable Interaction Safety Guidance,https://support.rover.com/hc/en-us/articles/206209920-What-if-someone-makes-me-feel-uncomfortable,support.rover.com,2026-07-19,not visible in reviewed source,United States,pet_care_marketplaces,Pet-care marketplaces,"pet caregiver, pet owner, platform operator",safety_and_conduct | identity_and_verification | moderation_and_enforcement,reviewed_browser_verified,normal-browser review of official first-party page after automated retrieval was blocked or incomplete,,https://support.rover.com/hc/en-us/articles/206209920-What-if-someone-makes-me-feel-uncomfortable,text/html (browser-rendered; source text not retained),cb10c61d8255ab7a25020eb482595f1cbbc8335833d3550c074a1baedfe9bc57,,,2026-07-19,Official first-party URL and page identity rendered in a normal browser; only original clause-pattern notes were retained.,"Rover's Uncomfortable Interaction Safety Guidance addresses safety and conduct, identity and verification, moderation and enforcement for pet-care marketplaces. MORT can use the observed pattern as comparative input, but must draft its own teen-safe language and obtain jurisdiction-specific attorney review.","Uses stated conduct, risk, restriction, reporting, or safety controls; MORT must retain emergency escalation and victim-centered treatment.",No material payment process was observed in this document.,No detailed dispute path was observed in this document.,No material minor-user treatment was observed; this gap makes the source unsuitable as a complete model for MORT.,No detailed privacy or retention treatment was observed in this document.,No material location treatment was observed in this document.,"Discusses identity, screening, background checks, or biometrics; MORT must label each signal precisely and avoid calling nonauthoritative checks identity proof.",No detailed liability or insurance allocation was observed in this document.,not observed in reviewed source,not observed in reviewed source,not observed in reviewed source,"Pair clear care scope and emergency instructions with private dispute handling, evidence preservation, and bounded protection disclosures.","Do not import adult-only eligibility assumptions, broad waivers, conclusive contractor labels, forced-dispute terms, or liability allocations without teen-safety and jurisdiction-specific review.",true,
MORT-LR-0067,Rover,Keep Transactions on Rover Safety Policy,https://www.rover.com/blog/safety/stay-safe-keep-it-on-rover,www.rover.com,2026-07-19,not visible in reviewed source,multi-jurisdiction or source-specific,pet_care_marketplaces,Pet-care marketplaces,"pet caregiver, pet owner, platform operator",safety_and_conduct | payments_and_fees | disputes_and_appeals | identity_and_verification | moderation_and_enforcement,reviewed_browser_verified,normal-browser review of official first-party page after automated retrieval was blocked or incomplete,,https://www.rover.com/blog/safety/stay-safe-keep-it-on-rover/,text/html (browser-rendered; source text not retained),1b58b5b42aa25213283328cb9694bd301fb0377433328c2f5ced415ca97831f0,,,2026-07-19,Official first-party URL and page identity rendered in a normal browser; only original clause-pattern notes were retained.,"Rover's Keep Transactions on Rover Safety Policy addresses safety and conduct, payments and fees, disputes and appeals, identity and verification for pet-care marketplaces. MORT can use the observed pattern as comparative input, but must draft its own teen-safe language and obtain jurisdiction-specific attorney review.","Uses stated conduct, risk, restriction, reporting, or safety controls; MORT must retain emergency escalation and victim-centered treatment.","Addresses payment, fees, refunds, wages, or transaction duties; MORT must still state that its current flow records preferences and obligations without processing funds.","Provides a complaint, dispute, mediation, arbitration, or appeal pattern; MORT must preserve private review and avoid promising court outcomes.",No material minor-user treatment was observed; this gap makes the source unsuitable as a complete model for MORT.,No detailed privacy or retention treatment was observed in this document.,No material location treatment was observed in this document.,"Discusses identity, screening, background checks, or biometrics; MORT must label each signal precisely and avoid calling nonauthoritative checks identity proof.",No detailed liability or insurance allocation was observed in this document.,not observed in reviewed source,not observed in reviewed source,not observed in reviewed source,"Pair clear care scope and emergency instructions with private dispute handling, evidence preservation, and bounded protection disclosures.","Do not import adult-only eligibility assumptions, broad waivers, conclusive contractor labels, forced-dispute terms, or liability allocations without teen-safety and jurisdiction-specific review.",true,
MORT-LR-0068,Wag,Terms of Service,https://wagwalking.com/terms,wagwalking.com,2026-07-19,not visible in reviewed source,multi-jurisdiction or source-specific,pet_care_marketplaces,Pet-care marketplaces,"pet caregiver, pet owner, platform operator",account_and_eligibility | safety_and_conduct | payments_and_fees | disputes_and_appeals | privacy_and_retention | location | identity_and_verification | liability_and_insurance | minors_and_guardians | moderation_and_enforcement,reviewed_direct,direct official HTML/text retrieval,200,https://wagwalking.com/terms,text/html; charset=utf-8,dbc6c4bc67fb5e2e8410e8e3f3cf87bccc8d22d5cc07ba21da025352b3c5c54b,,,,,"Wag's Terms of Service addresses account and eligibility, safety and conduct, payments and fees, disputes and appeals for pet-care marketplaces. MORT can use the observed pattern as comparative input, but must draft its own teen-safe language and obtain jurisdiction-specific attorney review.","Uses stated conduct, risk, restriction, reporting, or safety controls; MORT must retain emergency escalation and victim-centered treatment.","Addresses payment, fees, refunds, wages, or transaction duties; MORT must still state that its current flow records preferences and obligations without processing funds.","Provides a complaint, dispute, mediation, arbitration, or appeal pattern; MORT must preserve private review and avoid promising court outcomes.","Contains child, youth, age, parent, or guardian treatment that requires comparison with MORT's 13-17 role and optional Guardian Mode.","Addresses personal information, privacy rights, retention, or deletion; MORT must apply minimization to location, evidence, documents, and youth data.",Addresses location or address data; MORT should release exact job locations only after authorization and record the release state.,"Discusses identity, screening, background checks, or biometrics; MORT must label each signal precisely and avoid calling nonauthoritative checks identity proof.","Contains liability, warranty, indemnity, or insurance allocation that cannot be transferred to MORT without attorney review and nonwaivable-right analysis.",present in reviewed source,present in reviewed source,present in reviewed source,"Pair clear care scope and emergency instructions with private dispute handling, evidence preservation, and bounded protection disclosures.","Do not import adult-only eligibility assumptions, broad waivers, conclusive contractor labels, forced-dispute terms, or liability allocations without teen-safety and jurisdiction-specific review.",true,
MORT-LR-0069,Wag,Privacy Policy,https://safety.wagwalking.com/privacy,safety.wagwalking.com,2026-07-19,"April 13, 2023",multi-jurisdiction or source-specific,pet_care_marketplaces,Pet-care marketplaces,"pet caregiver, pet owner, platform operator",account_and_eligibility | safety_and_conduct | payments_and_fees | privacy_and_retention | location | identity_and_verification | liability_and_insurance | minors_and_guardians,reviewed_direct,direct official HTML/text retrieval,200,https://safety.wagwalking.com/privacy,text/html; charset=utf-8,0617b379b509b26ff27367a837eecd156021703bf114c0d48b20a0d275105f63,,,,,"Wag's Privacy Policy addresses account and eligibility, safety and conduct, payments and fees, privacy and retention for pet-care marketplaces. MORT can use the observed pattern as comparative input, but must draft its own teen-safe language and obtain jurisdiction-specific attorney review.","Uses stated conduct, risk, restriction, reporting, or safety controls; MORT must retain emergency escalation and victim-centered treatment.","Addresses payment, fees, refunds, wages, or transaction duties; MORT must still state that its current flow records preferences and obligations without processing funds.",No detailed dispute path was observed in this document.,"Contains child, youth, age, parent, or guardian treatment that requires comparison with MORT's 13-17 role and optional Guardian Mode.","Addresses personal information, privacy rights, retention, or deletion; MORT must apply minimization to location, evidence, documents, and youth data.",Addresses location or address data; MORT should release exact job locations only after authorization and record the release state.,"Discusses identity, screening, background checks, or biometrics; MORT must label each signal precisely and avoid calling nonauthoritative checks identity proof.","Contains liability, warranty, indemnity, or insurance allocation that cannot be transferred to MORT without attorney review and nonwaivable-right analysis.",not observed in reviewed source,not observed in reviewed source,not observed in reviewed source,"Pair clear care scope and emergency instructions with private dispute handling, evidence preservation, and bounded protection disclosures.","Do not import adult-only eligibility assumptions, broad waivers, conclusive contractor labels, forced-dispute terms, or liability allocations without teen-safety and jurisdiction-specific review.",true,
MORT-LR-0070,Wag,Guarantee Terms of Service,https://safety.wagwalking.com/terms-wag-guarantee-terms-of-service,safety.wagwalking.com,2026-07-19,not visible in reviewed source,multi-jurisdiction or source-specific,pet_care_marketplaces,Pet-care marketplaces,"pet caregiver, pet owner, platform operator",account_and_eligibility | safety_and_conduct | payments_and_fees | disputes_and_appeals | privacy_and_retention | liability_and_insurance | minors_and_guardians | moderation_and_enforcement,reviewed_direct,direct official HTML/text retrieval,200,https://safety.wagwalking.com/terms-wag-guarantee-terms-of-service,text/html; charset=utf-8,32d46360a7e25c66f8d2a1f699ad8414f849f41048e5ba678cf3774881bab87f,,,,,"Wag's Guarantee Terms of Service addresses account and eligibility, safety and conduct, payments and fees, disputes and appeals for pet-care marketplaces. MORT can use the observed pattern as comparative input, but must draft its own teen-safe language and obtain jurisdiction-specific attorney review.","Uses stated conduct, risk, restriction, reporting, or safety controls; MORT must retain emergency escalation and victim-centered treatment.","Addresses payment, fees, refunds, wages, or transaction duties; MORT must still state that its current flow records preferences and obligations without processing funds.","Provides a complaint, dispute, mediation, arbitration, or appeal pattern; MORT must preserve private review and avoid promising court outcomes.","Contains child, youth, age, parent, or guardian treatment that requires comparison with MORT's 13-17 role and optional Guardian Mode.","Addresses personal information, privacy rights, retention, or deletion; MORT must apply minimization to location, evidence, documents, and youth data.",No material location treatment was observed in this document.,No material identity-verification process was observed in this document.,"Contains liability, warranty, indemnity, or insurance allocation that cannot be transferred to MORT without attorney review and nonwaivable-right analysis.",present in reviewed source,not observed in reviewed source,not observed in reviewed source,"Pair clear care scope and emergency instructions with private dispute handling, evidence preservation, and bounded protection disclosures.","Do not import adult-only eligibility assumptions, broad waivers, conclusive contractor labels, forced-dispute terms, or liability allocations without teen-safety and jurisdiction-specific review.",true,
MORT-LR-0071,Wag,Trust and Safety,https://wagwalking.com/safety,wagwalking.com,2026-07-19,not visible in reviewed source,multi-jurisdiction or source-specific,pet_care_marketplaces,Pet-care marketplaces,"pet caregiver, pet owner, platform operator",account_and_eligibility | safety_and_conduct | privacy_and_retention | identity_and_verification | liability_and_insurance | minors_and_guardians,reviewed_direct,direct official HTML/text retrieval,200,https://wagwalking.com/safety,text/html; charset=utf-8,2a6ac55ac6154f9e381812828297fc7466b79328536c561812c031b010f1f337,,,,,"Wag's Trust and Safety addresses account and eligibility, safety and conduct, privacy and retention, identity and verification for pet-care marketplaces. MORT can use the observed pattern as comparative input, but must draft its own teen-safe language and obtain jurisdiction-specific attorney review.","Uses stated conduct, risk, restriction, reporting, or safety controls; MORT must retain emergency escalation and victim-centered treatment.",No material payment process was observed in this document.,No detailed dispute path was observed in this document.,"Contains child, youth, age, parent, or guardian treatment that requires comparison with MORT's 13-17 role and optional Guardian Mode.","Addresses personal information, privacy rights, retention, or deletion; MORT must apply minimization to location, evidence, documents, and youth data.",No material location treatment was observed in this document.,"Discusses identity, screening, background checks, or biometrics; MORT must label each signal precisely and avoid calling nonauthoritative checks identity proof.","Contains liability, warranty, indemnity, or insurance allocation that cannot be transferred to MORT without attorney review and nonwaivable-right analysis.",not observed in reviewed source,not observed in reviewed source,not observed in reviewed source,"Pair clear care scope and emergency instructions with private dispute handling, evidence preservation, and bounded protection disclosures.","Do not import adult-only eligibility assumptions, broad waivers, conclusive contractor labels, forced-dispute terms, or liability allocations without teen-safety and jurisdiction-specific review.",true,
MORT-LR-0072,PetBacker,Terms of Use,https://www.petbacker.com/help-center/policies/terms-of-use,www.petbacker.com,2026-07-19,not visible in reviewed source,multi-jurisdiction or source-specific,pet_care_marketplaces,Pet-care marketplaces,"pet caregiver, pet owner, platform operator",account_and_eligibility | safety_and_conduct | payments_and_fees | disputes_and_appeals | privacy_and_retention | location | identity_and_verification | liability_and_insurance | minors_and_guardians | moderation_and_enforcement,reviewed_direct,direct official HTML/text retrieval,200,https://www.petbacker.com/help-center/policies/terms-of-use,text/html; charset=utf-8,897d329c876f8e721fa67a0ca59e483d90b998ffc5fbb5ad69b69d4b231c4128,,,,,"PetBacker's Terms of Use addresses account and eligibility, safety and conduct, payments and fees, disputes and appeals for pet-care marketplaces. MORT can use the observed pattern as comparative input, but must draft its own teen-safe language and obtain jurisdiction-specific attorney review.","Uses stated conduct, risk, restriction, reporting, or safety controls; MORT must retain emergency escalation and victim-centered treatment.","Addresses payment, fees, refunds, wages, or transaction duties; MORT must still state that its current flow records preferences and obligations without processing funds.","Provides a complaint, dispute, mediation, arbitration, or appeal pattern; MORT must preserve private review and avoid promising court outcomes.","Contains child, youth, age, parent, or guardian treatment that requires comparison with MORT's 13-17 role and optional Guardian Mode.","Addresses personal information, privacy rights, retention, or deletion; MORT must apply minimization to location, evidence, documents, and youth data.",Addresses location or address data; MORT should release exact job locations only after authorization and record the release state.,"Discusses identity, screening, background checks, or biometrics; MORT must label each signal precisely and avoid calling nonauthoritative checks identity proof.","Contains liability, warranty, indemnity, or insurance allocation that cannot be transferred to MORT without attorney review and nonwaivable-right analysis.",present in reviewed source,not observed in reviewed source,present in reviewed source,"Pair clear care scope and emergency instructions with private dispute handling, evidence preservation, and bounded protection disclosures.","Do not import adult-only eligibility assumptions, broad waivers, conclusive contractor labels, forced-dispute terms, or liability allocations without teen-safety and jurisdiction-specific review.",true,
MORT-LR-0073,PetBacker,Privacy and Cookie Policy,https://www.petbacker.com/help-center/policies/privacy-policy,www.petbacker.com,2026-07-19,not visible in reviewed source,multi-jurisdiction or source-specific,pet_care_marketplaces,Pet-care marketplaces,"pet caregiver, pet owner, platform operator",account_and_eligibility | safety_and_conduct | payments_and_fees | disputes_and_appeals | privacy_and_retention | location | identity_and_verification | minors_and_guardians | moderation_and_enforcement,reviewed_direct,direct official HTML/text retrieval,200,https://www.petbacker.com/help-center/policies/privacy-policy,text/html; charset=utf-8,670fefa345cb8c93b5665e3fb359f68c52ac9b17826003bbc0e87f45c1e24d74,,,,,"PetBacker's Privacy and Cookie Policy addresses account and eligibility, safety and conduct, payments and fees, disputes and appeals for pet-care marketplaces. MORT can use the observed pattern as comparative input, but must draft its own teen-safe language and obtain jurisdiction-specific attorney review.","Uses stated conduct, risk, restriction, reporting, or safety controls; MORT must retain emergency escalation and victim-centered treatment.","Addresses payment, fees, refunds, wages, or transaction duties; MORT must still state that its current flow records preferences and obligations without processing funds.","Provides a complaint, dispute, mediation, arbitration, or appeal pattern; MORT must preserve private review and avoid promising court outcomes.","Contains child, youth, age, parent, or guardian treatment that requires comparison with MORT's 13-17 role and optional Guardian Mode.","Addresses personal information, privacy rights, retention, or deletion; MORT must apply minimization to location, evidence, documents, and youth data.",Addresses location or address data; MORT should release exact job locations only after authorization and record the release state.,"Discusses identity, screening, background checks, or biometrics; MORT must label each signal precisely and avoid calling nonauthoritative checks identity proof.",No detailed liability or insurance allocation was observed in this document.,not observed in reviewed source,not observed in reviewed source,not observed in reviewed source,"Pair clear care scope and emergency instructions with private dispute handling, evidence preservation, and bounded protection disclosures.","Do not import adult-only eligibility assumptions, broad waivers, conclusive contractor labels, forced-dispute terms, or liability allocations without teen-safety and jurisdiction-specific review.",true,
MORT-LR-0074,TrustedHousesitters,Terms and Conditions,https://www.trustedhousesitters.com/terms-and-conditions,www.trustedhousesitters.com,2026-07-19,not visible in reviewed source,multi-jurisdiction or source-specific,pet_care_marketplaces,Pet-care marketplaces,"pet caregiver, pet owner, platform operator",account_and_eligibility | safety_and_conduct | privacy_and_retention | location,reviewed_direct,direct official HTML/text retrieval,200,https://www.trustedhousesitters.com/terms-and-conditions/,text/html; charset=utf-8,cfb00bc52826610a18bf0e3a0bba61ac041afcc150bd3bca7b87c33b65d2c6fa,,,,,"TrustedHousesitters's Terms and Conditions addresses account and eligibility, safety and conduct, privacy and retention, location for pet-care marketplaces. MORT can use the observed pattern as comparative input, but must draft its own teen-safe language and obtain jurisdiction-specific attorney review.","Uses stated conduct, risk, restriction, reporting, or safety controls; MORT must retain emergency escalation and victim-centered treatment.",No material payment process was observed in this document.,No detailed dispute path was observed in this document.,No material minor-user treatment was observed; this gap makes the source unsuitable as a complete model for MORT.,"Addresses personal information, privacy rights, retention, or deletion; MORT must apply minimization to location, evidence, documents, and youth data.",Addresses location or address data; MORT should release exact job locations only after authorization and record the release state.,No material identity-verification process was observed in this document.,No detailed liability or insurance allocation was observed in this document.,not observed in reviewed source,not observed in reviewed source,not observed in reviewed source,"Pair clear care scope and emergency instructions with private dispute handling, evidence preservation, and bounded protection disclosures.","Do not import adult-only eligibility assumptions, broad waivers, conclusive contractor labels, forced-dispute terms, or liability allocations without teen-safety and jurisdiction-specific review.",true,
MORT-LR-0075,TrustedHousesitters,Privacy Policy,https://www.trustedhousesitters.com/privacy-policy,www.trustedhousesitters.com,2026-07-19,not visible in reviewed source,multi-jurisdiction or source-specific,pet_care_marketplaces,Pet-care marketplaces,"pet caregiver, pet owner, platform operator",account_and_eligibility | safety_and_conduct | payments_and_fees | disputes_and_appeals | privacy_and_retention | location | identity_and_verification | minors_and_guardians | moderation_and_enforcement,reviewed_direct,direct official HTML/text retrieval,200,https://www.trustedhousesitters.com/privacy-policy/,text/html; charset=utf-8,e36e8acf708e3ca85886ef0eee1d8f5f57987e3724c7a8a7e4f58078e1bf001e,,,,,"TrustedHousesitters's Privacy Policy addresses account and eligibility, safety and conduct, payments and fees, disputes and appeals for pet-care marketplaces. MORT can use the observed pattern as comparative input, but must draft its own teen-safe language and obtain jurisdiction-specific attorney review.","Uses stated conduct, risk, restriction, reporting, or safety controls; MORT must retain emergency escalation and victim-centered treatment.","Addresses payment, fees, refunds, wages, or transaction duties; MORT must still state that its current flow records preferences and obligations without processing funds.","Provides a complaint, dispute, mediation, arbitration, or appeal pattern; MORT must preserve private review and avoid promising court outcomes.","Contains child, youth, age, parent, or guardian treatment that requires comparison with MORT's 13-17 role and optional Guardian Mode.","Addresses personal information, privacy rights, retention, or deletion; MORT must apply minimization to location, evidence, documents, and youth data.",Addresses location or address data; MORT should release exact job locations only after authorization and record the release state.,"Discusses identity, screening, background checks, or biometrics; MORT must label each signal precisely and avoid calling nonauthoritative checks identity proof.",No detailed liability or insurance allocation was observed in this document.,not observed in reviewed source,not observed in reviewed source,not observed in reviewed source,"Pair clear care scope and emergency instructions with private dispute handling, evidence preservation, and bounded protection disclosures.","Do not import adult-only eligibility assumptions, broad waivers, conclusive contractor labels, forced-dispute terms, or liability allocations without teen-safety and jurisdiction-specific review.",true,
MORT-LR-0076,UrbanSitter,Terms of Service,https://www.urbansitter.com/terms-of-service,www.urbansitter.com,2026-07-19,"June 24, 2026",United States,childcare_caregiving_services,Childcare and caregiving services,"caregiver, family, minor participant, platform operator",account_and_eligibility | safety_and_conduct | payments_and_fees | disputes_and_appeals | privacy_and_retention | location | identity_and_verification | liability_and_insurance | minors_and_guardians | moderation_and_enforcement,reviewed_direct,direct official HTML/text retrieval,200,https://www.urbansitter.com/terms-of-service/,text/html; charset=UTF-8,e78f531900d2834ab472d33d12ff3f01540840e245ca8bf98ef0f4219ab655d7,,,,,"UrbanSitter's Terms of Service addresses account and eligibility, safety and conduct, payments and fees, disputes and appeals for childcare and caregiving services. MORT can use the observed pattern as comparative input, but must draft its own teen-safe language and obtain jurisdiction-specific attorney review.","Uses stated conduct, risk, restriction, reporting, or safety controls; MORT must retain emergency escalation and victim-centered treatment.","Addresses payment, fees, refunds, wages, or transaction duties; MORT must still state that its current flow records preferences and obligations without processing funds.","Provides a complaint, dispute, mediation, arbitration, or appeal pattern; MORT must preserve private review and avoid promising court outcomes.","Contains child, youth, age, parent, or guardian treatment that requires comparison with MORT's 13-17 role and optional Guardian Mode.","Addresses personal information, privacy rights, retention, or deletion; MORT must apply minimization to location, evidence, documents, and youth data.",Addresses location or address data; MORT should release exact job locations only after authorization and record the release state.,"Discusses identity, screening, background checks, or biometrics; MORT must label each signal precisely and avoid calling nonauthoritative checks identity proof.","Contains liability, warranty, indemnity, or insurance allocation that cannot be transferred to MORT without attorney review and nonwaivable-right analysis.",not observed in reviewed source,not observed in reviewed source,present in reviewed source,"Use plain language, strong safeguarding, careful background-check wording, age-aware privacy, and escalation paths that do not blame victims.","Do not import adult-only eligibility assumptions, broad waivers, conclusive contractor labels, forced-dispute terms, or liability allocations without teen-safety and jurisdiction-specific review.",true,
MORT-LR-0077,UrbanSitter,Privacy Policy,https://www.urbansitter.com/privacy-policy,www.urbansitter.com,2026-07-19,not visible in reviewed source,multi-jurisdiction or source-specific,childcare_caregiving_services,Childcare and caregiving services,"caregiver, family, minor participant, platform operator",account_and_eligibility | safety_and_conduct | payments_and_fees | disputes_and_appeals | privacy_and_retention | location | identity_and_verification | minors_and_guardians | moderation_and_enforcement,reviewed_direct,direct official HTML/text retrieval,200,https://www.urbansitter.com/privacy-policy/,text/html; charset=UTF-8,092a417fa6fa447fc5d0e144f64e9214d4cc4ed5a9b7a24af0935f9fa8efc5e0,,,,,"UrbanSitter's Privacy Policy addresses account and eligibility, safety and conduct, payments and fees, disputes and appeals for childcare and caregiving services. MORT can use the observed pattern as comparative input, but must draft its own teen-safe language and obtain jurisdiction-specific attorney review.","Uses stated conduct, risk, restriction, reporting, or safety controls; MORT must retain emergency escalation and victim-centered treatment.","Addresses payment, fees, refunds, wages, or transaction duties; MORT must still state that its current flow records preferences and obligations without processing funds.","Provides a complaint, dispute, mediation, arbitration, or appeal pattern; MORT must preserve private review and avoid promising court outcomes.","Contains child, youth, age, parent, or guardian treatment that requires comparison with MORT's 13-17 role and optional Guardian Mode.","Addresses personal information, privacy rights, retention, or deletion; MORT must apply minimization to location, evidence, documents, and youth data.",Addresses location or address data; MORT should release exact job locations only after authorization and record the release state.,"Discusses identity, screening, background checks, or biometrics; MORT must label each signal precisely and avoid calling nonauthoritative checks identity proof.",No detailed liability or insurance allocation was observed in this document.,not observed in reviewed source,not observed in reviewed source,not observed in reviewed source,"Use plain language, strong safeguarding, careful background-check wording, age-aware privacy, and escalation paths that do not blame victims.","Do not import adult-only eligibility assumptions, broad waivers, conclusive contractor labels, forced-dispute terms, or liability allocations without teen-safety and jurisdiction-specific review.",true,
MORT-LR-0078,UrbanSitter,Community Guidelines,https://support.urbansitter.com/hc/en-us/articles/115000630368-Community-Guidelines,support.urbansitter.com,2026-07-19,not visible in reviewed source,United States,childcare_caregiving_services,Childcare and caregiving services,"caregiver, family, minor participant, platform operator",safety_and_conduct | identity_and_verification | moderation_and_enforcement,reviewed_browser_verified,normal-browser review of official first-party page after automated retrieval was blocked or incomplete,,https://support.urbansitter.com/hc/en-us/articles/115000630368-Community-Guidelines,text/html (browser-rendered; source text not retained),1637305d2f88ba2ea4392e9057f9b6f64b7888f14f1ba011731085aee4106a11,,,2026-07-19,Official first-party URL and page identity rendered in a normal browser; only original clause-pattern notes were retained.,"UrbanSitter's Community Guidelines addresses safety and conduct, identity and verification, moderation and enforcement for childcare and caregiving services. MORT can use the observed pattern as comparative input, but must draft its own teen-safe language and obtain jurisdiction-specific attorney review.","Uses stated conduct, risk, restriction, reporting, or safety controls; MORT must retain emergency escalation and victim-centered treatment.",No material payment process was observed in this document.,No detailed dispute path was observed in this document.,No material minor-user treatment was observed; this gap makes the source unsuitable as a complete model for MORT.,No detailed privacy or retention treatment was observed in this document.,No material location treatment was observed in this document.,"Discusses identity, screening, background checks, or biometrics; MORT must label each signal precisely and avoid calling nonauthoritative checks identity proof.",No detailed liability or insurance allocation was observed in this document.,not observed in reviewed source,not observed in reviewed source,not observed in reviewed source,"Use plain language, strong safeguarding, careful background-check wording, age-aware privacy, and escalation paths that do not blame victims.","Do not import adult-only eligibility assumptions, broad waivers, conclusive contractor labels, forced-dispute terms, or liability allocations without teen-safety and jurisdiction-specific review.",true,
MORT-LR-0079,UrbanSitter,Reliability Policy,https://support.urbansitter.com/hc/en-us/articles/200827526-Reliability-Policy,support.urbansitter.com,2026-07-19,not visible in reviewed source,United States,childcare_caregiving_services,Childcare and caregiving services,"caregiver, family, minor participant, platform operator",identity_and_verification | liability_and_insurance,reviewed_browser_verified,normal-browser review of official first-party page after automated retrieval was blocked or incomplete,,https://support.urbansitter.com/hc/en-us/articles/200827526-Reliability-Policy,text/html (browser-rendered; source text not retained),3e2ae9f2aeb244c6957cfb8d0f152e2124c38eb2515b232d0a7dd05872d06edf,,,2026-07-19,Official first-party URL and page identity rendered in a normal browser; only original clause-pattern notes were retained.,"UrbanSitter's Reliability Policy addresses identity and verification, liability and insurance for childcare and caregiving services. MORT can use the observed pattern as comparative input, but must draft its own teen-safe language and obtain jurisdiction-specific attorney review.","No detailed safety framework was observed in this document; MORT needs a separate, explicit safety policy.",No material payment process was observed in this document.,No detailed dispute path was observed in this document.,No material minor-user treatment was observed; this gap makes the source unsuitable as a complete model for MORT.,No detailed privacy or retention treatment was observed in this document.,No material location treatment was observed in this document.,"Discusses identity, screening, background checks, or biometrics; MORT must label each signal precisely and avoid calling nonauthoritative checks identity proof.","Contains liability, warranty, indemnity, or insurance allocation that cannot be transferred to MORT without attorney review and nonwaivable-right analysis.",not observed in reviewed source,not observed in reviewed source,not observed in reviewed source,"Use plain language, strong safeguarding, careful background-check wording, age-aware privacy, and escalation paths that do not blame victims.","Do not import adult-only eligibility assumptions, broad waivers, conclusive contractor labels, forced-dispute terms, or liability allocations without teen-safety and jurisdiction-specific review.",true,
MORT-LR-0080,UrbanSitter,Scam Safety Guidance,https://support.urbansitter.com/hc/en-us/articles/115001259927-Suspect-a-scammer,support.urbansitter.com,2026-07-19,not visible in reviewed source,United States,childcare_caregiving_services,Childcare and caregiving services,"caregiver, family, minor participant, platform operator",safety_and_conduct | identity_and_verification | moderation_and_enforcement,reviewed_browser_verified,normal-browser review of official first-party page after automated retrieval was blocked or incomplete,,https://support.urbansitter.com/hc/en-us/articles/115001259927-Suspect-a-scammer,text/html (browser-rendered; source text not retained),c85b2135a7c3eac37801812b95819ee789eba133dad214940fda6648e3274185,,,2026-07-19,Official first-party URL and page identity rendered in a normal browser; only original clause-pattern notes were retained.,"UrbanSitter's Scam Safety Guidance addresses safety and conduct, identity and verification, moderation and enforcement for childcare and caregiving services. MORT can use the observed pattern as comparative input, but must draft its own teen-safe language and obtain jurisdiction-specific attorney review.","Uses stated conduct, risk, restriction, reporting, or safety controls; MORT must retain emergency escalation and victim-centered treatment.",No material payment process was observed in this document.,No detailed dispute path was observed in this document.,No material minor-user treatment was observed; this gap makes the source unsuitable as a complete model for MORT.,No detailed privacy or retention treatment was observed in this document.,No material location treatment was observed in this document.,"Discusses identity, screening, background checks, or biometrics; MORT must label each signal precisely and avoid calling nonauthoritative checks identity proof.",No detailed liability or insurance allocation was observed in this document.,not observed in reviewed source,not observed in reviewed source,not observed in reviewed source,"Use plain language, strong safeguarding, careful background-check wording, age-aware privacy, and escalation paths that do not blame victims.","Do not import adult-only eligibility assumptions, broad waivers, conclusive contractor labels, forced-dispute terms, or liability allocations without teen-safety and jurisdiction-specific review.",true,
MORT-LR-0081,Sittercity,Terms of Use,https://www.sittercity.com/mobile/terms,www.sittercity.com,2026-07-19,"October 24, 2025",multi-jurisdiction or source-specific,childcare_caregiving_services,Childcare and caregiving services,"caregiver, family, minor participant, platform operator",account_and_eligibility | safety_and_conduct | payments_and_fees | privacy_and_retention | location | identity_and_verification | liability_and_insurance | minors_and_guardians | moderation_and_enforcement,reviewed_direct,direct official HTML/text retrieval,200,https://www.sittercity.com/mobile/terms,text/html; charset=utf-8,f65fa97d6856f571b1bce9cbd540ba24c36d223c55e844b41288fdf759a1cf1b,,,,,"Sittercity's Terms of Use addresses account and eligibility, safety and conduct, payments and fees, privacy and retention for childcare and caregiving services. MORT can use the observed pattern as comparative input, but must draft its own teen-safe language and obtain jurisdiction-specific attorney review.","Uses stated conduct, risk, restriction, reporting, or safety controls; MORT must retain emergency escalation and victim-centered treatment.","Addresses payment, fees, refunds, wages, or transaction duties; MORT must still state that its current flow records preferences and obligations without processing funds.",No detailed dispute path was observed in this document.,"Contains child, youth, age, parent, or guardian treatment that requires comparison with MORT's 13-17 role and optional Guardian Mode.","Addresses personal information, privacy rights, retention, or deletion; MORT must apply minimization to location, evidence, documents, and youth data.",Addresses location or address data; MORT should release exact job locations only after authorization and record the release state.,"Discusses identity, screening, background checks, or biometrics; MORT must label each signal precisely and avoid calling nonauthoritative checks identity proof.","Contains liability, warranty, indemnity, or insurance allocation that cannot be transferred to MORT without attorney review and nonwaivable-right analysis.",not observed in reviewed source,not observed in reviewed source,present in reviewed source,"Use plain language, strong safeguarding, careful background-check wording, age-aware privacy, and escalation paths that do not blame victims.","Do not import adult-only eligibility assumptions, broad waivers, conclusive contractor labels, forced-dispute terms, or liability allocations without teen-safety and jurisdiction-specific review.",true,
MORT-LR-0082,Sittercity,Privacy Policy,https://www.sittercity.com/mobile/privacy,www.sittercity.com,2026-07-19,not visible in reviewed source,United States,childcare_caregiving_services,Childcare and caregiving services,"caregiver, family, minor participant, platform operator",account_and_eligibility | safety_and_conduct | payments_and_fees | disputes_and_appeals | privacy_and_retention | location | identity_and_verification | liability_and_insurance | minors_and_guardians | moderation_and_enforcement,reviewed_direct,direct official HTML/text retrieval,200,https://www.sittercity.com/mobile/privacy,text/html; charset=utf-8,0bd9ae98baa5760b7ba6cd34e74eb861aabb0329ac5820b8704092c1e56954de,,,,,"Sittercity's Privacy Policy addresses account and eligibility, safety and conduct, payments and fees, disputes and appeals for childcare and caregiving services. MORT can use the observed pattern as comparative input, but must draft its own teen-safe language and obtain jurisdiction-specific attorney review.","Uses stated conduct, risk, restriction, reporting, or safety controls; MORT must retain emergency escalation and victim-centered treatment.","Addresses payment, fees, refunds, wages, or transaction duties; MORT must still state that its current flow records preferences and obligations without processing funds.","Provides a complaint, dispute, mediation, arbitration, or appeal pattern; MORT must preserve private review and avoid promising court outcomes.","Contains child, youth, age, parent, or guardian treatment that requires comparison with MORT's 13-17 role and optional Guardian Mode.","Addresses personal information, privacy rights, retention, or deletion; MORT must apply minimization to location, evidence, documents, and youth data.",Addresses location or address data; MORT should release exact job locations only after authorization and record the release state.,"Discusses identity, screening, background checks, or biometrics; MORT must label each signal precisely and avoid calling nonauthoritative checks identity proof.","Contains liability, warranty, indemnity, or insurance allocation that cannot be transferred to MORT without attorney review and nonwaivable-right analysis.",not observed in reviewed source,not observed in reviewed source,not observed in reviewed source,"Use plain language, strong safeguarding, careful background-check wording, age-aware privacy, and escalation paths that do not blame victims.","Do not import adult-only eligibility assumptions, broad waivers, conclusive contractor labels, forced-dispute terms, or liability allocations without teen-safety and jurisdiction-specific review.",true,
MORT-LR-0083,Sittercity,Internet Safety,https://www.sittercity.com/internet-safety,www.sittercity.com,2026-07-19,not visible in reviewed source,multi-jurisdiction or source-specific,childcare_caregiving_services,Childcare and caregiving services,"caregiver, family, minor participant, platform operator",account_and_eligibility | safety_and_conduct | payments_and_fees | disputes_and_appeals | privacy_and_retention | location | identity_and_verification | minors_and_guardians | moderation_and_enforcement,reviewed_direct,direct official HTML/text retrieval,200,https://www.sittercity.com/internet-safety,text/html; charset=utf-8,31e979aacd32af4fd8f6e25d60baff576bd1b5e62d223b4d455a465c3743cb02,,,,,"Sittercity's Internet Safety addresses account and eligibility, safety and conduct, payments and fees, disputes and appeals for childcare and caregiving services. MORT can use the observed pattern as comparative input, but must draft its own teen-safe language and obtain jurisdiction-specific attorney review.","Uses stated conduct, risk, restriction, reporting, or safety controls; MORT must retain emergency escalation and victim-centered treatment.","Addresses payment, fees, refunds, wages, or transaction duties; MORT must still state that its current flow records preferences and obligations without processing funds.","Provides a complaint, dispute, mediation, arbitration, or appeal pattern; MORT must preserve private review and avoid promising court outcomes.","Contains child, youth, age, parent, or guardian treatment that requires comparison with MORT's 13-17 role and optional Guardian Mode.","Addresses personal information, privacy rights, retention, or deletion; MORT must apply minimization to location, evidence, documents, and youth data.",Addresses location or address data; MORT should release exact job locations only after authorization and record the release state.,"Discusses identity, screening, background checks, or biometrics; MORT must label each signal precisely and avoid calling nonauthoritative checks identity proof.",No detailed liability or insurance allocation was observed in this document.,not observed in reviewed source,not observed in reviewed source,not observed in reviewed source,"Use plain language, strong safeguarding, careful background-check wording, age-aware privacy, and escalation paths that do not blame victims.","Do not import adult-only eligibility assumptions, broad waivers, conclusive contractor labels, forced-dispute terms, or liability allocations without teen-safety and jurisdiction-specific review.",true,
MORT-LR-0084,Sittercity,Family Verification,https://support.sittercity.com/hc/en-us/articles/360007314893-How-does-Sittercity-verify-families,support.sittercity.com,2026-07-19,not visible in reviewed source,United States,childcare_caregiving_services,Childcare and caregiving services,"caregiver, family, minor participant, platform operator",identity_and_verification,reviewed_browser_verified,normal-browser review of official first-party page after automated retrieval was blocked or incomplete,,https://support.sittercity.com/hc/en-us/articles/360007314893-How-does-Sittercity-verify-families,text/html (browser-rendered; source text not retained),c514aff3ab9c432e1cbb4adb12a81fc5a349853f0d104753670aa85cb9d86fd6,,,2026-07-19,Official first-party URL and page identity rendered in a normal browser; only original clause-pattern notes were retained.,"Sittercity's Family Verification addresses identity and verification for childcare and caregiving services. MORT can use the observed pattern as comparative input, but must draft its own teen-safe language and obtain jurisdiction-specific attorney review.","No detailed safety framework was observed in this document; MORT needs a separate, explicit safety policy.",No material payment process was observed in this document.,No detailed dispute path was observed in this document.,No material minor-user treatment was observed; this gap makes the source unsuitable as a complete model for MORT.,No detailed privacy or retention treatment was observed in this document.,No material location treatment was observed in this document.,"Discusses identity, screening, background checks, or biometrics; MORT must label each signal precisely and avoid calling nonauthoritative checks identity proof.",No detailed liability or insurance allocation was observed in this document.,not observed in reviewed source,not observed in reviewed source,not observed in reviewed source,"Use plain language, strong safeguarding, careful background-check wording, age-aware privacy, and escalation paths that do not blame victims.","Do not import adult-only eligibility assumptions, broad waivers, conclusive contractor labels, forced-dispute terms, or liability allocations without teen-safety and jurisdiction-specific review.",true,
MORT-LR-0085,Sittercity,Caregiver Background Checks,https://www.sittercity.com/sitters/how-do-background-checks-work-for-sitters,www.sittercity.com,2026-07-19,not visible in reviewed source,multi-jurisdiction or source-specific,childcare_caregiving_services,Childcare and caregiving services,"caregiver, family, minor participant, platform operator",account_and_eligibility | safety_and_conduct | payments_and_fees | privacy_and_retention | identity_and_verification | minors_and_guardians,reviewed_direct,direct official HTML/text retrieval,200,https://www.sittercity.com/sitters/how-do-background-checks-work-for-sitters,text/html; charset=UTF-8,25bbc230afdde2487c26549a405c056e4b3283ec585773e01f2eb8e1fed44c64,,,,,"Sittercity's Caregiver Background Checks addresses account and eligibility, safety and conduct, payments and fees, privacy and retention for childcare and caregiving services. MORT can use the observed pattern as comparative input, but must draft its own teen-safe language and obtain jurisdiction-specific attorney review.","Uses stated conduct, risk, restriction, reporting, or safety controls; MORT must retain emergency escalation and victim-centered treatment.","Addresses payment, fees, refunds, wages, or transaction duties; MORT must still state that its current flow records preferences and obligations without processing funds.",No detailed dispute path was observed in this document.,"Contains child, youth, age, parent, or guardian treatment that requires comparison with MORT's 13-17 role and optional Guardian Mode.","Addresses personal information, privacy rights, retention, or deletion; MORT must apply minimization to location, evidence, documents, and youth data.",No material location treatment was observed in this document.,"Discusses identity, screening, background checks, or biometrics; MORT must label each signal precisely and avoid calling nonauthoritative checks identity proof.",No detailed liability or insurance allocation was observed in this document.,not observed in reviewed source,not observed in reviewed source,not observed in reviewed source,"Use plain language, strong safeguarding, careful background-check wording, age-aware privacy, and escalation paths that do not blame victims.","Do not import adult-only eligibility assumptions, broad waivers, conclusive contractor labels, forced-dispute terms, or liability allocations without teen-safety and jurisdiction-specific review.",true,
MORT-LR-0086,Bambino,Terms of Use,https://bambinositters.com/terms-of-use,bambinositters.com,2026-07-19,2025-10-23,multi-jurisdiction or source-specific,childcare_caregiving_services,Childcare and caregiving services,"caregiver, family, minor participant, platform operator",account_and_eligibility | safety_and_conduct | payments_and_fees | disputes_and_appeals | privacy_and_retention | location | identity_and_verification | liability_and_insurance | minors_and_guardians | moderation_and_enforcement,reviewed_direct,direct official HTML/text retrieval,200,https://bambinositters.com/terms-of-use/,text/html; charset=UTF-8,1d415937d95c1af48c50fc67cfba2fda8e364bf58385e8ceabe17bae72eaf878,,,,,"Bambino's Terms of Use addresses account and eligibility, safety and conduct, payments and fees, disputes and appeals for childcare and caregiving services. MORT can use the observed pattern as comparative input, but must draft its own teen-safe language and obtain jurisdiction-specific attorney review.","Uses stated conduct, risk, restriction, reporting, or safety controls; MORT must retain emergency escalation and victim-centered treatment.","Addresses payment, fees, refunds, wages, or transaction duties; MORT must still state that its current flow records preferences and obligations without processing funds.","Provides a complaint, dispute, mediation, arbitration, or appeal pattern; MORT must preserve private review and avoid promising court outcomes.","Contains child, youth, age, parent, or guardian treatment that requires comparison with MORT's 13-17 role and optional Guardian Mode.","Addresses personal information, privacy rights, retention, or deletion; MORT must apply minimization to location, evidence, documents, and youth data.",Addresses location or address data; MORT should release exact job locations only after authorization and record the release state.,"Discusses identity, screening, background checks, or biometrics; MORT must label each signal precisely and avoid calling nonauthoritative checks identity proof.","Contains liability, warranty, indemnity, or insurance allocation that cannot be transferred to MORT without attorney review and nonwaivable-right analysis.",present in reviewed source,present in reviewed source,present in reviewed source,"Use plain language, strong safeguarding, careful background-check wording, age-aware privacy, and escalation paths that do not blame victims.","Do not import adult-only eligibility assumptions, broad waivers, conclusive contractor labels, forced-dispute terms, or liability allocations without teen-safety and jurisdiction-specific review.",true,
MORT-LR-0087,Bambino,Privacy Policy,https://bambinositters.com/privacypolicy,bambinositters.com,2026-07-19,not visible in reviewed source,multi-jurisdiction or source-specific,childcare_caregiving_services,Childcare and caregiving services,"caregiver, family, minor participant, platform operator",account_and_eligibility | safety_and_conduct | payments_and_fees | privacy_and_retention | location | identity_and_verification | minors_and_guardians,reviewed_direct,direct official HTML/text retrieval,200,https://bambinositters.com/privacypolicy/,text/html; charset=UTF-8,eebc667b6871a46c02aa1aa414ad8a375927915655450c74ad8979c15244dd68,,,,,"Bambino's Privacy Policy addresses account and eligibility, safety and conduct, payments and fees, privacy and retention for childcare and caregiving services. MORT can use the observed pattern as comparative input, but must draft its own teen-safe language and obtain jurisdiction-specific attorney review.","Uses stated conduct, risk, restriction, reporting, or safety controls; MORT must retain emergency escalation and victim-centered treatment.","Addresses payment, fees, refunds, wages, or transaction duties; MORT must still state that its current flow records preferences and obligations without processing funds.",No detailed dispute path was observed in this document.,"Contains child, youth, age, parent, or guardian treatment that requires comparison with MORT's 13-17 role and optional Guardian Mode.","Addresses personal information, privacy rights, retention, or deletion; MORT must apply minimization to location, evidence, documents, and youth data.",Addresses location or address data; MORT should release exact job locations only after authorization and record the release state.,"Discusses identity, screening, background checks, or biometrics; MORT must label each signal precisely and avoid calling nonauthoritative checks identity proof.",No detailed liability or insurance allocation was observed in this document.,not observed in reviewed source,not observed in reviewed source,not observed in reviewed source,"Use plain language, strong safeguarding, careful background-check wording, age-aware privacy, and escalation paths that do not blame victims.","Do not import adult-only eligibility assumptions, broad waivers, conclusive contractor labels, forced-dispute terms, or liability allocations without teen-safety and jurisdiction-specific review.",true,
MORT-LR-0088,Bambino,Safety Standards,https://bambinositters.com/safety,bambinositters.com,2026-07-19,not visible in reviewed source,multi-jurisdiction or source-specific,childcare_caregiving_services,Childcare and caregiving services,"caregiver, family, minor participant, platform operator",account_and_eligibility | safety_and_conduct | payments_and_fees | privacy_and_retention | location | identity_and_verification | minors_and_guardians | moderation_and_enforcement,reviewed_direct,direct official HTML/text retrieval,200,https://bambinositters.com/safety/,text/html; charset=UTF-8,40795b6fe3b10415dd6c117b462922be4f68e0acb0a68f094ed501411fbfe09e,,,,,"Bambino's Safety Standards addresses account and eligibility, safety and conduct, payments and fees, privacy and retention for childcare and caregiving services. MORT can use the observed pattern as comparative input, but must draft its own teen-safe language and obtain jurisdiction-specific attorney review.","Uses stated conduct, risk, restriction, reporting, or safety controls; MORT must retain emergency escalation and victim-centered treatment.","Addresses payment, fees, refunds, wages, or transaction duties; MORT must still state that its current flow records preferences and obligations without processing funds.",No detailed dispute path was observed in this document.,"Contains child, youth, age, parent, or guardian treatment that requires comparison with MORT's 13-17 role and optional Guardian Mode.","Addresses personal information, privacy rights, retention, or deletion; MORT must apply minimization to location, evidence, documents, and youth data.",Addresses location or address data; MORT should release exact job locations only after authorization and record the release state.,"Discusses identity, screening, background checks, or biometrics; MORT must label each signal precisely and avoid calling nonauthoritative checks identity proof.",No detailed liability or insurance allocation was observed in this document.,not observed in reviewed source,not observed in reviewed source,not observed in reviewed source,"Use plain language, strong safeguarding, careful background-check wording, age-aware privacy, and escalation paths that do not blame victims.","Do not import adult-only eligibility assumptions, broad waivers, conclusive contractor labels, forced-dispute terms, or liability allocations without teen-safety and jurisdiction-specific review.",true,
MORT-LR-0089,Bright Horizons,Global Privacy Policies,https://www.brighthorizons.com/about/privacy,www.brighthorizons.com,2026-07-19,not visible in reviewed source,United States; United Kingdom; European Union / EEA; Canada,childcare_caregiving_services,Childcare and caregiving services,"caregiver, family, minor participant, platform operator",account_and_eligibility | safety_and_conduct | payments_and_fees | disputes_and_appeals | privacy_and_retention | location | identity_and_verification | liability_and_insurance | minors_and_guardians,reviewed_direct,direct official HTML/text retrieval,200,https://www.brighthorizons.com/about/privacy,text/html; charset=utf-8,64cb41a90d55dc3e46013e6e522031df3b55c6f913f85dcfe034ca6036564b32,,,,,"Bright Horizons's Global Privacy Policies addresses account and eligibility, safety and conduct, payments and fees, disputes and appeals for childcare and caregiving services. MORT can use the observed pattern as comparative input, but must draft its own teen-safe language and obtain jurisdiction-specific attorney review.","Uses stated conduct, risk, restriction, reporting, or safety controls; MORT must retain emergency escalation and victim-centered treatment.","Addresses payment, fees, refunds, wages, or transaction duties; MORT must still state that its current flow records preferences and obligations without processing funds.","Provides a complaint, dispute, mediation, arbitration, or appeal pattern; MORT must preserve private review and avoid promising court outcomes.","Contains child, youth, age, parent, or guardian treatment that requires comparison with MORT's 13-17 role and optional Guardian Mode.","Addresses personal information, privacy rights, retention, or deletion; MORT must apply minimization to location, evidence, documents, and youth data.",Addresses location or address data; MORT should release exact job locations only after authorization and record the release state.,"Discusses identity, screening, background checks, or biometrics; MORT must label each signal precisely and avoid calling nonauthoritative checks identity proof.","Contains liability, warranty, indemnity, or insurance allocation that cannot be transferred to MORT without attorney review and nonwaivable-right analysis.",present in reviewed source,not observed in reviewed source,not observed in reviewed source,"Use plain language, strong safeguarding, careful background-check wording, age-aware privacy, and escalation paths that do not blame victims.","Do not import adult-only eligibility assumptions, broad waivers, conclusive contractor labels, forced-dispute terms, or liability allocations without teen-safety and jurisdiction-specific review.",true,
MORT-LR-0090,Bright Horizons,Privacy and Information Security,https://www.brighthorizons.com/about/privacy-security,www.brighthorizons.com,2026-07-19,not visible in reviewed source,United Kingdom,childcare_caregiving_services,Childcare and caregiving services,"caregiver, family, minor participant, platform operator",account_and_eligibility | privacy_and_retention | location | minors_and_guardians,reviewed_direct,direct official HTML/text retrieval,200,https://www.brighthorizons.com/about/privacy-security/,text/html; charset=utf-8,1a03570ecaa238609030887b594b4ca2d653691e5a9274b1993f37094c20b3b2,,,,,"Bright Horizons's Privacy and Information Security addresses account and eligibility, privacy and retention, location, minors and guardians for childcare and caregiving services. MORT can use the observed pattern as comparative input, but must draft its own teen-safe language and obtain jurisdiction-specific attorney review.","No detailed safety framework was observed in this document; MORT needs a separate, explicit safety policy.",No material payment process was observed in this document.,No detailed dispute path was observed in this document.,"Contains child, youth, age, parent, or guardian treatment that requires comparison with MORT's 13-17 role and optional Guardian Mode.","Addresses personal information, privacy rights, retention, or deletion; MORT must apply minimization to location, evidence, documents, and youth data.",Addresses location or address data; MORT should release exact job locations only after authorization and record the release state.,No material identity-verification process was observed in this document.,No detailed liability or insurance allocation was observed in this document.,not observed in reviewed source,not observed in reviewed source,not observed in reviewed source,"Use plain language, strong safeguarding, careful background-check wording, age-aware privacy, and escalation paths that do not blame victims.","Do not import adult-only eligibility assumptions, broad waivers, conclusive contractor labels, forced-dispute terms, or liability allocations without teen-safety and jurisdiction-specific review.",true,
MORT-LR-0091,Khan Academy,Terms of Service,https://www.khanacademy.org/about/tos,www.khanacademy.org,2026-07-19,not visible in reviewed source,multi-jurisdiction or source-specific,youth_education_school_platforms,"Youth, education, and school platforms","student, parent, educator, school, platform operator",general_governance,reviewed_direct,direct official HTML/text retrieval,200,https://www.khanacademy.org/about/docs/khan-academy-terms-of-service,text/html,f6e9fc7053da095609aeb9b5b1d9ab0c64099be064ec96e673cfdae50c693ae3,,,,,"Khan Academy's Terms of Service addresses general governance for youth, education, and school platforms. MORT can use the observed pattern as comparative input, but must draft its own teen-safe language and obtain jurisdiction-specific attorney review.","No detailed safety framework was observed in this document; MORT needs a separate, explicit safety policy.",No material payment process was observed in this document.,No detailed dispute path was observed in this document.,No material minor-user treatment was observed; this gap makes the source unsuitable as a complete model for MORT.,No detailed privacy or retention treatment was observed in this document.,No material location treatment was observed in this document.,No material identity-verification process was observed in this document.,No detailed liability or insurance allocation was observed in this document.,not observed in reviewed source,not observed in reviewed source,not observed in reviewed source,"Present teen-readable summaries, age-aware privacy controls, school-role boundaries, and guardian consent only where law or policy actually requires it.","Do not import adult-only eligibility assumptions, broad waivers, conclusive contractor labels, forced-dispute terms, or liability allocations without teen-safety and jurisdiction-specific review.",true,
MORT-LR-0092,Khan Academy,Privacy Policy,https://www.khanacademy.org/about/privacy-policy,www.khanacademy.org,2026-07-19,not visible in reviewed source,multi-jurisdiction or source-specific,youth_education_school_platforms,"Youth, education, and school platforms","student, parent, educator, school, platform operator",general_governance,reviewed_direct,direct official HTML/text retrieval,200,https://www.khanacademy.org/about/privacy-policy,text/html,ed99d4e464223de04441c7943da2510fba7bb5b4dc5a8d4c2b23ab27f01c2f23,,,,,"Khan Academy's Privacy Policy addresses general governance for youth, education, and school platforms. MORT can use the observed pattern as comparative input, but must draft its own teen-safe language and obtain jurisdiction-specific attorney review.","No detailed safety framework was observed in this document; MORT needs a separate, explicit safety policy.",No material payment process was observed in this document.,No detailed dispute path was observed in this document.,No material minor-user treatment was observed; this gap makes the source unsuitable as a complete model for MORT.,No detailed privacy or retention treatment was observed in this document.,No material location treatment was observed in this document.,No material identity-verification process was observed in this document.,No detailed liability or insurance allocation was observed in this document.,not observed in reviewed source,not observed in reviewed source,not observed in reviewed source,"Present teen-readable summaries, age-aware privacy controls, school-role boundaries, and guardian consent only where law or policy actually requires it.","Do not import adult-only eligibility assumptions, broad waivers, conclusive contractor labels, forced-dispute terms, or liability allocations without teen-safety and jurisdiction-specific review.",true,
MORT-LR-0093,Life360,Terms of Service,https://legal.corp.life360.com/hc/en-us/articles/16124856472471-Life360-Terms-of-Service,legal.corp.life360.com,2026-07-19,not visible in reviewed source,United States,safety_family_location_products,Safety and family-location products,"family member, minor user, trusted contact, service operator",account_and_eligibility | disputes_and_appeals | location | identity_and_verification | liability_and_insurance,reviewed_browser_verified,normal-browser review of official first-party page after automated retrieval was blocked or incomplete,,https://legal.corp.life360.com/hc/en-us/articles/16124856472471-Life360-Terms-of-Service,text/html (browser-rendered; source text not retained),b2337eef66876da1331a343cb5710252564c1bb8c03d7328718ffe8b814b649f,,,2026-07-19,Official first-party URL and page identity rendered in a normal browser; only original clause-pattern notes were retained.,"Life360's Terms of Service addresses account and eligibility, disputes and appeals, location, identity and verification for safety and family-location products. MORT can use the observed pattern as comparative input, but must draft its own teen-safe language and obtain jurisdiction-specific attorney review.","No detailed safety framework was observed in this document; MORT needs a separate, explicit safety policy.",No material payment process was observed in this document.,"Provides a complaint, dispute, mediation, arbitration, or appeal pattern; MORT must preserve private review and avoid promising court outcomes.",No material minor-user treatment was observed; this gap makes the source unsuitable as a complete model for MORT.,No detailed privacy or retention treatment was observed in this document.,Addresses location or address data; MORT should release exact job locations only after authorization and record the release state.,"Discusses identity, screening, background checks, or biometrics; MORT must label each signal precisely and avoid calling nonauthoritative checks identity proof.","Contains liability, warranty, indemnity, or insurance allocation that cannot be transferred to MORT without attorney review and nonwaivable-right analysis.",not observed in reviewed source,not observed in reviewed source,not observed in reviewed source,"Minimize location collection, make sharing visible and revocable, protect sensitive actions, and explain emergency-service limitations.","Do not import adult-only eligibility assumptions, broad waivers, conclusive contractor labels, forced-dispute terms, or liability allocations without teen-safety and jurisdiction-specific review.",true,
MORT-LR-0094,Life360,Privacy Policy,https://legal.corp.life360.com/hc/en-us/articles/16038777217175-Life360-Privacy-Policy,legal.corp.life360.com,2026-07-19,not visible in reviewed source,United States,safety_family_location_products,Safety and family-location products,"family member, minor user, trusted contact, service operator",privacy_and_retention | identity_and_verification,reviewed_browser_verified,normal-browser review of official first-party page after automated retrieval was blocked or incomplete,,https://legal.corp.life360.com/hc/en-us/articles/16038777217175-Life360-Privacy-Policy,text/html (browser-rendered; source text not retained),9642342c21cc6189d33edce5ae28e5a4cb1c021119646a81cadde5487177b8b9,,,2026-07-19,Official first-party URL and page identity rendered in a normal browser; only original clause-pattern notes were retained.,"Life360's Privacy Policy addresses privacy and retention, identity and verification for safety and family-location products. MORT can use the observed pattern as comparative input, but must draft its own teen-safe language and obtain jurisdiction-specific attorney review.","No detailed safety framework was observed in this document; MORT needs a separate, explicit safety policy.",No material payment process was observed in this document.,No detailed dispute path was observed in this document.,No material minor-user treatment was observed; this gap makes the source unsuitable as a complete model for MORT.,"Addresses personal information, privacy rights, retention, or deletion; MORT must apply minimization to location, evidence, documents, and youth data.",No material location treatment was observed in this document.,"Discusses identity, screening, background checks, or biometrics; MORT must label each signal precisely and avoid calling nonauthoritative checks identity proof.",No detailed liability or insurance allocation was observed in this document.,not observed in reviewed source,not observed in reviewed source,not observed in reviewed source,"Minimize location collection, make sharing visible and revocable, protect sensitive actions, and explain emergency-service limitations.","Do not import adult-only eligibility assumptions, broad waivers, conclusive contractor labels, forced-dispute terms, or liability allocations without teen-safety and jurisdiction-specific review.",true,
MORT-LR-0095,Life360,Law Enforcement Guidelines,https://legal.corp.life360.com/hc/en-us/articles/16369337969431-Life360-Law-Enforcement-Guidelines,legal.corp.life360.com,2026-07-19,not visible in reviewed source,United States,safety_family_location_products,Safety and family-location products,"family member, minor user, trusted contact, service operator",privacy_and_retention | identity_and_verification,reviewed_browser_verified,normal-browser review of official first-party page after automated retrieval was blocked or incomplete,,https://legal.corp.life360.com/hc/en-us/articles/16369337969431-Life360-Law-Enforcement-Guidelines,text/html (browser-rendered; source text not retained),28a0ddb885940a093206d01600d6fdd181d87ebe3ee0ca4b823748e131dc896d,,,2026-07-19,Official first-party URL and page identity rendered in a normal browser; only original clause-pattern notes were retained.,"Life360's Law Enforcement Guidelines addresses privacy and retention, identity and verification for safety and family-location products. MORT can use the observed pattern as comparative input, but must draft its own teen-safe language and obtain jurisdiction-specific attorney review.","No detailed safety framework was observed in this document; MORT needs a separate, explicit safety policy.",No material payment process was observed in this document.,No detailed dispute path was observed in this document.,No material minor-user treatment was observed; this gap makes the source unsuitable as a complete model for MORT.,"Addresses personal information, privacy rights, retention, or deletion; MORT must apply minimization to location, evidence, documents, and youth data.",No material location treatment was observed in this document.,"Discusses identity, screening, background checks, or biometrics; MORT must label each signal precisely and avoid calling nonauthoritative checks identity proof.",No detailed liability or insurance allocation was observed in this document.,not observed in reviewed source,not observed in reviewed source,not observed in reviewed source,"Minimize location collection, make sharing visible and revocable, protect sensitive actions, and explain emergency-service limitations.","Do not import adult-only eligibility assumptions, broad waivers, conclusive contractor labels, forced-dispute terms, or liability allocations without teen-safety and jurisdiction-specific review.",true,
MORT-LR-0096,Life360,User Content Release and Liability Waiver,https://www.life360.com/user-story-consent,www.life360.com,2026-07-19,not visible in reviewed source,multi-jurisdiction or source-specific,safety_family_location_products,Safety and family-location products,"family member, minor user, trusted contact, service operator",identity_and_verification | liability_and_insurance,reviewed_browser_verified,normal-browser review of official first-party page after automated retrieval was blocked or incomplete,,https://www.life360.com/user-story-consent,text/html (browser-rendered; source text not retained),e951644cd5fbf2c3bafbcf5ead910c0ea6948471d1a1856e4b5ec0dfda55be21,,,2026-07-19,Official first-party URL and page identity rendered in a normal browser; only original clause-pattern notes were retained.,"Life360's User Content Release and Liability Waiver addresses identity and verification, liability and insurance for safety and family-location products. MORT can use the observed pattern as comparative input, but must draft its own teen-safe language and obtain jurisdiction-specific attorney review.","No detailed safety framework was observed in this document; MORT needs a separate, explicit safety policy.",No material payment process was observed in this document.,No detailed dispute path was observed in this document.,No material minor-user treatment was observed; this gap makes the source unsuitable as a complete model for MORT.,No detailed privacy or retention treatment was observed in this document.,No material location treatment was observed in this document.,"Discusses identity, screening, background checks, or biometrics; MORT must label each signal precisely and avoid calling nonauthoritative checks identity proof.","Contains liability, warranty, indemnity, or insurance allocation that cannot be transferred to MORT without attorney review and nonwaivable-right analysis.",not observed in reviewed source,not observed in reviewed source,not observed in reviewed source,"Minimize location collection, make sharing visible and revocable, protect sensitive actions, and explain emergency-service limitations.","Do not import adult-only eligibility assumptions, broad waivers, conclusive contractor labels, forced-dispute terms, or liability allocations without teen-safety and jurisdiction-specific review.",true,
MORT-LR-0097,Life360,Member Protection Resources,https://www.life360.com/en-ca/member-protection-resources,www.life360.com,2026-07-19,not visible in reviewed source,Canada,safety_family_location_products,Safety and family-location products,"family member, minor user, trusted contact, service operator",safety_and_conduct | identity_and_verification | moderation_and_enforcement,reviewed_browser_verified,normal-browser review of official first-party page after automated retrieval was blocked or incomplete,,https://www.life360.com/en-ca/member-protection-resources,text/html (browser-rendered; source text not retained),eaefd3a7ac316365fa6e6f041e31afdf62cb1a63c669e835c69da02b7505b398,,,2026-07-19,Official first-party URL and page identity rendered in a normal browser; only original clause-pattern notes were retained.,"Life360's Member Protection Resources addresses safety and conduct, identity and verification, moderation and enforcement for safety and family-location products. MORT can use the observed pattern as comparative input, but must draft its own teen-safe language and obtain jurisdiction-specific attorney review.","Uses stated conduct, risk, restriction, reporting, or safety controls; MORT must retain emergency escalation and victim-centered treatment.",No material payment process was observed in this document.,No detailed dispute path was observed in this document.,No material minor-user treatment was observed; this gap makes the source unsuitable as a complete model for MORT.,No detailed privacy or retention treatment was observed in this document.,No material location treatment was observed in this document.,"Discusses identity, screening, background checks, or biometrics; MORT must label each signal precisely and avoid calling nonauthoritative checks identity proof.",No detailed liability or insurance allocation was observed in this document.,not observed in reviewed source,not observed in reviewed source,not observed in reviewed source,"Minimize location collection, make sharing visible and revocable, protect sensitive actions, and explain emergency-service limitations.","Do not import adult-only eligibility assumptions, broad waivers, conclusive contractor labels, forced-dispute terms, or liability allocations without teen-safety and jurisdiction-specific review.",true,
MORT-LR-0098,Bark,Terms of Service,https://www.bark.us/wp-content/uploads/2024/02/Bark-TOS-2024-02-23.pdf,www.bark.us,2026-07-19,not visible in reviewed source,multi-jurisdiction or source-specific,safety_family_location_products,Safety and family-location products,"family member, minor user, trusted contact, service operator",general_governance,reviewed_direct,direct official binary document retrieval; metadata-level review,200,https://www.bark.us/wp-content/uploads/2024/02/Bark-TOS-2024-02-23.pdf,application/pdf,5ea9784846f89b4752a6e0695d20776729d6b676cda0968e0ce032bb50273473,,,,,"Bark's Terms of Service addresses general governance for safety and family-location products. MORT can use the observed pattern as comparative input, but must draft its own teen-safe language and obtain jurisdiction-specific attorney review.","No detailed safety framework was observed in this document; MORT needs a separate, explicit safety policy.",No material payment process was observed in this document.,No detailed dispute path was observed in this document.,No material minor-user treatment was observed; this gap makes the source unsuitable as a complete model for MORT.,No detailed privacy or retention treatment was observed in this document.,No material location treatment was observed in this document.,No material identity-verification process was observed in this document.,No detailed liability or insurance allocation was observed in this document.,not observed in reviewed source,not observed in reviewed source,not observed in reviewed source,"Minimize location collection, make sharing visible and revocable, protect sensitive actions, and explain emergency-service limitations.","Do not import adult-only eligibility assumptions, broad waivers, conclusive contractor labels, forced-dispute terms, or liability allocations without teen-safety and jurisdiction-specific review.",true,
MORT-LR-0099,Bark,Privacy Policy,https://www.bark.us/privacy,www.bark.us,2026-07-19,"March 15, 2026",multi-jurisdiction or source-specific,safety_family_location_products,Safety and family-location products,"family member, minor user, trusted contact, service operator",account_and_eligibility | safety_and_conduct | payments_and_fees | disputes_and_appeals | privacy_and_retention | location | identity_and_verification | liability_and_insurance | minors_and_guardians | moderation_and_enforcement,reviewed_direct,direct official HTML/text retrieval,200,https://www.bark.us/privacy/,text/html; charset=UTF-8,042f6b4243985c47ecf8a412ec03db37048ce2e1da6cec9322c19432641d8768,,,,,"Bark's Privacy Policy addresses account and eligibility, safety and conduct, payments and fees, disputes and appeals for safety and family-location products. MORT can use the observed pattern as comparative input, but must draft its own teen-safe language and obtain jurisdiction-specific attorney review.","Uses stated conduct, risk, restriction, reporting, or safety controls; MORT must retain emergency escalation and victim-centered treatment.","Addresses payment, fees, refunds, wages, or transaction duties; MORT must still state that its current flow records preferences and obligations without processing funds.","Provides a complaint, dispute, mediation, arbitration, or appeal pattern; MORT must preserve private review and avoid promising court outcomes.","Contains child, youth, age, parent, or guardian treatment that requires comparison with MORT's 13-17 role and optional Guardian Mode.","Addresses personal information, privacy rights, retention, or deletion; MORT must apply minimization to location, evidence, documents, and youth data.",Addresses location or address data; MORT should release exact job locations only after authorization and record the release state.,"Discusses identity, screening, background checks, or biometrics; MORT must label each signal precisely and avoid calling nonauthoritative checks identity proof.","Contains liability, warranty, indemnity, or insurance allocation that cannot be transferred to MORT without attorney review and nonwaivable-right analysis.",not observed in reviewed source,not observed in reviewed source,present in reviewed source,"Minimize location collection, make sharing visible and revocable, protect sensitive actions, and explain emergency-service limitations.","Do not import adult-only eligibility assumptions, broad waivers, conclusive contractor labels, forced-dispute terms, or liability allocations without teen-safety and jurisdiction-specific review.",true,
MORT-LR-0100,Bark,Privacy and Security,https://www.bark.us/security,www.bark.us,2026-07-19,not visible in reviewed source,multi-jurisdiction or source-specific,safety_family_location_products,Safety and family-location products,"family member, minor user, trusted contact, service operator",safety_and_conduct | privacy_and_retention | location | identity_and_verification | minors_and_guardians,reviewed_direct,direct official HTML/text retrieval,200,https://www.bark.us/security/,text/html; charset=UTF-8,88384511c82ddeddd23db7816912e425184ca6164cd2f65f97c2a4d55e377f5e,,,,,"Bark's Privacy and Security addresses safety and conduct, privacy and retention, location, identity and verification for safety and family-location products. MORT can use the observed pattern as comparative input, but must draft its own teen-safe language and obtain jurisdiction-specific attorney review.","Uses stated conduct, risk, restriction, reporting, or safety controls; MORT must retain emergency escalation and victim-centered treatment.",No material payment process was observed in this document.,No detailed dispute path was observed in this document.,"Contains child, youth, age, parent, or guardian treatment that requires comparison with MORT's 13-17 role and optional Guardian Mode.","Addresses personal information, privacy rights, retention, or deletion; MORT must apply minimization to location, evidence, documents, and youth data.",Addresses location or address data; MORT should release exact job locations only after authorization and record the release state.,"Discusses identity, screening, background checks, or biometrics; MORT must label each signal precisely and avoid calling nonauthoritative checks identity proof.",No detailed liability or insurance allocation was observed in this document.,not observed in reviewed source,not observed in reviewed source,not observed in reviewed source,"Minimize location collection, make sharing visible and revocable, protect sensitive actions, and explain emergency-service limitations.","Do not import adult-only eligibility assumptions, broad waivers, conclusive contractor labels, forced-dispute terms, or liability allocations without teen-safety and jurisdiction-specific review.",true,
MORT-LR-0101,Qustodio,Terms of Service,https://www.qustodio.com/en/family/terms,www.qustodio.com,2026-07-19,not visible in reviewed source,United States,safety_family_location_products,Safety and family-location products,"family member, minor user, trusted contact, service operator",account_and_eligibility | safety_and_conduct | payments_and_fees | disputes_and_appeals | privacy_and_retention | location | liability_and_insurance | minors_and_guardians | moderation_and_enforcement,reviewed_direct,direct official HTML/text retrieval,200,https://www.qustodio.com/en/family/terms/,text/html; charset=UTF-8,d0c0cadb017cb6fae85bc290419b730ae1c68f2895044aedc079f08e5e5bb942,,,,,"Qustodio's Terms of Service addresses account and eligibility, safety and conduct, payments and fees, disputes and appeals for safety and family-location products. MORT can use the observed pattern as comparative input, but must draft its own teen-safe language and obtain jurisdiction-specific attorney review.","Uses stated conduct, risk, restriction, reporting, or safety controls; MORT must retain emergency escalation and victim-centered treatment.","Addresses payment, fees, refunds, wages, or transaction duties; MORT must still state that its current flow records preferences and obligations without processing funds.","Provides a complaint, dispute, mediation, arbitration, or appeal pattern; MORT must preserve private review and avoid promising court outcomes.","Contains child, youth, age, parent, or guardian treatment that requires comparison with MORT's 13-17 role and optional Guardian Mode.","Addresses personal information, privacy rights, retention, or deletion; MORT must apply minimization to location, evidence, documents, and youth data.",Addresses location or address data; MORT should release exact job locations only after authorization and record the release state.,No material identity-verification process was observed in this document.,"Contains liability, warranty, indemnity, or insurance allocation that cannot be transferred to MORT without attorney review and nonwaivable-right analysis.",not observed in reviewed source,not observed in reviewed source,present in reviewed source,"Minimize location collection, make sharing visible and revocable, protect sensitive actions, and explain emergency-service limitations.","Do not import adult-only eligibility assumptions, broad waivers, conclusive contractor labels, forced-dispute terms, or liability allocations without teen-safety and jurisdiction-specific review.",true,
MORT-LR-0102,Qustodio,Privacy Policy,https://www.qustodio.com/en/family/privacy,www.qustodio.com,2026-07-19,not visible in reviewed source,United States,safety_family_location_products,Safety and family-location products,"family member, minor user, trusted contact, service operator",account_and_eligibility | safety_and_conduct | payments_and_fees | disputes_and_appeals | privacy_and_retention | location | identity_and_verification | liability_and_insurance | minors_and_guardians | moderation_and_enforcement,reviewed_direct,direct official HTML/text retrieval,200,https://www.qustodio.com/en/family/privacy/,text/html; charset=UTF-8,3fd35340a8196cad79a7bd478cf418ece117b17da3e8dc3aa3a2a222923839a0,,,,,"Qustodio's Privacy Policy addresses account and eligibility, safety and conduct, payments and fees, disputes and appeals for safety and family-location products. MORT can use the observed pattern as comparative input, but must draft its own teen-safe language and obtain jurisdiction-specific attorney review.","Uses stated conduct, risk, restriction, reporting, or safety controls; MORT must retain emergency escalation and victim-centered treatment.","Addresses payment, fees, refunds, wages, or transaction duties; MORT must still state that its current flow records preferences and obligations without processing funds.","Provides a complaint, dispute, mediation, arbitration, or appeal pattern; MORT must preserve private review and avoid promising court outcomes.","Contains child, youth, age, parent, or guardian treatment that requires comparison with MORT's 13-17 role and optional Guardian Mode.","Addresses personal information, privacy rights, retention, or deletion; MORT must apply minimization to location, evidence, documents, and youth data.",Addresses location or address data; MORT should release exact job locations only after authorization and record the release state.,"Discusses identity, screening, background checks, or biometrics; MORT must label each signal precisely and avoid calling nonauthoritative checks identity proof.","Contains liability, warranty, indemnity, or insurance allocation that cannot be transferred to MORT without attorney review and nonwaivable-right analysis.",not observed in reviewed source,not observed in reviewed source,present in reviewed source,"Minimize location collection, make sharing visible and revocable, protect sensitive actions, and explain emergency-service limitations.","Do not import adult-only eligibility assumptions, broad waivers, conclusive contractor labels, forced-dispute terms, or liability allocations without teen-safety and jurisdiction-specific review.",true,
MORT-LR-0103,Qustodio,Teen Digital Agreement,https://static.qustodio.com/public-site/uploads/2022/09/09125558/2022-07-Digital-Agreement_teens_ENG.pdf,static.qustodio.com,2026-07-19,not visible in reviewed source,multi-jurisdiction or source-specific,safety_family_location_products,Safety and family-location products,"family member, minor user, trusted contact, service operator",minors_and_guardians,reviewed_direct,direct official binary document retrieval; metadata-level review,200,https://static.qustodio.com/public-site/uploads/2022/09/09125558/2022-07-Digital-Agreement_teens_ENG.pdf,application/pdf,da6a88c35d2efec42a86f7d27c6a3db87336e1a04024d312b118fcaea1decff9,,,,,"Qustodio's Teen Digital Agreement addresses minors and guardians for safety and family-location products. MORT can use the observed pattern as comparative input, but must draft its own teen-safe language and obtain jurisdiction-specific attorney review.","No detailed safety framework was observed in this document; MORT needs a separate, explicit safety policy.",No material payment process was observed in this document.,No detailed dispute path was observed in this document.,"Contains child, youth, age, parent, or guardian treatment that requires comparison with MORT's 13-17 role and optional Guardian Mode.",No detailed privacy or retention treatment was observed in this document.,No material location treatment was observed in this document.,No material identity-verification process was observed in this document.,No detailed liability or insurance allocation was observed in this document.,not observed in reviewed source,not observed in reviewed source,not observed in reviewed source,"Minimize location collection, make sharing visible and revocable, protect sensitive actions, and explain emergency-service limitations.","Do not import adult-only eligibility assumptions, broad waivers, conclusive contractor labels, forced-dispute terms, or liability allocations without teen-safety and jurisdiction-specific review.",true,
MORT-LR-0104,Apple,Family Sharing and Privacy,https://www.apple.com/ca/legal/privacy/data/en/family-sharing,www.apple.com,2026-07-19,not visible in reviewed source,multi-jurisdiction or source-specific,safety_family_location_products,Safety and family-location products,"family member, minor user, trusted contact, service operator",account_and_eligibility | payments_and_fees | disputes_and_appeals | privacy_and_retention | location | identity_and_verification | minors_and_guardians | moderation_and_enforcement,reviewed_direct,direct official HTML/text retrieval,200,https://www.apple.com/ca/legal/privacy/data/en/family-sharing/,text/html; charset=utf-8,c7d1d4f3cdfe3348e97abaff2dd790aecf0d8ad485a34c3c6711dc5cf9ca9b8f,,,,,"Apple's Family Sharing and Privacy addresses account and eligibility, payments and fees, disputes and appeals, privacy and retention for safety and family-location products. MORT can use the observed pattern as comparative input, but must draft its own teen-safe language and obtain jurisdiction-specific attorney review.","No detailed safety framework was observed in this document; MORT needs a separate, explicit safety policy.","Addresses payment, fees, refunds, wages, or transaction duties; MORT must still state that its current flow records preferences and obligations without processing funds.","Provides a complaint, dispute, mediation, arbitration, or appeal pattern; MORT must preserve private review and avoid promising court outcomes.","Contains child, youth, age, parent, or guardian treatment that requires comparison with MORT's 13-17 role and optional Guardian Mode.","Addresses personal information, privacy rights, retention, or deletion; MORT must apply minimization to location, evidence, documents, and youth data.",Addresses location or address data; MORT should release exact job locations only after authorization and record the release state.,"Discusses identity, screening, background checks, or biometrics; MORT must label each signal precisely and avoid calling nonauthoritative checks identity proof.",No detailed liability or insurance allocation was observed in this document.,not observed in reviewed source,not observed in reviewed source,not observed in reviewed source,"Minimize location collection, make sharing visible and revocable, protect sensitive actions, and explain emergency-service limitations.","Do not import adult-only eligibility assumptions, broad waivers, conclusive contractor labels, forced-dispute terms, or liability allocations without teen-safety and jurisdiction-specific review.",true,
MORT-LR-0105,Apple,Find My and Privacy,https://www.apple.com/uk/legal/privacy/data/en/find-my,www.apple.com,2026-07-19,not visible in reviewed source,United Kingdom,safety_family_location_products,Safety and family-location products,"family member, minor user, trusted contact, service operator",account_and_eligibility | payments_and_fees | privacy_and_retention | location,reviewed_direct,direct official HTML/text retrieval,200,https://www.apple.com/uk/legal/privacy/data/en/find-my/,text/html; charset=utf-8,881abd36a9b3010e498dc94a189259d81afa48712be677563c839316760576f5,,,,,"Apple's Find My and Privacy addresses account and eligibility, payments and fees, privacy and retention, location for safety and family-location products. MORT can use the observed pattern as comparative input, but must draft its own teen-safe language and obtain jurisdiction-specific attorney review.","No detailed safety framework was observed in this document; MORT needs a separate, explicit safety policy.","Addresses payment, fees, refunds, wages, or transaction duties; MORT must still state that its current flow records preferences and obligations without processing funds.",No detailed dispute path was observed in this document.,No material minor-user treatment was observed; this gap makes the source unsuitable as a complete model for MORT.,"Addresses personal information, privacy rights, retention, or deletion; MORT must apply minimization to location, evidence, documents, and youth data.",Addresses location or address data; MORT should release exact job locations only after authorization and record the release state.,No material identity-verification process was observed in this document.,No detailed liability or insurance allocation was observed in this document.,not observed in reviewed source,not observed in reviewed source,not observed in reviewed source,"Minimize location collection, make sharing visible and revocable, protect sensitive actions, and explain emergency-service limitations.","Do not import adult-only eligibility assumptions, broad waivers, conclusive contractor labels, forced-dispute terms, or liability allocations without teen-safety and jurisdiction-specific review.",true,
MORT-LR-0106,Google Family Link,Children's Privacy Policy,https://families.google.com/familylink/privacy/child-policy,families.google.com,2026-07-19,not visible in reviewed source,multi-jurisdiction or source-specific,safety_family_location_products,Safety and family-location products,"family member, minor user, trusted contact, service operator",account_and_eligibility | safety_and_conduct | payments_and_fees | privacy_and_retention | location | liability_and_insurance | minors_and_guardians | moderation_and_enforcement,reviewed_direct,direct official HTML/text retrieval,200,https://families.google.com/familylink/privacy/child-policy/,text/html; charset=utf-8,1dd9b4dca561e9ed30484fc79d3de8fe0967622329d2b604eb0bc285ed6d4f68,,,,,"Google Family Link's Children's Privacy Policy addresses account and eligibility, safety and conduct, payments and fees, privacy and retention for safety and family-location products. MORT can use the observed pattern as comparative input, but must draft its own teen-safe language and obtain jurisdiction-specific attorney review.","Uses stated conduct, risk, restriction, reporting, or safety controls; MORT must retain emergency escalation and victim-centered treatment.","Addresses payment, fees, refunds, wages, or transaction duties; MORT must still state that its current flow records preferences and obligations without processing funds.",No detailed dispute path was observed in this document.,"Contains child, youth, age, parent, or guardian treatment that requires comparison with MORT's 13-17 role and optional Guardian Mode.","Addresses personal information, privacy rights, retention, or deletion; MORT must apply minimization to location, evidence, documents, and youth data.",Addresses location or address data; MORT should release exact job locations only after authorization and record the release state.,No material identity-verification process was observed in this document.,"Contains liability, warranty, indemnity, or insurance allocation that cannot be transferred to MORT without attorney review and nonwaivable-right analysis.",not observed in reviewed source,not observed in reviewed source,not observed in reviewed source,"Minimize location collection, make sharing visible and revocable, protect sensitive actions, and explain emergency-service limitations.","Do not import adult-only eligibility assumptions, broad waivers, conclusive contractor labels, forced-dispute terms, or liability allocations without teen-safety and jurisdiction-specific review.",true,
MORT-LR-0107,Noonlight,Information Sharing Policy,https://help.noonlight.com/en/articles/2062134-do-you-share-my-information,help.noonlight.com,2026-07-19,not visible in reviewed source,multi-jurisdiction or source-specific,safety_family_location_products,Safety and family-location products,"family member, minor user, trusted contact, service operator",safety_and_conduct | privacy_and_retention | location,reviewed_direct,direct official HTML/text retrieval,200,https://help.noonlight.com/en/articles/2062134-do-you-share-my-information,text/html; charset=utf-8,4b93ccb0e3aee64697b693daabca1f6d23cc99597938210bcc9842dcf3f0cd3a,,,,,"Noonlight's Information Sharing Policy addresses safety and conduct, privacy and retention, location for safety and family-location products. MORT can use the observed pattern as comparative input, but must draft its own teen-safe language and obtain jurisdiction-specific attorney review.","Uses stated conduct, risk, restriction, reporting, or safety controls; MORT must retain emergency escalation and victim-centered treatment.",No material payment process was observed in this document.,No detailed dispute path was observed in this document.,No material minor-user treatment was observed; this gap makes the source unsuitable as a complete model for MORT.,"Addresses personal information, privacy rights, retention, or deletion; MORT must apply minimization to location, evidence, documents, and youth data.",Addresses location or address data; MORT should release exact job locations only after authorization and record the release state.,No material identity-verification process was observed in this document.,No detailed liability or insurance allocation was observed in this document.,not observed in reviewed source,not observed in reviewed source,not observed in reviewed source,"Minimize location collection, make sharing visible and revocable, protect sensitive actions, and explain emergency-service limitations.","Do not import adult-only eligibility assumptions, broad waivers, conclusive contractor labels, forced-dispute terms, or liability allocations without teen-safety and jurisdiction-specific review.",true,
MORT-LR-0108,Vrbo,Terms of Service,https://www.vrbo.com/lp/b/terms-of-service?locale=en_US&pos=VRBO&siteid=9001001,www.vrbo.com,2026-07-19,not visible in reviewed source,multi-jurisdiction or source-specific,housing_hospitality_platforms,Housing and hospitality platforms,"guest, host, property operator, platform operator",account_and_eligibility | disputes_and_appeals | location | identity_and_verification | liability_and_insurance,reviewed_browser_verified,normal-browser review of official first-party page after automated retrieval was blocked or incomplete,,https://www.vrbo.com/lp/b/terms-of-service?locale=en_US&pos=VRBO&siteid=9001001,text/html (browser-rendered; source text not retained),ce4751d5ad3c10888c52ba062070152f20c98c8ff51cc217bd1446c63b174170,,,2026-07-19,Official first-party URL and page identity rendered in a normal browser; only original clause-pattern notes were retained.,"Vrbo's Terms of Service addresses account and eligibility, disputes and appeals, location, identity and verification for housing and hospitality platforms. MORT can use the observed pattern as comparative input, but must draft its own teen-safe language and obtain jurisdiction-specific attorney review.","No detailed safety framework was observed in this document; MORT needs a separate, explicit safety policy.",No material payment process was observed in this document.,"Provides a complaint, dispute, mediation, arbitration, or appeal pattern; MORT must preserve private review and avoid promising court outcomes.",No material minor-user treatment was observed; this gap makes the source unsuitable as a complete model for MORT.,No detailed privacy or retention treatment was observed in this document.,Addresses location or address data; MORT should release exact job locations only after authorization and record the release state.,"Discusses identity, screening, background checks, or biometrics; MORT must label each signal precisely and avoid calling nonauthoritative checks identity proof.","Contains liability, warranty, indemnity, or insurance allocation that cannot be transferred to MORT without attorney review and nonwaivable-right analysis.",not observed in reviewed source,not observed in reviewed source,not observed in reviewed source,"Use scoped location release, host and guest duties, cancellation terms, property-risk disclosure, and balanced limitations that preserve nonwaivable rights.","Do not import adult-only eligibility assumptions, broad waivers, conclusive contractor labels, forced-dispute terms, or liability allocations without teen-safety and jurisdiction-specific review.",true,
MORT-LR-0109,Vrbo,Privacy Statement,https://www.vrbo.com/legal/privacy?locale=en_US&pos=VRBO&siteid=9001001,www.vrbo.com,2026-07-19,not visible in reviewed source,multi-jurisdiction or source-specific,housing_hospitality_platforms,Housing and hospitality platforms,"guest, host, property operator, platform operator",account_and_eligibility | safety_and_conduct | payments_and_fees | disputes_and_appeals | privacy_and_retention | location | identity_and_verification | liability_and_insurance | minors_and_guardians | moderation_and_enforcement,reviewed_direct,direct official HTML/text retrieval,200,https://www.vrbo.com/legal/privacy?locale=en_US&pos=VRBO&siteid=9001001,text/html; charset=utf-8,405b2da6fda9562de0a9459626f7d856e15d464dfe8f7dd4aeaf66206cf82605,,,,,"Vrbo's Privacy Statement addresses account and eligibility, safety and conduct, payments and fees, disputes and appeals for housing and hospitality platforms. MORT can use the observed pattern as comparative input, but must draft its own teen-safe language and obtain jurisdiction-specific attorney review.","Uses stated conduct, risk, restriction, reporting, or safety controls; MORT must retain emergency escalation and victim-centered treatment.","Addresses payment, fees, refunds, wages, or transaction duties; MORT must still state that its current flow records preferences and obligations without processing funds.","Provides a complaint, dispute, mediation, arbitration, or appeal pattern; MORT must preserve private review and avoid promising court outcomes.","Contains child, youth, age, parent, or guardian treatment that requires comparison with MORT's 13-17 role and optional Guardian Mode.","Addresses personal information, privacy rights, retention, or deletion; MORT must apply minimization to location, evidence, documents, and youth data.",Addresses location or address data; MORT should release exact job locations only after authorization and record the release state.,"Discusses identity, screening, background checks, or biometrics; MORT must label each signal precisely and avoid calling nonauthoritative checks identity proof.","Contains liability, warranty, indemnity, or insurance allocation that cannot be transferred to MORT without attorney review and nonwaivable-right analysis.",present in reviewed source,not observed in reviewed source,not observed in reviewed source,"Use scoped location release, host and guest duties, cancellation terms, property-risk disclosure, and balanced limitations that preserve nonwaivable rights.","Do not import adult-only eligibility assumptions, broad waivers, conclusive contractor labels, forced-dispute terms, or liability allocations without teen-safety and jurisdiction-specific review.",true,
MORT-LR-0110,Marriott,Terms of Use,https://www.marriott.com/about/terms-of-use.mi,www.marriott.com,2026-07-19,not visible in reviewed source,multi-jurisdiction or source-specific,housing_hospitality_platforms,Housing and hospitality platforms,"guest, host, property operator, platform operator",account_and_eligibility | disputes_and_appeals | location | identity_and_verification | liability_and_insurance,reviewed_browser_verified,normal-browser review of official first-party page after automated retrieval was blocked or incomplete,,https://www.marriott.com/about/terms-of-use.mi,text/html (browser-rendered; source text not retained),2c6d034e9cdcd15bd8c198a9f40fbdb39ca79b36090f139eef6da4468f8c8f0f,,,2026-07-19,Official first-party URL and page identity rendered in a normal browser; only original clause-pattern notes were retained.,"Marriott's Terms of Use addresses account and eligibility, disputes and appeals, location, identity and verification for housing and hospitality platforms. MORT can use the observed pattern as comparative input, but must draft its own teen-safe language and obtain jurisdiction-specific attorney review.","No detailed safety framework was observed in this document; MORT needs a separate, explicit safety policy.",No material payment process was observed in this document.,"Provides a complaint, dispute, mediation, arbitration, or appeal pattern; MORT must preserve private review and avoid promising court outcomes.",No material minor-user treatment was observed; this gap makes the source unsuitable as a complete model for MORT.,No detailed privacy or retention treatment was observed in this document.,Addresses location or address data; MORT should release exact job locations only after authorization and record the release state.,"Discusses identity, screening, background checks, or biometrics; MORT must label each signal precisely and avoid calling nonauthoritative checks identity proof.","Contains liability, warranty, indemnity, or insurance allocation that cannot be transferred to MORT without attorney review and nonwaivable-right analysis.",not observed in reviewed source,not observed in reviewed source,not observed in reviewed source,"Use scoped location release, host and guest duties, cancellation terms, property-risk disclosure, and balanced limitations that preserve nonwaivable rights.","Do not import adult-only eligibility assumptions, broad waivers, conclusive contractor labels, forced-dispute terms, or liability allocations without teen-safety and jurisdiction-specific review.",true,
MORT-LR-0111,Hyatt,Terms and Conditions,https://www.hyatt.com/help/en-US/terms/hyatt,www.hyatt.com,2026-07-19,not visible in reviewed source,United States,housing_hospitality_platforms,Housing and hospitality platforms,"guest, host, property operator, platform operator",account_and_eligibility | disputes_and_appeals | location | identity_and_verification | liability_and_insurance,reviewed_browser_verified,normal-browser review of official first-party page after automated retrieval was blocked or incomplete,,https://www.hyatt.com/help/en-US/terms/hyatt,text/html (browser-rendered; source text not retained),7a6002d4e1c8a3a5d80ace5512dd74c7a145d436235fb6e2a8b9f4648698b950,,,2026-07-19,Official first-party URL and page identity rendered in a normal browser; only original clause-pattern notes were retained.,"Hyatt's Terms and Conditions addresses account and eligibility, disputes and appeals, location, identity and verification for housing and hospitality platforms. MORT can use the observed pattern as comparative input, but must draft its own teen-safe language and obtain jurisdiction-specific attorney review.","No detailed safety framework was observed in this document; MORT needs a separate, explicit safety policy.",No material payment process was observed in this document.,"Provides a complaint, dispute, mediation, arbitration, or appeal pattern; MORT must preserve private review and avoid promising court outcomes.",No material minor-user treatment was observed; this gap makes the source unsuitable as a complete model for MORT.,No detailed privacy or retention treatment was observed in this document.,Addresses location or address data; MORT should release exact job locations only after authorization and record the release state.,"Discusses identity, screening, background checks, or biometrics; MORT must label each signal precisely and avoid calling nonauthoritative checks identity proof.","Contains liability, warranty, indemnity, or insurance allocation that cannot be transferred to MORT without attorney review and nonwaivable-right analysis.",not observed in reviewed source,not observed in reviewed source,not observed in reviewed source,"Use scoped location release, host and guest duties, cancellation terms, property-risk disclosure, and balanced limitations that preserve nonwaivable rights.","Do not import adult-only eligibility assumptions, broad waivers, conclusive contractor labels, forced-dispute terms, or liability allocations without teen-safety and jurisdiction-specific review.",true,
MORT-LR-0112,Hyatt,Global Privacy Policy,https://www.hyatt.com/landing/info/privacy-policy,www.hyatt.com,2026-07-19,not visible in reviewed source,multi-jurisdiction or source-specific,housing_hospitality_platforms,Housing and hospitality platforms,"guest, host, property operator, platform operator",privacy_and_retention | identity_and_verification,reviewed_browser_verified,normal-browser review of official first-party page after automated retrieval was blocked or incomplete,,https://www.hyatt.com/landing/info/privacy-policy,text/html (browser-rendered; source text not retained),1acb8888b6305688d84f6d6693fb0acffcbe8be20b70e54b3956cd036fa00bf0,,,2026-07-19,Official first-party URL and page identity rendered in a normal browser; only original clause-pattern notes were retained.,"Hyatt's Global Privacy Policy addresses privacy and retention, identity and verification for housing and hospitality platforms. MORT can use the observed pattern as comparative input, but must draft its own teen-safe language and obtain jurisdiction-specific attorney review.","No detailed safety framework was observed in this document; MORT needs a separate, explicit safety policy.",No material payment process was observed in this document.,No detailed dispute path was observed in this document.,No material minor-user treatment was observed; this gap makes the source unsuitable as a complete model for MORT.,"Addresses personal information, privacy rights, retention, or deletion; MORT must apply minimization to location, evidence, documents, and youth data.",No material location treatment was observed in this document.,"Discusses identity, screening, background checks, or biometrics; MORT must label each signal precisely and avoid calling nonauthoritative checks identity proof.",No detailed liability or insurance allocation was observed in this document.,not observed in reviewed source,not observed in reviewed source,not observed in reviewed source,"Use scoped location release, host and guest duties, cancellation terms, property-risk disclosure, and balanced limitations that preserve nonwaivable rights.","Do not import adult-only eligibility assumptions, broad waivers, conclusive contractor labels, forced-dispute terms, or liability allocations without teen-safety and jurisdiction-specific review.",true,
MORT-LR-0113,Hilton,Global Privacy Statement,https://www.hilton.com/en/p/global-privacy-statement,www.hilton.com,2026-07-19,"May 4, 2026",United States,housing_hospitality_platforms,Housing and hospitality platforms,"guest, host, property operator, platform operator",account_and_eligibility | safety_and_conduct | payments_and_fees | disputes_and_appeals | privacy_and_retention | location | identity_and_verification | minors_and_guardians | moderation_and_enforcement,reviewed_direct,direct official HTML/text retrieval,200,https://www.hilton.com/en/p/global-privacy-statement/,text/html; charset=utf-8,fa5421bbfad47f2b44090fa57beca48af44b561f2b5c4aa984b26717aa380b73,,,,,"Hilton's Global Privacy Statement addresses account and eligibility, safety and conduct, payments and fees, disputes and appeals for housing and hospitality platforms. MORT can use the observed pattern as comparative input, but must draft its own teen-safe language and obtain jurisdiction-specific attorney review.","Uses stated conduct, risk, restriction, reporting, or safety controls; MORT must retain emergency escalation and victim-centered treatment.","Addresses payment, fees, refunds, wages, or transaction duties; MORT must still state that its current flow records preferences and obligations without processing funds.","Provides a complaint, dispute, mediation, arbitration, or appeal pattern; MORT must preserve private review and avoid promising court outcomes.","Contains child, youth, age, parent, or guardian treatment that requires comparison with MORT's 13-17 role and optional Guardian Mode.","Addresses personal information, privacy rights, retention, or deletion; MORT must apply minimization to location, evidence, documents, and youth data.",Addresses location or address data; MORT should release exact job locations only after authorization and record the release state.,"Discusses identity, screening, background checks, or biometrics; MORT must label each signal precisely and avoid calling nonauthoritative checks identity proof.",No detailed liability or insurance allocation was observed in this document.,not observed in reviewed source,not observed in reviewed source,not observed in reviewed source,"Use scoped location release, host and guest duties, cancellation terms, property-risk disclosure, and balanced limitations that preserve nonwaivable rights.","Do not import adult-only eligibility assumptions, broad waivers, conclusive contractor labels, forced-dispute terms, or liability allocations without teen-safety and jurisdiction-specific review.",true,
MORT-LR-0114,Veriff,Terms of Service,https://www.veriff.com/terms-of-service,www.veriff.com,2026-07-19,not visible in reviewed source,multi-jurisdiction or source-specific,identity_verification_providers,Identity-verification providers,"data subject, relying party, reviewer, verification provider",privacy_and_retention | location | identity_and_verification,reviewed_direct,direct official HTML/text retrieval,200,https://www.veriff.com/terms-of-service,text/html; charset=UTF-8,6c506b1fdde7bd966f0ad5fb858efde208760e6ec56dd415b8a0431af6e42e10,,,,,"Veriff's Terms of Service addresses privacy and retention, location, identity and verification for identity-verification providers. MORT can use the observed pattern as comparative input, but must draft its own teen-safe language and obtain jurisdiction-specific attorney review.","No detailed safety framework was observed in this document; MORT needs a separate, explicit safety policy.",No material payment process was observed in this document.,No detailed dispute path was observed in this document.,No material minor-user treatment was observed; this gap makes the source unsuitable as a complete model for MORT.,"Addresses personal information, privacy rights, retention, or deletion; MORT must apply minimization to location, evidence, documents, and youth data.",Addresses location or address data; MORT should release exact job locations only after authorization and record the release state.,"Discusses identity, screening, background checks, or biometrics; MORT must label each signal precisely and avoid calling nonauthoritative checks identity proof.",No detailed liability or insurance allocation was observed in this document.,not observed in reviewed source,not observed in reviewed source,not observed in reviewed source,"Separate capture quality, extraction, reuse signals, liveness signals, appearance review, and authoritative verification; document retention and biometric limits explicitly.","Do not import adult-only eligibility assumptions, broad waivers, conclusive contractor labels, forced-dispute terms, or liability allocations without teen-safety and jurisdiction-specific review.",true,
MORT-LR-0115,Veriff,Privacy Notice,https://www.veriff.com/privacy-notice,www.veriff.com,2026-07-19,not visible in reviewed source,United States; United Kingdom; European Union / EEA,identity_verification_providers,Identity-verification providers,"data subject, relying party, reviewer, verification provider",account_and_eligibility | safety_and_conduct | payments_and_fees | disputes_and_appeals | privacy_and_retention | location | identity_and_verification | minors_and_guardians | moderation_and_enforcement,reviewed_direct,direct official HTML/text retrieval,200,https://www.veriff.com/privacy-notice,text/html; charset=UTF-8,7d2e1168e7da11a7d40cb6f31ea6954fe86c712aad1778f86a1948a65acf93a6,,,,,"Veriff's Privacy Notice addresses account and eligibility, safety and conduct, payments and fees, disputes and appeals for identity-verification providers. MORT can use the observed pattern as comparative input, but must draft its own teen-safe language and obtain jurisdiction-specific attorney review.","Uses stated conduct, risk, restriction, reporting, or safety controls; MORT must retain emergency escalation and victim-centered treatment.","Addresses payment, fees, refunds, wages, or transaction duties; MORT must still state that its current flow records preferences and obligations without processing funds.","Provides a complaint, dispute, mediation, arbitration, or appeal pattern; MORT must preserve private review and avoid promising court outcomes.","Contains child, youth, age, parent, or guardian treatment that requires comparison with MORT's 13-17 role and optional Guardian Mode.","Addresses personal information, privacy rights, retention, or deletion; MORT must apply minimization to location, evidence, documents, and youth data.",Addresses location or address data; MORT should release exact job locations only after authorization and record the release state.,"Discusses identity, screening, background checks, or biometrics; MORT must label each signal precisely and avoid calling nonauthoritative checks identity proof.",No detailed liability or insurance allocation was observed in this document.,not observed in reviewed source,not observed in reviewed source,not observed in reviewed source,"Separate capture quality, extraction, reuse signals, liveness signals, appearance review, and authoritative verification; document retention and biometric limits explicitly.","Do not import adult-only eligibility assumptions, broad waivers, conclusive contractor labels, forced-dispute terms, or liability allocations without teen-safety and jurisdiction-specific review.",true,
MORT-LR-0116,Jumio,Terms of Use,https://www.jumio.com/terms-of-use,www.jumio.com,2026-07-19,not visible in reviewed source,United States,identity_verification_providers,Identity-verification providers,"data subject, relying party, reviewer, verification provider",account_and_eligibility | safety_and_conduct | payments_and_fees | disputes_and_appeals | privacy_and_retention | location | identity_and_verification | liability_and_insurance | minors_and_guardians | moderation_and_enforcement,reviewed_direct,direct official HTML/text retrieval,200,https://www.jumio.com/terms-of-use/,text/html; charset=UTF-8,431335d7132721227f356693da06e6ed089562736b61be5c29cfda02948448e4,,,,,"Jumio's Terms of Use addresses account and eligibility, safety and conduct, payments and fees, disputes and appeals for identity-verification providers. MORT can use the observed pattern as comparative input, but must draft its own teen-safe language and obtain jurisdiction-specific attorney review.","Uses stated conduct, risk, restriction, reporting, or safety controls; MORT must retain emergency escalation and victim-centered treatment.","Addresses payment, fees, refunds, wages, or transaction duties; MORT must still state that its current flow records preferences and obligations without processing funds.","Provides a complaint, dispute, mediation, arbitration, or appeal pattern; MORT must preserve private review and avoid promising court outcomes.","Contains child, youth, age, parent, or guardian treatment that requires comparison with MORT's 13-17 role and optional Guardian Mode.","Addresses personal information, privacy rights, retention, or deletion; MORT must apply minimization to location, evidence, documents, and youth data.",Addresses location or address data; MORT should release exact job locations only after authorization and record the release state.,"Discusses identity, screening, background checks, or biometrics; MORT must label each signal precisely and avoid calling nonauthoritative checks identity proof.","Contains liability, warranty, indemnity, or insurance allocation that cannot be transferred to MORT without attorney review and nonwaivable-right analysis.",present in reviewed source,present in reviewed source,present in reviewed source,"Separate capture quality, extraction, reuse signals, liveness signals, appearance review, and authoritative verification; document retention and biometric limits explicitly.","Do not import adult-only eligibility assumptions, broad waivers, conclusive contractor labels, forced-dispute terms, or liability allocations without teen-safety and jurisdiction-specific review.",true,
MORT-LR-0117,Jumio,Online Services Privacy Notice,https://privacy.jumio.com/privacy-notices/online-services-notice,privacy.jumio.com,2026-07-19,not visible in reviewed source,multi-jurisdiction or source-specific,identity_verification_providers,Identity-verification providers,"data subject, relying party, reviewer, verification provider",privacy_and_retention | identity_and_verification,reviewed_browser_verified,normal-browser review of official first-party page after automated retrieval was blocked or incomplete,,https://privacy.jumio.com/privacy-notices/online-services-notice/,text/html (browser-rendered; source text not retained),a01988cb1a5d38a5810993e0220d96ed8aecf50ea40c2752a3409acf4c845bdb,,,2026-07-19,Official first-party URL and page identity rendered in a normal browser; only original clause-pattern notes were retained.,"Jumio's Online Services Privacy Notice addresses privacy and retention, identity and verification for identity-verification providers. MORT can use the observed pattern as comparative input, but must draft its own teen-safe language and obtain jurisdiction-specific attorney review.","No detailed safety framework was observed in this document; MORT needs a separate, explicit safety policy.",No material payment process was observed in this document.,No detailed dispute path was observed in this document.,No material minor-user treatment was observed; this gap makes the source unsuitable as a complete model for MORT.,"Addresses personal information, privacy rights, retention, or deletion; MORT must apply minimization to location, evidence, documents, and youth data.",No material location treatment was observed in this document.,"Discusses identity, screening, background checks, or biometrics; MORT must label each signal precisely and avoid calling nonauthoritative checks identity proof.",No detailed liability or insurance allocation was observed in this document.,not observed in reviewed source,not observed in reviewed source,not observed in reviewed source,"Separate capture quality, extraction, reuse signals, liveness signals, appearance review, and authoritative verification; document retention and biometric limits explicitly.","Do not import adult-only eligibility assumptions, broad waivers, conclusive contractor labels, forced-dispute terms, or liability allocations without teen-safety and jurisdiction-specific review.",true,
MORT-LR-0118,Jumio,Privacy Center,https://www.jumio.com/privacy-center/privacy-notices,www.jumio.com,2026-07-19,not visible in reviewed source,multi-jurisdiction or source-specific,identity_verification_providers,Identity-verification providers,"data subject, relying party, reviewer, verification provider",account_and_eligibility | privacy_and_retention | location | identity_and_verification,reviewed_direct,direct official HTML/text retrieval,200,https://www.jumio.com/privacy-center/privacy-notices/,text/html; charset=UTF-8,47bba2b7c297b525fb519bb7fef8bf5940758517db9bfbd27bd302f8d1fd2412,,,,,"Jumio's Privacy Center addresses account and eligibility, privacy and retention, location, identity and verification for identity-verification providers. MORT can use the observed pattern as comparative input, but must draft its own teen-safe language and obtain jurisdiction-specific attorney review.","No detailed safety framework was observed in this document; MORT needs a separate, explicit safety policy.",No material payment process was observed in this document.,No detailed dispute path was observed in this document.,No material minor-user treatment was observed; this gap makes the source unsuitable as a complete model for MORT.,"Addresses personal information, privacy rights, retention, or deletion; MORT must apply minimization to location, evidence, documents, and youth data.",Addresses location or address data; MORT should release exact job locations only after authorization and record the release state.,"Discusses identity, screening, background checks, or biometrics; MORT must label each signal precisely and avoid calling nonauthoritative checks identity proof.",No detailed liability or insurance allocation was observed in this document.,not observed in reviewed source,not observed in reviewed source,not observed in reviewed source,"Separate capture quality, extraction, reuse signals, liveness signals, appearance review, and authoritative verification; document retention and biometric limits explicitly.","Do not import adult-only eligibility assumptions, broad waivers, conclusive contractor labels, forced-dispute terms, or liability allocations without teen-safety and jurisdiction-specific review.",true,
MORT-LR-0119,ID.me,Terms of Service,https://www.id.me/terms,www.id.me,2026-07-19,not visible in reviewed source,multi-jurisdiction or source-specific,identity_verification_providers,Identity-verification providers,"data subject, relying party, reviewer, verification provider",account_and_eligibility | disputes_and_appeals | location | identity_and_verification | liability_and_insurance,reviewed_browser_verified,normal-browser review of official first-party page after automated retrieval was blocked or incomplete,,https://www.id.me/terms,text/html (browser-rendered; source text not retained),64692d30014a6fd8a4998e83bb6774876dbbec218faf7dd83b6ab2292542a302,,,2026-07-19,Official first-party URL and page identity rendered in a normal browser; only original clause-pattern notes were retained.,"ID.me's Terms of Service addresses account and eligibility, disputes and appeals, location, identity and verification for identity-verification providers. MORT can use the observed pattern as comparative input, but must draft its own teen-safe language and obtain jurisdiction-specific attorney review.","No detailed safety framework was observed in this document; MORT needs a separate, explicit safety policy.",No material payment process was observed in this document.,"Provides a complaint, dispute, mediation, arbitration, or appeal pattern; MORT must preserve private review and avoid promising court outcomes.",No material minor-user treatment was observed; this gap makes the source unsuitable as a complete model for MORT.,No detailed privacy or retention treatment was observed in this document.,Addresses location or address data; MORT should release exact job locations only after authorization and record the release state.,"Discusses identity, screening, background checks, or biometrics; MORT must label each signal precisely and avoid calling nonauthoritative checks identity proof.","Contains liability, warranty, indemnity, or insurance allocation that cannot be transferred to MORT without attorney review and nonwaivable-right analysis.",not observed in reviewed source,not observed in reviewed source,not observed in reviewed source,"Separate capture quality, extraction, reuse signals, liveness signals, appearance review, and authoritative verification; document retention and biometric limits explicitly.","Do not import adult-only eligibility assumptions, broad waivers, conclusive contractor labels, forced-dispute terms, or liability allocations without teen-safety and jurisdiction-specific review.",true,
MORT-LR-0120,ID.me,Privacy Policy,https://www.id.me/privacy,www.id.me,2026-07-19,not visible in reviewed source,multi-jurisdiction or source-specific,identity_verification_providers,Identity-verification providers,"data subject, relying party, reviewer, verification provider",privacy_and_retention | identity_and_verification,reviewed_browser_verified,normal-browser review of official first-party page after automated retrieval was blocked or incomplete,,https://www.id.me/privacy,text/html (browser-rendered; source text not retained),a04310f4d3d9cdf8f9746c88ee1c868bd4d28f333b817d32a75fae890b4ecff3,,,2026-07-19,Official first-party URL and page identity rendered in a normal browser; only original clause-pattern notes were retained.,"ID.me's Privacy Policy addresses privacy and retention, identity and verification for identity-verification providers. MORT can use the observed pattern as comparative input, but must draft its own teen-safe language and obtain jurisdiction-specific attorney review.","No detailed safety framework was observed in this document; MORT needs a separate, explicit safety policy.",No material payment process was observed in this document.,No detailed dispute path was observed in this document.,No material minor-user treatment was observed; this gap makes the source unsuitable as a complete model for MORT.,"Addresses personal information, privacy rights, retention, or deletion; MORT must apply minimization to location, evidence, documents, and youth data.",No material location treatment was observed in this document.,"Discusses identity, screening, background checks, or biometrics; MORT must label each signal precisely and avoid calling nonauthoritative checks identity proof.",No detailed liability or insurance allocation was observed in this document.,not observed in reviewed source,not observed in reviewed source,not observed in reviewed source,"Separate capture quality, extraction, reuse signals, liveness signals, appearance review, and authoritative verification; document retention and biometric limits explicitly.","Do not import adult-only eligibility assumptions, broad waivers, conclusive contractor labels, forced-dispute terms, or liability allocations without teen-safety and jurisdiction-specific review.",true,
MORT-LR-0121,ID.me,Biometric Data Consent,https://www.id.me/biometric,www.id.me,2026-07-19,not visible in reviewed source,multi-jurisdiction or source-specific,identity_verification_providers,Identity-verification providers,"data subject, relying party, reviewer, verification provider",identity_and_verification,reviewed_browser_verified,normal-browser review of official first-party page after automated retrieval was blocked or incomplete,,https://www.id.me/biometric,text/html (browser-rendered; source text not retained),29319d62779275a2dba21efc340d463a4a6bdbb58336388d7511feb1340d6d51,,,2026-07-19,Official first-party URL and page identity rendered in a normal browser; only original clause-pattern notes were retained.,"ID.me's Biometric Data Consent addresses identity and verification for identity-verification providers. MORT can use the observed pattern as comparative input, but must draft its own teen-safe language and obtain jurisdiction-specific attorney review.","No detailed safety framework was observed in this document; MORT needs a separate, explicit safety policy.",No material payment process was observed in this document.,No detailed dispute path was observed in this document.,No material minor-user treatment was observed; this gap makes the source unsuitable as a complete model for MORT.,No detailed privacy or retention treatment was observed in this document.,No material location treatment was observed in this document.,"Discusses identity, screening, background checks, or biometrics; MORT must label each signal precisely and avoid calling nonauthoritative checks identity proof.",No detailed liability or insurance allocation was observed in this document.,not observed in reviewed source,not observed in reviewed source,not observed in reviewed source,"Separate capture quality, extraction, reuse signals, liveness signals, appearance review, and authoritative verification; document retention and biometric limits explicitly.","Do not import adult-only eligibility assumptions, broad waivers, conclusive contractor labels, forced-dispute terms, or liability allocations without teen-safety and jurisdiction-specific review.",true,
MORT-LR-0122,ID.me,Credential Policy,https://assets.id.me/credential-policy/ID.me_Credential_Policy_v10.1.pdf,assets.id.me,2026-07-19,not visible in reviewed source,multi-jurisdiction or source-specific,identity_verification_providers,Identity-verification providers,"data subject, relying party, reviewer, verification provider",general_governance,reviewed_direct,direct official binary document retrieval; metadata-level review,200,https://assets.id.me/credential-policy/ID.me_Credential_Policy_v10.1.pdf,application/pdf,bae0a380cab97eada58aac76c2dd8125fb8ab66328bc20e189e585b29f51d22a,,,,,"ID.me's Credential Policy addresses general governance for identity-verification providers. MORT can use the observed pattern as comparative input, but must draft its own teen-safe language and obtain jurisdiction-specific attorney review.","No detailed safety framework was observed in this document; MORT needs a separate, explicit safety policy.",No material payment process was observed in this document.,No detailed dispute path was observed in this document.,No material minor-user treatment was observed; this gap makes the source unsuitable as a complete model for MORT.,No detailed privacy or retention treatment was observed in this document.,No material location treatment was observed in this document.,No material identity-verification process was observed in this document.,No detailed liability or insurance allocation was observed in this document.,not observed in reviewed source,not observed in reviewed source,not observed in reviewed source,"Separate capture quality, extraction, reuse signals, liveness signals, appearance review, and authoritative verification; document retention and biometric limits explicitly.","Do not import adult-only eligibility assumptions, broad waivers, conclusive contractor labels, forced-dispute terms, or liability allocations without teen-safety and jurisdiction-specific review.",true,
MORT-LR-0123,Trulioo,Website Privacy Policy,https://www.trulioo.com/website-privacy-policy,www.trulioo.com,2026-07-19,not visible in reviewed source,multi-jurisdiction or source-specific,identity_verification_providers,Identity-verification providers,"data subject, relying party, reviewer, verification provider",account_and_eligibility | safety_and_conduct | payments_and_fees | disputes_and_appeals | privacy_and_retention | location | identity_and_verification | moderation_and_enforcement,reviewed_direct,direct official HTML/text retrieval,200,https://www.trulioo.com/website-privacy-policy,text/html; charset=UTF-8,4173c44c3a7a85ab467b30e3cd149af46543e0349ca2831139fa893911115d55,,,,,"Trulioo's Website Privacy Policy addresses account and eligibility, safety and conduct, payments and fees, disputes and appeals for identity-verification providers. MORT can use the observed pattern as comparative input, but must draft its own teen-safe language and obtain jurisdiction-specific attorney review.","Uses stated conduct, risk, restriction, reporting, or safety controls; MORT must retain emergency escalation and victim-centered treatment.","Addresses payment, fees, refunds, wages, or transaction duties; MORT must still state that its current flow records preferences and obligations without processing funds.","Provides a complaint, dispute, mediation, arbitration, or appeal pattern; MORT must preserve private review and avoid promising court outcomes.",No material minor-user treatment was observed; this gap makes the source unsuitable as a complete model for MORT.,"Addresses personal information, privacy rights, retention, or deletion; MORT must apply minimization to location, evidence, documents, and youth data.",Addresses location or address data; MORT should release exact job locations only after authorization and record the release state.,"Discusses identity, screening, background checks, or biometrics; MORT must label each signal precisely and avoid calling nonauthoritative checks identity proof.",No detailed liability or insurance allocation was observed in this document.,not observed in reviewed source,not observed in reviewed source,not observed in reviewed source,"Separate capture quality, extraction, reuse signals, liveness signals, appearance review, and authoritative verification; document retention and biometric limits explicitly.","Do not import adult-only eligibility assumptions, broad waivers, conclusive contractor labels, forced-dispute terms, or liability allocations without teen-safety and jurisdiction-specific review.",true,
MORT-LR-0124,Trulioo,Services Privacy Policy,https://www.trulioo.com/services-privacy-policy,www.trulioo.com,2026-07-19,not visible in reviewed source,multi-jurisdiction or source-specific,identity_verification_providers,Identity-verification providers,"data subject, relying party, reviewer, verification provider",account_and_eligibility | safety_and_conduct | payments_and_fees | privacy_and_retention | location | identity_and_verification | moderation_and_enforcement,reviewed_direct,direct official HTML/text retrieval,200,https://www.trulioo.com/services-privacy-policy,text/html; charset=UTF-8,0a426991863f80fa5ac9c72e5fc608fdab0ba90fea7a17fa968249643bf250d5,,,,,"Trulioo's Services Privacy Policy addresses account and eligibility, safety and conduct, payments and fees, privacy and retention for identity-verification providers. MORT can use the observed pattern as comparative input, but must draft its own teen-safe language and obtain jurisdiction-specific attorney review.","Uses stated conduct, risk, restriction, reporting, or safety controls; MORT must retain emergency escalation and victim-centered treatment.","Addresses payment, fees, refunds, wages, or transaction duties; MORT must still state that its current flow records preferences and obligations without processing funds.",No detailed dispute path was observed in this document.,No material minor-user treatment was observed; this gap makes the source unsuitable as a complete model for MORT.,"Addresses personal information, privacy rights, retention, or deletion; MORT must apply minimization to location, evidence, documents, and youth data.",Addresses location or address data; MORT should release exact job locations only after authorization and record the release state.,"Discusses identity, screening, background checks, or biometrics; MORT must label each signal precisely and avoid calling nonauthoritative checks identity proof.",No detailed liability or insurance allocation was observed in this document.,not observed in reviewed source,not observed in reviewed source,not observed in reviewed source,"Separate capture quality, extraction, reuse signals, liveness signals, appearance review, and authoritative verification; document retention and biometric limits explicitly.","Do not import adult-only eligibility assumptions, broad waivers, conclusive contractor labels, forced-dispute terms, or liability allocations without teen-safety and jurisdiction-specific review.",true,
MORT-LR-0125,Trulioo,Security and Compliance,https://www.trulioo.com/company/security-compliance,www.trulioo.com,2026-07-19,not visible in reviewed source,multi-jurisdiction or source-specific,identity_verification_providers,Identity-verification providers,"data subject, relying party, reviewer, verification provider",account_and_eligibility | safety_and_conduct | payments_and_fees | privacy_and_retention | location | identity_and_verification | moderation_and_enforcement,reviewed_direct,direct official HTML/text retrieval,200,https://www.trulioo.com/company/security-compliance,text/html; charset=UTF-8,39b540228760b2b7c65b676cfec23844a9d4ac9ad736384468573a04cd9ff653,,,,,"Trulioo's Security and Compliance addresses account and eligibility, safety and conduct, payments and fees, privacy and retention for identity-verification providers. MORT can use the observed pattern as comparative input, but must draft its own teen-safe language and obtain jurisdiction-specific attorney review.","Uses stated conduct, risk, restriction, reporting, or safety controls; MORT must retain emergency escalation and victim-centered treatment.","Addresses payment, fees, refunds, wages, or transaction duties; MORT must still state that its current flow records preferences and obligations without processing funds.",No detailed dispute path was observed in this document.,No material minor-user treatment was observed; this gap makes the source unsuitable as a complete model for MORT.,"Addresses personal information, privacy rights, retention, or deletion; MORT must apply minimization to location, evidence, documents, and youth data.",Addresses location or address data; MORT should release exact job locations only after authorization and record the release state.,"Discusses identity, screening, background checks, or biometrics; MORT must label each signal precisely and avoid calling nonauthoritative checks identity proof.",No detailed liability or insurance allocation was observed in this document.,not observed in reviewed source,not observed in reviewed source,not observed in reviewed source,"Separate capture quality, extraction, reuse signals, liveness signals, appearance review, and authoritative verification; document retention and biometric limits explicitly.","Do not import adult-only eligibility assumptions, broad waivers, conclusive contractor labels, forced-dispute terms, or liability allocations without teen-safety and jurisdiction-specific review.",true,
MORT-LR-0126,CLEAR,Privacy Policy,https://www.clearme.com/privacy-policy,www.clearme.com,2026-07-19,"June 26, 2026",Canada,identity_verification_providers,Identity-verification providers,"data subject, relying party, reviewer, verification provider",account_and_eligibility | safety_and_conduct | payments_and_fees | disputes_and_appeals | privacy_and_retention | location | identity_and_verification | liability_and_insurance | minors_and_guardians | moderation_and_enforcement,reviewed_direct,direct official HTML/text retrieval,200,https://www.clearme.com/privacy-policy,text/html; charset=utf-8,e6a386f9618e5e8a25308a26240ebecb1ffc9b23f9ba9e208569d8a4fd52fffd,,,,,"CLEAR's Privacy Policy addresses account and eligibility, safety and conduct, payments and fees, disputes and appeals for identity-verification providers. MORT can use the observed pattern as comparative input, but must draft its own teen-safe language and obtain jurisdiction-specific attorney review.","Uses stated conduct, risk, restriction, reporting, or safety controls; MORT must retain emergency escalation and victim-centered treatment.","Addresses payment, fees, refunds, wages, or transaction duties; MORT must still state that its current flow records preferences and obligations without processing funds.","Provides a complaint, dispute, mediation, arbitration, or appeal pattern; MORT must preserve private review and avoid promising court outcomes.","Contains child, youth, age, parent, or guardian treatment that requires comparison with MORT's 13-17 role and optional Guardian Mode.","Addresses personal information, privacy rights, retention, or deletion; MORT must apply minimization to location, evidence, documents, and youth data.",Addresses location or address data; MORT should release exact job locations only after authorization and record the release state.,"Discusses identity, screening, background checks, or biometrics; MORT must label each signal precisely and avoid calling nonauthoritative checks identity proof.","Contains liability, warranty, indemnity, or insurance allocation that cannot be transferred to MORT without attorney review and nonwaivable-right analysis.",present in reviewed source,not observed in reviewed source,not observed in reviewed source,"Separate capture quality, extraction, reuse signals, liveness signals, appearance review, and authoritative verification; document retention and biometric limits explicitly.","Do not import adult-only eligibility assumptions, broad waivers, conclusive contractor labels, forced-dispute terms, or liability allocations without teen-safety and jurisdiction-specific review.",true,
MORT-LR-0127,CLEAR,Terms of Use,https://www.clearme.com/terms,www.clearme.com,2026-07-19,"October 15, 2025",Canada,identity_verification_providers,Identity-verification providers,"data subject, relying party, reviewer, verification provider",account_and_eligibility | safety_and_conduct | payments_and_fees | disputes_and_appeals | privacy_and_retention | location | identity_and_verification | liability_and_insurance | minors_and_guardians | moderation_and_enforcement,reviewed_direct,direct official HTML/text retrieval,200,https://www.clearme.com/member-terms,text/html; charset=utf-8,00b0e00ec8c7b02592f8eeb56d75a8763553f446873774aa70663261bf1497c9,,,,,"CLEAR's Terms of Use addresses account and eligibility, safety and conduct, payments and fees, disputes and appeals for identity-verification providers. MORT can use the observed pattern as comparative input, but must draft its own teen-safe language and obtain jurisdiction-specific attorney review.","Uses stated conduct, risk, restriction, reporting, or safety controls; MORT must retain emergency escalation and victim-centered treatment.","Addresses payment, fees, refunds, wages, or transaction duties; MORT must still state that its current flow records preferences and obligations without processing funds.","Provides a complaint, dispute, mediation, arbitration, or appeal pattern; MORT must preserve private review and avoid promising court outcomes.","Contains child, youth, age, parent, or guardian treatment that requires comparison with MORT's 13-17 role and optional Guardian Mode.","Addresses personal information, privacy rights, retention, or deletion; MORT must apply minimization to location, evidence, documents, and youth data.",Addresses location or address data; MORT should release exact job locations only after authorization and record the release state.,"Discusses identity, screening, background checks, or biometrics; MORT must label each signal precisely and avoid calling nonauthoritative checks identity proof.","Contains liability, warranty, indemnity, or insurance allocation that cannot be transferred to MORT without attorney review and nonwaivable-right analysis.",present in reviewed source,present in reviewed source,present in reviewed source,"Separate capture quality, extraction, reuse signals, liveness signals, appearance review, and authoritative verification; document retention and biometric limits explicitly.","Do not import adult-only eligibility assumptions, broad waivers, conclusive contractor labels, forced-dispute terms, or liability allocations without teen-safety and jurisdiction-specific review.",true,
MORT-LR-0128,Socure,Global Privacy Policy,https://www.socure.com/privacy-en,www.socure.com,2026-07-19,"June 19, 2026",Canada,identity_verification_providers,Identity-verification providers,"data subject, relying party, reviewer, verification provider",account_and_eligibility | safety_and_conduct | payments_and_fees | disputes_and_appeals | privacy_and_retention | location | identity_and_verification | liability_and_insurance | minors_and_guardians | moderation_and_enforcement,reviewed_direct,direct official HTML/text retrieval,200,https://www.socure.com/privacy-en,text/html; charset=utf-8,553ebab498b8acebb285a4b7972bc5c8058a9f9a8cddb12cf26b7a098ffb7196,,,,,"Socure's Global Privacy Policy addresses account and eligibility, safety and conduct, payments and fees, disputes and appeals for identity-verification providers. MORT can use the observed pattern as comparative input, but must draft its own teen-safe language and obtain jurisdiction-specific attorney review.","Uses stated conduct, risk, restriction, reporting, or safety controls; MORT must retain emergency escalation and victim-centered treatment.","Addresses payment, fees, refunds, wages, or transaction duties; MORT must still state that its current flow records preferences and obligations without processing funds.","Provides a complaint, dispute, mediation, arbitration, or appeal pattern; MORT must preserve private review and avoid promising court outcomes.","Contains child, youth, age, parent, or guardian treatment that requires comparison with MORT's 13-17 role and optional Guardian Mode.","Addresses personal information, privacy rights, retention, or deletion; MORT must apply minimization to location, evidence, documents, and youth data.",Addresses location or address data; MORT should release exact job locations only after authorization and record the release state.,"Discusses identity, screening, background checks, or biometrics; MORT must label each signal precisely and avoid calling nonauthoritative checks identity proof.","Contains liability, warranty, indemnity, or insurance allocation that cannot be transferred to MORT without attorney review and nonwaivable-right analysis.",present in reviewed source,not observed in reviewed source,not observed in reviewed source,"Separate capture quality, extraction, reuse signals, liveness signals, appearance review, and authoritative verification; document retention and biometric limits explicitly.","Do not import adult-only eligibility assumptions, broad waivers, conclusive contractor labels, forced-dispute terms, or liability allocations without teen-safety and jurisdiction-specific review.",true,
MORT-LR-0129,Boys & Girls Clubs of America,Privacy Policy,https://www.bgca.org/about-us/privacy-policy,www.bgca.org,2026-07-19,"Oct 25, 2024",United States; United Kingdom; European Union / EEA,nonprofit_youth_service_programs,Nonprofit and youth-service programs,"youth participant, family, volunteer, staff member, nonprofit",account_and_eligibility | safety_and_conduct | payments_and_fees | disputes_and_appeals | privacy_and_retention | location | liability_and_insurance | minors_and_guardians | moderation_and_enforcement,reviewed_direct,direct official HTML/text retrieval,200,https://www.bgca.org/about-us/privacy-policy/,text/html; charset=UTF-8,676c74594c2df844aa655c43ac798d917b44a0089eb612de809bd05db1e53b80,,,,,"Boys & Girls Clubs of America's Privacy Policy addresses account and eligibility, safety and conduct, payments and fees, disputes and appeals for nonprofit and youth-service programs. MORT can use the observed pattern as comparative input, but must draft its own teen-safe language and obtain jurisdiction-specific attorney review.","Uses stated conduct, risk, restriction, reporting, or safety controls; MORT must retain emergency escalation and victim-centered treatment.","Addresses payment, fees, refunds, wages, or transaction duties; MORT must still state that its current flow records preferences and obligations without processing funds.","Provides a complaint, dispute, mediation, arbitration, or appeal pattern; MORT must preserve private review and avoid promising court outcomes.","Contains child, youth, age, parent, or guardian treatment that requires comparison with MORT's 13-17 role and optional Guardian Mode.","Addresses personal information, privacy rights, retention, or deletion; MORT must apply minimization to location, evidence, documents, and youth data.",Addresses location or address data; MORT should release exact job locations only after authorization and record the release state.,No material identity-verification process was observed in this document.,"Contains liability, warranty, indemnity, or insurance allocation that cannot be transferred to MORT without attorney review and nonwaivable-right analysis.",not observed in reviewed source,not observed in reviewed source,not observed in reviewed source,"Require safeguarding, confidentiality, training, role approval, incident escalation, and youth-centered alternatives before volunteers access sensitive information.","Do not import adult-only eligibility assumptions, broad waivers, conclusive contractor labels, forced-dispute terms, or liability allocations without teen-safety and jurisdiction-specific review.",true,
MORT-LR-0130,Boys & Girls Clubs of America,Child Safety,https://www.bgca.org/about-us/child-safety,www.bgca.org,2026-07-19,not visible in reviewed source,United States,nonprofit_youth_service_programs,Nonprofit and youth-service programs,"youth participant, family, volunteer, staff member, nonprofit",safety_and_conduct | payments_and_fees | privacy_and_retention | minors_and_guardians,reviewed_direct,direct official HTML/text retrieval,200,https://www.bgca.org/about-us/child-safety/,text/html; charset=UTF-8,26d93643db0b3eb8300558f02a5fed8e08d22ed7c220fcc7987847226bfbb2c4,,,,,"Boys & Girls Clubs of America's Child Safety addresses safety and conduct, payments and fees, privacy and retention, minors and guardians for nonprofit and youth-service programs. MORT can use the observed pattern as comparative input, but must draft its own teen-safe language and obtain jurisdiction-specific attorney review.","Uses stated conduct, risk, restriction, reporting, or safety controls; MORT must retain emergency escalation and victim-centered treatment.","Addresses payment, fees, refunds, wages, or transaction duties; MORT must still state that its current flow records preferences and obligations without processing funds.",No detailed dispute path was observed in this document.,"Contains child, youth, age, parent, or guardian treatment that requires comparison with MORT's 13-17 role and optional Guardian Mode.","Addresses personal information, privacy rights, retention, or deletion; MORT must apply minimization to location, evidence, documents, and youth data.",No material location treatment was observed in this document.,No material identity-verification process was observed in this document.,No detailed liability or insurance allocation was observed in this document.,not observed in reviewed source,not observed in reviewed source,not observed in reviewed source,"Require safeguarding, confidentiality, training, role approval, incident escalation, and youth-centered alternatives before volunteers access sensitive information.","Do not import adult-only eligibility assumptions, broad waivers, conclusive contractor labels, forced-dispute terms, or liability allocations without teen-safety and jurisdiction-specific review.",true,
MORT-LR-0131,Boys & Girls Clubs of America,Safety Policies and Actions,https://www.bgca.org/about-us/child-safety/safety-policies-and-actions,www.bgca.org,2026-07-19,not visible in reviewed source,United States,nonprofit_youth_service_programs,Nonprofit and youth-service programs,"youth participant, family, volunteer, staff member, nonprofit",account_and_eligibility | safety_and_conduct | privacy_and_retention | identity_and_verification | minors_and_guardians,reviewed_direct,direct official HTML/text retrieval,200,https://www.bgca.org/about-us/child-safety/safety-policies-and-actions/,text/html; charset=UTF-8,9a6f2b1da8847bc6768e17f5dd8ca7601fdc75e05c80ec818770f2019868f527,,,,,"Boys & Girls Clubs of America's Safety Policies and Actions addresses account and eligibility, safety and conduct, privacy and retention, identity and verification for nonprofit and youth-service programs. MORT can use the observed pattern as comparative input, but must draft its own teen-safe language and obtain jurisdiction-specific attorney review.","Uses stated conduct, risk, restriction, reporting, or safety controls; MORT must retain emergency escalation and victim-centered treatment.",No material payment process was observed in this document.,No detailed dispute path was observed in this document.,"Contains child, youth, age, parent, or guardian treatment that requires comparison with MORT's 13-17 role and optional Guardian Mode.","Addresses personal information, privacy rights, retention, or deletion; MORT must apply minimization to location, evidence, documents, and youth data.",No material location treatment was observed in this document.,"Discusses identity, screening, background checks, or biometrics; MORT must label each signal precisely and avoid calling nonauthoritative checks identity proof.",No detailed liability or insurance allocation was observed in this document.,not observed in reviewed source,not observed in reviewed source,not observed in reviewed source,"Require safeguarding, confidentiality, training, role approval, incident escalation, and youth-centered alternatives before volunteers access sensitive information.","Do not import adult-only eligibility assumptions, broad waivers, conclusive contractor labels, forced-dispute terms, or liability allocations without teen-safety and jurisdiction-specific review.",true,
MORT-LR-0132,Boys & Girls Clubs of America,Parent Safety Resources,https://www.bgca.org/about-us/child-safety/parent-safety-resources,www.bgca.org,2026-07-19,not visible in reviewed source,United States,nonprofit_youth_service_programs,Nonprofit and youth-service programs,"youth participant, family, volunteer, staff member, nonprofit",safety_and_conduct | payments_and_fees | privacy_and_retention | location | minors_and_guardians,reviewed_direct,direct official HTML/text retrieval,200,https://www.bgca.org/about-us/child-safety/parent-safety-resources/,text/html; charset=UTF-8,3daac3119a597513f1055d579fc646b958dfb540c811ae3c1d5577efe549979a,,,,,"Boys & Girls Clubs of America's Parent Safety Resources addresses safety and conduct, payments and fees, privacy and retention, location for nonprofit and youth-service programs. MORT can use the observed pattern as comparative input, but must draft its own teen-safe language and obtain jurisdiction-specific attorney review.","Uses stated conduct, risk, restriction, reporting, or safety controls; MORT must retain emergency escalation and victim-centered treatment.","Addresses payment, fees, refunds, wages, or transaction duties; MORT must still state that its current flow records preferences and obligations without processing funds.",No detailed dispute path was observed in this document.,"Contains child, youth, age, parent, or guardian treatment that requires comparison with MORT's 13-17 role and optional Guardian Mode.","Addresses personal information, privacy rights, retention, or deletion; MORT must apply minimization to location, evidence, documents, and youth data.",Addresses location or address data; MORT should release exact job locations only after authorization and record the release state.,No material identity-verification process was observed in this document.,No detailed liability or insurance allocation was observed in this document.,not observed in reviewed source,not observed in reviewed source,not observed in reviewed source,"Require safeguarding, confidentiality, training, role approval, incident escalation, and youth-centered alternatives before volunteers access sensitive information.","Do not import adult-only eligibility assumptions, broad waivers, conclusive contractor labels, forced-dispute terms, or liability allocations without teen-safety and jurisdiction-specific review.",true,
MORT-LR-0133,Big Brothers Big Sisters of America,Privacy Policy,https://www.bbbs.org/legal-notices/privacy-policy,www.bbbs.org,2026-07-19,not visible in reviewed source,United States; European Union / EEA,nonprofit_youth_service_programs,Nonprofit and youth-service programs,"youth participant, family, volunteer, staff member, nonprofit",account_and_eligibility | safety_and_conduct | payments_and_fees | disputes_and_appeals | privacy_and_retention | location | identity_and_verification | minors_and_guardians | moderation_and_enforcement,reviewed_direct,direct official HTML/text retrieval,200,https://www.bbbs.org/legal-notices/privacy-policy/,text/html; charset=UTF-8,0bb7fb879c0cca359ad2a1fb3e369da68cccf52797df8c59ec02f961ec7368d9,,,,,"Big Brothers Big Sisters of America's Privacy Policy addresses account and eligibility, safety and conduct, payments and fees, disputes and appeals for nonprofit and youth-service programs. MORT can use the observed pattern as comparative input, but must draft its own teen-safe language and obtain jurisdiction-specific attorney review.","Uses stated conduct, risk, restriction, reporting, or safety controls; MORT must retain emergency escalation and victim-centered treatment.","Addresses payment, fees, refunds, wages, or transaction duties; MORT must still state that its current flow records preferences and obligations without processing funds.","Provides a complaint, dispute, mediation, arbitration, or appeal pattern; MORT must preserve private review and avoid promising court outcomes.","Contains child, youth, age, parent, or guardian treatment that requires comparison with MORT's 13-17 role and optional Guardian Mode.","Addresses personal information, privacy rights, retention, or deletion; MORT must apply minimization to location, evidence, documents, and youth data.",Addresses location or address data; MORT should release exact job locations only after authorization and record the release state.,"Discusses identity, screening, background checks, or biometrics; MORT must label each signal precisely and avoid calling nonauthoritative checks identity proof.",No detailed liability or insurance allocation was observed in this document.,not observed in reviewed source,not observed in reviewed source,not observed in reviewed source,"Require safeguarding, confidentiality, training, role approval, incident escalation, and youth-centered alternatives before volunteers access sensitive information.","Do not import adult-only eligibility assumptions, broad waivers, conclusive contractor labels, forced-dispute terms, or liability allocations without teen-safety and jurisdiction-specific review.",true,
MORT-LR-0134,Big Brothers Big Sisters of America,Safeguarding Children,https://www.bbbs.org/safeguarding-children,www.bbbs.org,2026-07-19,not visible in reviewed source,multi-jurisdiction or source-specific,nonprofit_youth_service_programs,Nonprofit and youth-service programs,"youth participant, family, volunteer, staff member, nonprofit",account_and_eligibility | safety_and_conduct | payments_and_fees | privacy_and_retention | location | identity_and_verification | liability_and_insurance | minors_and_guardians,reviewed_direct,direct official HTML/text retrieval,200,https://www.bbbs.org/safeguarding-children/,text/html; charset=UTF-8,6c40676eab6e11b7984637b9b59d9b6d9705e79fb3c4d83ffff0b6aa53d4fab7,,,,,"Big Brothers Big Sisters of America's Safeguarding Children addresses account and eligibility, safety and conduct, payments and fees, privacy and retention for nonprofit and youth-service programs. MORT can use the observed pattern as comparative input, but must draft its own teen-safe language and obtain jurisdiction-specific attorney review.","Uses stated conduct, risk, restriction, reporting, or safety controls; MORT must retain emergency escalation and victim-centered treatment.","Addresses payment, fees, refunds, wages, or transaction duties; MORT must still state that its current flow records preferences and obligations without processing funds.",No detailed dispute path was observed in this document.,"Contains child, youth, age, parent, or guardian treatment that requires comparison with MORT's 13-17 role and optional Guardian Mode.","Addresses personal information, privacy rights, retention, or deletion; MORT must apply minimization to location, evidence, documents, and youth data.",Addresses location or address data; MORT should release exact job locations only after authorization and record the release state.,"Discusses identity, screening, background checks, or biometrics; MORT must label each signal precisely and avoid calling nonauthoritative checks identity proof.","Contains liability, warranty, indemnity, or insurance allocation that cannot be transferred to MORT without attorney review and nonwaivable-right analysis.",not observed in reviewed source,not observed in reviewed source,not observed in reviewed source,"Require safeguarding, confidentiality, training, role approval, incident escalation, and youth-centered alternatives before volunteers access sensitive information.","Do not import adult-only eligibility assumptions, broad waivers, conclusive contractor labels, forced-dispute terms, or liability allocations without teen-safety and jurisdiction-specific review.",true,
MORT-LR-0135,Big Brothers Big Sisters of America,Standards of Practice,https://standards-of-practice.bbbs.org/docs/2023_Standards-of-Practice-for-Independent-Agencies.pdf,standards-of-practice.bbbs.org,2026-07-19,not visible in reviewed source,multi-jurisdiction or source-specific,nonprofit_youth_service_programs,Nonprofit and youth-service programs,"youth participant, family, volunteer, staff member, nonprofit",general_governance,reviewed_direct,direct official binary document retrieval; metadata-level review,200,https://standards-of-practice.bbbs.org/docs/2023_Standards-of-Practice-for-Independent-Agencies.pdf,application/pdf,0409b1ef2a95fa455877673c3b56bb44456957352b03e705d112fbdc63482d69,,,,,"Big Brothers Big Sisters of America's Standards of Practice addresses general governance for nonprofit and youth-service programs. MORT can use the observed pattern as comparative input, but must draft its own teen-safe language and obtain jurisdiction-specific attorney review.","No detailed safety framework was observed in this document; MORT needs a separate, explicit safety policy.",No material payment process was observed in this document.,No detailed dispute path was observed in this document.,No material minor-user treatment was observed; this gap makes the source unsuitable as a complete model for MORT.,No detailed privacy or retention treatment was observed in this document.,No material location treatment was observed in this document.,No material identity-verification process was observed in this document.,No detailed liability or insurance allocation was observed in this document.,not observed in reviewed source,not observed in reviewed source,not observed in reviewed source,"Require safeguarding, confidentiality, training, role approval, incident escalation, and youth-centered alternatives before volunteers access sensitive information.","Do not import adult-only eligibility assumptions, broad waivers, conclusive contractor labels, forced-dispute terms, or liability allocations without teen-safety and jurisdiction-specific review.",true,
MORT-LR-0136,Covenant House International,Privacy Policy,https://www.covenanthouse.org/privacy-policy,www.covenanthouse.org,2026-07-19,not visible in reviewed source,multi-jurisdiction or source-specific,nonprofit_youth_service_programs,Nonprofit and youth-service programs,"youth participant, family, volunteer, staff member, nonprofit",payments_and_fees | privacy_and_retention | location | minors_and_guardians,reviewed_direct,direct official HTML/text retrieval,200,https://www.covenanthouse.org/privacy-policy,text/html; charset=UTF-8,d59055687e986ea38b1c206853b468906b42e0147034e33afa3e201f9e91e3fb,,,,,"Covenant House International's Privacy Policy addresses payments and fees, privacy and retention, location, minors and guardians for nonprofit and youth-service programs. MORT can use the observed pattern as comparative input, but must draft its own teen-safe language and obtain jurisdiction-specific attorney review.","No detailed safety framework was observed in this document; MORT needs a separate, explicit safety policy.","Addresses payment, fees, refunds, wages, or transaction duties; MORT must still state that its current flow records preferences and obligations without processing funds.",No detailed dispute path was observed in this document.,"Contains child, youth, age, parent, or guardian treatment that requires comparison with MORT's 13-17 role and optional Guardian Mode.","Addresses personal information, privacy rights, retention, or deletion; MORT must apply minimization to location, evidence, documents, and youth data.",Addresses location or address data; MORT should release exact job locations only after authorization and record the release state.,No material identity-verification process was observed in this document.,No detailed liability or insurance allocation was observed in this document.,not observed in reviewed source,not observed in reviewed source,not observed in reviewed source,"Require safeguarding, confidentiality, training, role approval, incident escalation, and youth-centered alternatives before volunteers access sensitive information.","Do not import adult-only eligibility assumptions, broad waivers, conclusive contractor labels, forced-dispute terms, or liability allocations without teen-safety and jurisdiction-specific review.",true,
MORT-LR-0137,Covenant House International,Safe Place for Children and Youth,https://www.covenanthouse.org/charity-blog/blog/covenant-house-certified-safe-place-children-and-youth,www.covenanthouse.org,2026-07-19,not visible in reviewed source,United States; Canada,nonprofit_youth_service_programs,Nonprofit and youth-service programs,"youth participant, family, volunteer, staff member, nonprofit",safety_and_conduct | payments_and_fees | privacy_and_retention | minors_and_guardians,reviewed_direct,direct official HTML/text retrieval,200,https://www.covenanthouse.org/charity-blog/blog/covenant-house-certified-safe-place-children-and-youth,text/html; charset=UTF-8,f2d6eae85372bf851050eccce8c64c776e8b867b1c2a896e9e86e635a64ca52f,,,,,"Covenant House International's Safe Place for Children and Youth addresses safety and conduct, payments and fees, privacy and retention, minors and guardians for nonprofit and youth-service programs. MORT can use the observed pattern as comparative input, but must draft its own teen-safe language and obtain jurisdiction-specific attorney review.","Uses stated conduct, risk, restriction, reporting, or safety controls; MORT must retain emergency escalation and victim-centered treatment.","Addresses payment, fees, refunds, wages, or transaction duties; MORT must still state that its current flow records preferences and obligations without processing funds.",No detailed dispute path was observed in this document.,"Contains child, youth, age, parent, or guardian treatment that requires comparison with MORT's 13-17 role and optional Guardian Mode.","Addresses personal information, privacy rights, retention, or deletion; MORT must apply minimization to location, evidence, documents, and youth data.",No material location treatment was observed in this document.,No material identity-verification process was observed in this document.,No detailed liability or insurance allocation was observed in this document.,not observed in reviewed source,not observed in reviewed source,not observed in reviewed source,"Require safeguarding, confidentiality, training, role approval, incident escalation, and youth-centered alternatives before volunteers access sensitive information.","Do not import adult-only eligibility assumptions, broad waivers, conclusive contractor labels, forced-dispute terms, or liability allocations without teen-safety and jurisdiction-specific review.",true,
MORT-LR-0138,National Runaway Safeline,Privacy Policy,https://www.1800runaway.org/privacy-policy,www.1800runaway.org,2026-07-19,"October 30, 2007",multi-jurisdiction or source-specific,nonprofit_youth_service_programs,Nonprofit and youth-service programs,"youth participant, family, volunteer, staff member, nonprofit",payments_and_fees | privacy_and_retention | location | minors_and_guardians,reviewed_direct,direct official HTML/text retrieval,200,https://www.1800runaway.org/privacy-policy,text/html; charset=UTF-8,465bc95a70b6593f7e5c03aa10a2d71dcb438b222b23237f6267df9cc37bcdce,,,,,"National Runaway Safeline's Privacy Policy addresses payments and fees, privacy and retention, location, minors and guardians for nonprofit and youth-service programs. MORT can use the observed pattern as comparative input, but must draft its own teen-safe language and obtain jurisdiction-specific attorney review.","No detailed safety framework was observed in this document; MORT needs a separate, explicit safety policy.","Addresses payment, fees, refunds, wages, or transaction duties; MORT must still state that its current flow records preferences and obligations without processing funds.",No detailed dispute path was observed in this document.,"Contains child, youth, age, parent, or guardian treatment that requires comparison with MORT's 13-17 role and optional Guardian Mode.","Addresses personal information, privacy rights, retention, or deletion; MORT must apply minimization to location, evidence, documents, and youth data.",Addresses location or address data; MORT should release exact job locations only after authorization and record the release state.,No material identity-verification process was observed in this document.,No detailed liability or insurance allocation was observed in this document.,not observed in reviewed source,not observed in reviewed source,not observed in reviewed source,"Require safeguarding, confidentiality, training, role approval, incident escalation, and youth-centered alternatives before volunteers access sensitive information.","Do not import adult-only eligibility assumptions, broad waivers, conclusive contractor labels, forced-dispute terms, or liability allocations without teen-safety and jurisdiction-specific review.",true,
MORT-LR-0139,National Runaway Safeline,Terms and Conditions,https://www.nationalrunawaysafeline.org/terms-and-conditions,www.nationalrunawaysafeline.org,2026-07-19,not visible in reviewed source,United States,nonprofit_youth_service_programs,Nonprofit and youth-service programs,"youth participant, family, volunteer, staff member, nonprofit",account_and_eligibility | safety_and_conduct | payments_and_fees | disputes_and_appeals | privacy_and_retention | location | liability_and_insurance | minors_and_guardians | moderation_and_enforcement,reviewed_direct,direct official HTML/text retrieval,200,https://www.nationalrunawaysafeline.org/terms-and-conditions,text/html; charset=UTF-8,0b21703a6ecae5299ab2793b28431de19c6361fa7840847cd0514b8c392de1e0,,,,,"National Runaway Safeline's Terms and Conditions addresses account and eligibility, safety and conduct, payments and fees, disputes and appeals for nonprofit and youth-service programs. MORT can use the observed pattern as comparative input, but must draft its own teen-safe language and obtain jurisdiction-specific attorney review.","Uses stated conduct, risk, restriction, reporting, or safety controls; MORT must retain emergency escalation and victim-centered treatment.","Addresses payment, fees, refunds, wages, or transaction duties; MORT must still state that its current flow records preferences and obligations without processing funds.","Provides a complaint, dispute, mediation, arbitration, or appeal pattern; MORT must preserve private review and avoid promising court outcomes.","Contains child, youth, age, parent, or guardian treatment that requires comparison with MORT's 13-17 role and optional Guardian Mode.","Addresses personal information, privacy rights, retention, or deletion; MORT must apply minimization to location, evidence, documents, and youth data.",Addresses location or address data; MORT should release exact job locations only after authorization and record the release state.,No material identity-verification process was observed in this document.,"Contains liability, warranty, indemnity, or insurance allocation that cannot be transferred to MORT without attorney review and nonwaivable-right analysis.",present in reviewed source,not observed in reviewed source,present in reviewed source,"Require safeguarding, confidentiality, training, role approval, incident escalation, and youth-centered alternatives before volunteers access sensitive information.","Do not import adult-only eligibility assumptions, broad waivers, conclusive contractor labels, forced-dispute terms, or liability allocations without teen-safety and jurisdiction-specific review.",true,
MORT-LR-0140,National Center for Missing and Exploited Children,Privacy Policy,https://www.missingkids.org/footer/privacypolicy,www.missingkids.org,2026-07-19,"October 2, 2024",multi-jurisdiction or source-specific,nonprofit_youth_service_programs,Nonprofit and youth-service programs,"youth participant, family, volunteer, staff member, nonprofit",account_and_eligibility | safety_and_conduct | payments_and_fees | disputes_and_appeals | privacy_and_retention | location | liability_and_insurance | minors_and_guardians | moderation_and_enforcement,reviewed_direct,direct official HTML/text retrieval,200,https://www.missingkids.org/footer/privacypolicy,text/html;charset=utf-8,19d202c34b6ed3e6f46bc6284781ca8f07cc6f9d9ece161cf2edd5fd15a4fbb7,,,,,"National Center for Missing and Exploited Children's Privacy Policy addresses account and eligibility, safety and conduct, payments and fees, disputes and appeals for nonprofit and youth-service programs. MORT can use the observed pattern as comparative input, but must draft its own teen-safe language and obtain jurisdiction-specific attorney review.","Uses stated conduct, risk, restriction, reporting, or safety controls; MORT must retain emergency escalation and victim-centered treatment.","Addresses payment, fees, refunds, wages, or transaction duties; MORT must still state that its current flow records preferences and obligations without processing funds.","Provides a complaint, dispute, mediation, arbitration, or appeal pattern; MORT must preserve private review and avoid promising court outcomes.","Contains child, youth, age, parent, or guardian treatment that requires comparison with MORT's 13-17 role and optional Guardian Mode.","Addresses personal information, privacy rights, retention, or deletion; MORT must apply minimization to location, evidence, documents, and youth data.",Addresses location or address data; MORT should release exact job locations only after authorization and record the release state.,No material identity-verification process was observed in this document.,"Contains liability, warranty, indemnity, or insurance allocation that cannot be transferred to MORT without attorney review and nonwaivable-right analysis.",not observed in reviewed source,not observed in reviewed source,not observed in reviewed source,"Require safeguarding, confidentiality, training, role approval, incident escalation, and youth-centered alternatives before volunteers access sensitive information.","Do not import adult-only eligibility assumptions, broad waivers, conclusive contractor labels, forced-dispute terms, or liability allocations without teen-safety and jurisdiction-specific review.",true,
MORT-LR-0141,National Center for Missing and Exploited Children,Terms and Conditions,https://www.missingkids.org/footer/termsandconditions,www.missingkids.org,2026-07-19,"October 15, 2025",United States,nonprofit_youth_service_programs,Nonprofit and youth-service programs,"youth participant, family, volunteer, staff member, nonprofit",safety_and_conduct | payments_and_fees | privacy_and_retention | liability_and_insurance | minors_and_guardians | moderation_and_enforcement,reviewed_direct,direct official HTML/text retrieval,200,https://www.missingkids.org/footer/termsandconditions,text/html;charset=utf-8,3c2e633a338385b80b65c093b0eabe3c6517c261c4b9cbbb8f1e5e19e1489f0f,,,,,"National Center for Missing and Exploited Children's Terms and Conditions addresses safety and conduct, payments and fees, privacy and retention, liability and insurance for nonprofit and youth-service programs. MORT can use the observed pattern as comparative input, but must draft its own teen-safe language and obtain jurisdiction-specific attorney review.","Uses stated conduct, risk, restriction, reporting, or safety controls; MORT must retain emergency escalation and victim-centered treatment.","Addresses payment, fees, refunds, wages, or transaction duties; MORT must still state that its current flow records preferences and obligations without processing funds.",No detailed dispute path was observed in this document.,"Contains child, youth, age, parent, or guardian treatment that requires comparison with MORT's 13-17 role and optional Guardian Mode.","Addresses personal information, privacy rights, retention, or deletion; MORT must apply minimization to location, evidence, documents, and youth data.",No material location treatment was observed in this document.,No material identity-verification process was observed in this document.,"Contains liability, warranty, indemnity, or insurance allocation that cannot be transferred to MORT without attorney review and nonwaivable-right analysis.",not observed in reviewed source,not observed in reviewed source,present in reviewed source,"Require safeguarding, confidentiality, training, role approval, incident escalation, and youth-centered alternatives before volunteers access sensitive information.","Do not import adult-only eligibility assumptions, broad waivers, conclusive contractor labels, forced-dispute terms, or liability allocations without teen-safety and jurisdiction-specific review.",true,
MORT-LR-0142,Junior Achievement USA,Privacy Policy,https://jausa.ja.org/about/privacy-policy,jausa.ja.org,2026-07-19,not visible in reviewed source,United States,nonprofit_youth_service_programs,Nonprofit and youth-service programs,"youth participant, family, volunteer, staff member, nonprofit",account_and_eligibility | payments_and_fees | privacy_and_retention | location | identity_and_verification | liability_and_insurance | minors_and_guardians | moderation_and_enforcement,reviewed_direct,direct official HTML/text retrieval,200,https://jausa.ja.org/about/privacy-policy,text/html;charset=UTF-8,0a8d9268b3cd554dd390e4676ecb9e63ffa94f390d67ddb1a301c15a1452efd0,,,,,"Junior Achievement USA's Privacy Policy addresses account and eligibility, payments and fees, privacy and retention, location for nonprofit and youth-service programs. MORT can use the observed pattern as comparative input, but must draft its own teen-safe language and obtain jurisdiction-specific attorney review.","No detailed safety framework was observed in this document; MORT needs a separate, explicit safety policy.","Addresses payment, fees, refunds, wages, or transaction duties; MORT must still state that its current flow records preferences and obligations without processing funds.",No detailed dispute path was observed in this document.,"Contains child, youth, age, parent, or guardian treatment that requires comparison with MORT's 13-17 role and optional Guardian Mode.","Addresses personal information, privacy rights, retention, or deletion; MORT must apply minimization to location, evidence, documents, and youth data.",Addresses location or address data; MORT should release exact job locations only after authorization and record the release state.,"Discusses identity, screening, background checks, or biometrics; MORT must label each signal precisely and avoid calling nonauthoritative checks identity proof.","Contains liability, warranty, indemnity, or insurance allocation that cannot be transferred to MORT without attorney review and nonwaivable-right analysis.",not observed in reviewed source,not observed in reviewed source,not observed in reviewed source,"Require safeguarding, confidentiality, training, role approval, incident escalation, and youth-centered alternatives before volunteers access sensitive information.","Do not import adult-only eligibility assumptions, broad waivers, conclusive contractor labels, forced-dispute terms, or liability allocations without teen-safety and jurisdiction-specific review.",true,
MORT-LR-0143,Junior Achievement USA,Website Terms and Conditions,https://jausa.ja.org/about/website-terms-and-conditions,jausa.ja.org,2026-07-19,not visible in reviewed source,United States,nonprofit_youth_service_programs,Nonprofit and youth-service programs,"youth participant, family, volunteer, staff member, nonprofit",safety_and_conduct | payments_and_fees | disputes_and_appeals | privacy_and_retention | location | liability_and_insurance | minors_and_guardians,reviewed_direct,direct official HTML/text retrieval,200,https://jausa.ja.org/about/website-terms-and-conditions,text/html;charset=UTF-8,714f85b4cf610ab81054559d63f014bff7512db1874688f80e6e2892a50efc5e,,,,,"Junior Achievement USA's Website Terms and Conditions addresses safety and conduct, payments and fees, disputes and appeals, privacy and retention for nonprofit and youth-service programs. MORT can use the observed pattern as comparative input, but must draft its own teen-safe language and obtain jurisdiction-specific attorney review.","Uses stated conduct, risk, restriction, reporting, or safety controls; MORT must retain emergency escalation and victim-centered treatment.","Addresses payment, fees, refunds, wages, or transaction duties; MORT must still state that its current flow records preferences and obligations without processing funds.","Provides a complaint, dispute, mediation, arbitration, or appeal pattern; MORT must preserve private review and avoid promising court outcomes.","Contains child, youth, age, parent, or guardian treatment that requires comparison with MORT's 13-17 role and optional Guardian Mode.","Addresses personal information, privacy rights, retention, or deletion; MORT must apply minimization to location, evidence, documents, and youth data.",Addresses location or address data; MORT should release exact job locations only after authorization and record the release state.,No material identity-verification process was observed in this document.,"Contains liability, warranty, indemnity, or insurance allocation that cannot be transferred to MORT without attorney review and nonwaivable-right analysis.",present in reviewed source,not observed in reviewed source,present in reviewed source,"Require safeguarding, confidentiality, training, role approval, incident escalation, and youth-centered alternatives before volunteers access sensitive information.","Do not import adult-only eligibility assumptions, broad waivers, conclusive contractor labels, forced-dispute terms, or liability allocations without teen-safety and jurisdiction-specific review.",true,
MORT-LR-0144,Federal Trade Commission,Complying with COPPA: Frequently Asked Questions,https://www.ftc.gov/business-guidance/resources/complying-coppa-frequently-asked-questions,www.ftc.gov,2026-07-19,not visible in reviewed source,United States,government_regulatory_materials,Government and regulatory materials,"minor worker, employer, platform operator, reviewer, regulator",account_and_eligibility | safety_and_conduct | payments_and_fees | disputes_and_appeals | privacy_and_retention | location | identity_and_verification | liability_and_insurance | minors_and_guardians | moderation_and_enforcement,reviewed_direct,direct official HTML/text retrieval,200,https://www.ftc.gov/business-guidance/resources/complying-coppa-frequently-asked-questions,text/html; charset=UTF-8,7eec32081c9b3b08ec890b8c7bd8117d8439bdd255702943d75435b465d46dce,,,,,"Federal Trade Commission's Complying with COPPA: Frequently Asked Questions addresses account and eligibility, safety and conduct, payments and fees, disputes and appeals for government and regulatory materials. MORT can use the observed pattern as comparative input, but must draft its own teen-safe language and obtain jurisdiction-specific attorney review.","Uses stated conduct, risk, restriction, reporting, or safety controls; MORT must retain emergency escalation and victim-centered treatment.","Addresses payment, fees, refunds, wages, or transaction duties; MORT must still state that its current flow records preferences and obligations without processing funds.","Provides a complaint, dispute, mediation, arbitration, or appeal pattern; MORT must preserve private review and avoid promising court outcomes.","Contains child, youth, age, parent, or guardian treatment that requires comparison with MORT's 13-17 role and optional Guardian Mode.","Addresses personal information, privacy rights, retention, or deletion; MORT must apply minimization to location, evidence, documents, and youth data.",Addresses location or address data; MORT should release exact job locations only after authorization and record the release state.,"Discusses identity, screening, background checks, or biometrics; MORT must label each signal precisely and avoid calling nonauthoritative checks identity proof.","Contains liability, warranty, indemnity, or insurance allocation that cannot be transferred to MORT without attorney review and nonwaivable-right analysis.",not observed in reviewed source,not observed in reviewed source,not observed in reviewed source,"Treat labor, privacy, identity, incident, and remedy guidance as jurisdiction-dependent legal inputs requiring qualified review before launch.",No government guidance was copied as contract language; applicability and legal effect must be confirmed for each launch jurisdiction.,true,
MORT-LR-0145,Federal Trade Commission,INFORM Consumers Act Business Guidance,https://www.ftc.gov/business-guidance/resources/INFORMAct,www.ftc.gov,2026-07-19,not visible in reviewed source,United States,government_regulatory_materials,Government and regulatory materials,"minor worker, employer, platform operator, reviewer, regulator",account_and_eligibility | safety_and_conduct | payments_and_fees | privacy_and_retention | location | identity_and_verification | minors_and_guardians | moderation_and_enforcement,reviewed_direct,direct official HTML/text retrieval,200,https://www.ftc.gov/business-guidance/resources/INFORMAct,text/html; charset=UTF-8,b45456a902b3e9c86b54bf45eb8e2e72b69e28b0592912e64990cf89970eda0f,,,,,"Federal Trade Commission's INFORM Consumers Act Business Guidance addresses account and eligibility, safety and conduct, payments and fees, privacy and retention for government and regulatory materials. MORT can use the observed pattern as comparative input, but must draft its own teen-safe language and obtain jurisdiction-specific attorney review.","Uses stated conduct, risk, restriction, reporting, or safety controls; MORT must retain emergency escalation and victim-centered treatment.","Addresses payment, fees, refunds, wages, or transaction duties; MORT must still state that its current flow records preferences and obligations without processing funds.",No detailed dispute path was observed in this document.,"Contains child, youth, age, parent, or guardian treatment that requires comparison with MORT's 13-17 role and optional Guardian Mode.","Addresses personal information, privacy rights, retention, or deletion; MORT must apply minimization to location, evidence, documents, and youth data.",Addresses location or address data; MORT should release exact job locations only after authorization and record the release state.,"Discusses identity, screening, background checks, or biometrics; MORT must label each signal precisely and avoid calling nonauthoritative checks identity proof.",No detailed liability or insurance allocation was observed in this document.,not observed in reviewed source,not observed in reviewed source,not observed in reviewed source,"Treat labor, privacy, identity, incident, and remedy guidance as jurisdiction-dependent legal inputs requiring qualified review before launch.",No government guidance was copied as contract language; applicability and legal effect must be confirmed for each launch jurisdiction.,true,
MORT-LR-0146,Federal Trade Commission,Online Advertising and Marketing,https://www.ftc.gov/business-guidance/advertising-marketing/online-advertising-marketing,www.ftc.gov,2026-07-19,"May 12, 2025",United States,government_regulatory_materials,Government and regulatory materials,"minor worker, employer, platform operator, reviewer, regulator",safety_and_conduct | payments_and_fees | privacy_and_retention | location | identity_and_verification | liability_and_insurance | minors_and_guardians,reviewed_direct,direct official HTML/text retrieval,200,https://www.ftc.gov/business-guidance/advertising-marketing/online-advertising-marketing,text/html; charset=UTF-8,92d6a9773b0b0236e49ca4e4b326439552fc55323c197ae4e4c933c23fad5107,,,,,"Federal Trade Commission's Online Advertising and Marketing addresses safety and conduct, payments and fees, privacy and retention, location for government and regulatory materials. MORT can use the observed pattern as comparative input, but must draft its own teen-safe language and obtain jurisdiction-specific attorney review.","Uses stated conduct, risk, restriction, reporting, or safety controls; MORT must retain emergency escalation and victim-centered treatment.","Addresses payment, fees, refunds, wages, or transaction duties; MORT must still state that its current flow records preferences and obligations without processing funds.",No detailed dispute path was observed in this document.,"Contains child, youth, age, parent, or guardian treatment that requires comparison with MORT's 13-17 role and optional Guardian Mode.","Addresses personal information, privacy rights, retention, or deletion; MORT must apply minimization to location, evidence, documents, and youth data.",Addresses location or address data; MORT should release exact job locations only after authorization and record the release state.,"Discusses identity, screening, background checks, or biometrics; MORT must label each signal precisely and avoid calling nonauthoritative checks identity proof.","Contains liability, warranty, indemnity, or insurance allocation that cannot be transferred to MORT without attorney review and nonwaivable-right analysis.",not observed in reviewed source,not observed in reviewed source,not observed in reviewed source,"Treat labor, privacy, identity, incident, and remedy guidance as jurisdiction-dependent legal inputs requiring qualified review before launch.",No government guidance was copied as contract language; applicability and legal effect must be confirmed for each launch jurisdiction.,true,
MORT-LR-0147,Federal Trade Commission,Children's Privacy,https://www.ftc.gov/business-guidance/privacy-security/childrens-privacy,www.ftc.gov,2026-07-19,"May 19, 2026",United States,government_regulatory_materials,Government and regulatory materials,"minor worker, employer, platform operator, reviewer, regulator",safety_and_conduct | payments_and_fees | disputes_and_appeals | privacy_and_retention | identity_and_verification | minors_and_guardians,reviewed_direct,direct official HTML/text retrieval,200,https://www.ftc.gov/business-guidance/privacy-security/childrens-privacy,text/html; charset=UTF-8,74dc901166d18a6d7a2de411a43e4e76e357f93e0b4c9f47f05a217abc134b0e,,,,,"Federal Trade Commission's Children's Privacy addresses safety and conduct, payments and fees, disputes and appeals, privacy and retention for government and regulatory materials. MORT can use the observed pattern as comparative input, but must draft its own teen-safe language and obtain jurisdiction-specific attorney review.","Uses stated conduct, risk, restriction, reporting, or safety controls; MORT must retain emergency escalation and victim-centered treatment.","Addresses payment, fees, refunds, wages, or transaction duties; MORT must still state that its current flow records preferences and obligations without processing funds.","Provides a complaint, dispute, mediation, arbitration, or appeal pattern; MORT must preserve private review and avoid promising court outcomes.","Contains child, youth, age, parent, or guardian treatment that requires comparison with MORT's 13-17 role and optional Guardian Mode.","Addresses personal information, privacy rights, retention, or deletion; MORT must apply minimization to location, evidence, documents, and youth data.",No material location treatment was observed in this document.,"Discusses identity, screening, background checks, or biometrics; MORT must label each signal precisely and avoid calling nonauthoritative checks identity proof.",No detailed liability or insurance allocation was observed in this document.,not observed in reviewed source,not observed in reviewed source,not observed in reviewed source,"Treat labor, privacy, identity, incident, and remedy guidance as jurisdiction-dependent legal inputs requiring qualified review before launch.",No government guidance was copied as contract language; applicability and legal effect must be confirmed for each launch jurisdiction.,true,
MORT-LR-0148,Federal Trade Commission,Verifiable Parental Consent and COPPA,https://www.ftc.gov/business-guidance/privacy-security/verifiable-parental-consent-childrens-online-privacy-rule,www.ftc.gov,2026-07-19,not visible in reviewed source,United States,government_regulatory_materials,Government and regulatory materials,"minor worker, employer, platform operator, reviewer, regulator",safety_and_conduct | payments_and_fees | privacy_and_retention | identity_and_verification | minors_and_guardians,reviewed_direct,direct official HTML/text retrieval,200,https://www.ftc.gov/business-guidance/privacy-security/verifiable-parental-consent-childrens-online-privacy-rule,text/html; charset=UTF-8,c076141c701c048b1a2567cda34007559eb9178b9ead41238d95d1b6f11dad92,,,,,"Federal Trade Commission's Verifiable Parental Consent and COPPA addresses safety and conduct, payments and fees, privacy and retention, identity and verification for government and regulatory materials. MORT can use the observed pattern as comparative input, but must draft its own teen-safe language and obtain jurisdiction-specific attorney review.","Uses stated conduct, risk, restriction, reporting, or safety controls; MORT must retain emergency escalation and victim-centered treatment.","Addresses payment, fees, refunds, wages, or transaction duties; MORT must still state that its current flow records preferences and obligations without processing funds.",No detailed dispute path was observed in this document.,"Contains child, youth, age, parent, or guardian treatment that requires comparison with MORT's 13-17 role and optional Guardian Mode.","Addresses personal information, privacy rights, retention, or deletion; MORT must apply minimization to location, evidence, documents, and youth data.",No material location treatment was observed in this document.,"Discusses identity, screening, background checks, or biometrics; MORT must label each signal precisely and avoid calling nonauthoritative checks identity proof.",No detailed liability or insurance allocation was observed in this document.,not observed in reviewed source,not observed in reviewed source,not observed in reviewed source,"Treat labor, privacy, identity, incident, and remedy guidance as jurisdiction-dependent legal inputs requiring qualified review before launch.",No government guidance was copied as contract language; applicability and legal effect must be confirmed for each launch jurisdiction.,true,
MORT-LR-0149,Federal Trade Commission,Third-Party Software and COPPA Compliance,https://www.ftc.gov/business-guidance/blog/2025/09/using-third-partys-software-your-app-make-sure-youre-all-complying-coppa,www.ftc.gov,2026-07-19,not visible in reviewed source,United States,government_regulatory_materials,Government and regulatory materials,"minor worker, employer, platform operator, reviewer, regulator",safety_and_conduct | payments_and_fees | privacy_and_retention | location | identity_and_verification | minors_and_guardians,reviewed_direct,direct official HTML/text retrieval,200,https://www.ftc.gov/business-guidance/blog/2025/09/using-third-partys-software-your-app-make-sure-youre-all-complying-coppa,text/html; charset=UTF-8,55125ff71538025648348ce35df6cc837ef97d129563017f02a53cc1496548a5,,,,,"Federal Trade Commission's Third-Party Software and COPPA Compliance addresses safety and conduct, payments and fees, privacy and retention, location for government and regulatory materials. MORT can use the observed pattern as comparative input, but must draft its own teen-safe language and obtain jurisdiction-specific attorney review.","Uses stated conduct, risk, restriction, reporting, or safety controls; MORT must retain emergency escalation and victim-centered treatment.","Addresses payment, fees, refunds, wages, or transaction duties; MORT must still state that its current flow records preferences and obligations without processing funds.",No detailed dispute path was observed in this document.,"Contains child, youth, age, parent, or guardian treatment that requires comparison with MORT's 13-17 role and optional Guardian Mode.","Addresses personal information, privacy rights, retention, or deletion; MORT must apply minimization to location, evidence, documents, and youth data.",Addresses location or address data; MORT should release exact job locations only after authorization and record the release state.,"Discusses identity, screening, background checks, or biometrics; MORT must label each signal precisely and avoid calling nonauthoritative checks identity proof.",No detailed liability or insurance allocation was observed in this document.,not observed in reviewed source,not observed in reviewed source,not observed in reviewed source,"Treat labor, privacy, identity, incident, and remedy guidance as jurisdiction-dependent legal inputs requiring qualified review before launch.",No government guidance was copied as contract language; applicability and legal effect must be confirmed for each launch jurisdiction.,true,
MORT-LR-0150,Federal Trade Commission,Fighting Identity Theft with the Red Flags Rule,https://www.ftc.gov/business-guidance/resources/fighting-identity-theft-red-flags-rule-how-guide-business,www.ftc.gov,2026-07-19,not visible in reviewed source,United States,government_regulatory_materials,Government and regulatory materials,"minor worker, employer, platform operator, reviewer, regulator",account_and_eligibility | safety_and_conduct | payments_and_fees | privacy_and_retention | location | identity_and_verification | minors_and_guardians,reviewed_direct,direct official HTML/text retrieval,200,https://www.ftc.gov/business-guidance/resources/fighting-identity-theft-red-flags-rule-how-guide-business,text/html; charset=UTF-8,1cab7e7a53a9c7608f906212169dc2de8bf9fd0097f17135240f313e1bbe0e56,,,,,"Federal Trade Commission's Fighting Identity Theft with the Red Flags Rule addresses account and eligibility, safety and conduct, payments and fees, privacy and retention for government and regulatory materials. MORT can use the observed pattern as comparative input, but must draft its own teen-safe language and obtain jurisdiction-specific attorney review.","Uses stated conduct, risk, restriction, reporting, or safety controls; MORT must retain emergency escalation and victim-centered treatment.","Addresses payment, fees, refunds, wages, or transaction duties; MORT must still state that its current flow records preferences and obligations without processing funds.",No detailed dispute path was observed in this document.,"Contains child, youth, age, parent, or guardian treatment that requires comparison with MORT's 13-17 role and optional Guardian Mode.","Addresses personal information, privacy rights, retention, or deletion; MORT must apply minimization to location, evidence, documents, and youth data.",Addresses location or address data; MORT should release exact job locations only after authorization and record the release state.,"Discusses identity, screening, background checks, or biometrics; MORT must label each signal precisely and avoid calling nonauthoritative checks identity proof.",No detailed liability or insurance allocation was observed in this document.,not observed in reviewed source,not observed in reviewed source,not observed in reviewed source,"Treat labor, privacy, identity, incident, and remedy guidance as jurisdiction-dependent legal inputs requiring qualified review before launch.",No government guidance was copied as contract language; applicability and legal effect must be confirmed for each launch jurisdiction.,true,
MORT-LR-0151,U.S. Department of Labor,Employment Relationship Under the FLSA,https://www.dol.gov/agencies/whd/fact-sheets/13-flsa-employment-relationship,www.dol.gov,2026-07-19,"March 11, 2024",United States,government_regulatory_materials,Government and regulatory materials,"minor worker, employer, platform operator, reviewer, regulator",account_and_eligibility | payments_and_fees | privacy_and_retention | location | minors_and_guardians,reviewed_direct,direct official HTML/text retrieval,200,https://www.dol.gov/agencies/whd/fact-sheets/13-flsa-employment-relationship,text/html; charset=UTF-8,50968abce02a654c146076820f3c8d2f9b20d40cb48e54ff9a3ecfd2871f7e92,,,,,"U.S. Department of Labor's Employment Relationship Under the FLSA addresses account and eligibility, payments and fees, privacy and retention, location for government and regulatory materials. MORT can use the observed pattern as comparative input, but must draft its own teen-safe language and obtain jurisdiction-specific attorney review.","No detailed safety framework was observed in this document; MORT needs a separate, explicit safety policy.","Addresses payment, fees, refunds, wages, or transaction duties; MORT must still state that its current flow records preferences and obligations without processing funds.",No detailed dispute path was observed in this document.,"Contains child, youth, age, parent, or guardian treatment that requires comparison with MORT's 13-17 role and optional Guardian Mode.","Addresses personal information, privacy rights, retention, or deletion; MORT must apply minimization to location, evidence, documents, and youth data.",Addresses location or address data; MORT should release exact job locations only after authorization and record the release state.,No material identity-verification process was observed in this document.,No detailed liability or insurance allocation was observed in this document.,not observed in reviewed source,not observed in reviewed source,not observed in reviewed source,"Treat labor, privacy, identity, incident, and remedy guidance as jurisdiction-dependent legal inputs requiring qualified review before launch.",No government guidance was copied as contract language; applicability and legal effect must be confirmed for each launch jurisdiction.,true,
MORT-LR-0152,U.S. Department of Labor,Child Labor in Nonagricultural Occupations,https://www.dol.gov/agencies/whd/fact-sheets/43-child-labor-non-agriculture,www.dol.gov,2026-07-19,not visible in reviewed source,United States,government_regulatory_materials,Government and regulatory materials,"minor worker, employer, platform operator, reviewer, regulator",account_and_eligibility | safety_and_conduct | payments_and_fees | privacy_and_retention | minors_and_guardians | moderation_and_enforcement,reviewed_direct,direct official HTML/text retrieval,200,https://www.dol.gov/agencies/whd/fact-sheets/43-child-labor-non-agriculture,text/html; charset=UTF-8,4c565f7d5c6c315bc357205d167d895c5991d162d9dd451f6cf654fe5c585042,,,,,"U.S. Department of Labor's Child Labor in Nonagricultural Occupations addresses account and eligibility, safety and conduct, payments and fees, privacy and retention for government and regulatory materials. MORT can use the observed pattern as comparative input, but must draft its own teen-safe language and obtain jurisdiction-specific attorney review.","Uses stated conduct, risk, restriction, reporting, or safety controls; MORT must retain emergency escalation and victim-centered treatment.","Addresses payment, fees, refunds, wages, or transaction duties; MORT must still state that its current flow records preferences and obligations without processing funds.",No detailed dispute path was observed in this document.,"Contains child, youth, age, parent, or guardian treatment that requires comparison with MORT's 13-17 role and optional Guardian Mode.","Addresses personal information, privacy rights, retention, or deletion; MORT must apply minimization to location, evidence, documents, and youth data.",No material location treatment was observed in this document.,No material identity-verification process was observed in this document.,No detailed liability or insurance allocation was observed in this document.,not observed in reviewed source,not observed in reviewed source,not observed in reviewed source,"Treat labor, privacy, identity, incident, and remedy guidance as jurisdiction-dependent legal inputs requiring qualified review before launch.",No government guidance was copied as contract language; applicability and legal effect must be confirmed for each launch jurisdiction.,true,
MORT-LR-0153,U.S. Department of Labor,Wages and the Fair Labor Standards Act,https://www.dol.gov/agencies/whd/flsa,www.dol.gov,2026-07-19,"July 24, 2009",United States,government_regulatory_materials,Government and regulatory materials,"minor worker, employer, platform operator, reviewer, regulator",payments_and_fees | disputes_and_appeals | privacy_and_retention | minors_and_guardians,reviewed_direct,direct official HTML/text retrieval,200,https://www.dol.gov/agencies/whd/flsa/,text/html; charset=UTF-8,afe98bbae1e2d4aa601dd609fddfbdd62d67801e442a844679871f2e7ac55de1,,,,,"U.S. Department of Labor's Wages and the Fair Labor Standards Act addresses payments and fees, disputes and appeals, privacy and retention, minors and guardians for government and regulatory materials. MORT can use the observed pattern as comparative input, but must draft its own teen-safe language and obtain jurisdiction-specific attorney review.","No detailed safety framework was observed in this document; MORT needs a separate, explicit safety policy.","Addresses payment, fees, refunds, wages, or transaction duties; MORT must still state that its current flow records preferences and obligations without processing funds.","Provides a complaint, dispute, mediation, arbitration, or appeal pattern; MORT must preserve private review and avoid promising court outcomes.","Contains child, youth, age, parent, or guardian treatment that requires comparison with MORT's 13-17 role and optional Guardian Mode.","Addresses personal information, privacy rights, retention, or deletion; MORT must apply minimization to location, evidence, documents, and youth data.",No material location treatment was observed in this document.,No material identity-verification process was observed in this document.,No detailed liability or insurance allocation was observed in this document.,not observed in reviewed source,not observed in reviewed source,not observed in reviewed source,"Treat labor, privacy, identity, incident, and remedy guidance as jurisdiction-dependent legal inputs requiring qualified review before launch.",No government guidance was copied as contract language; applicability and legal effect must be confirmed for each launch jurisdiction.,true,
MORT-LR-0154,U.S. Department of Labor,Handy Reference Guide to the FLSA,https://www.dol.gov/agencies/whd/compliance-assistance/handy-reference-guide-flsa,www.dol.gov,2026-07-19,"July 24, 2009",United States,government_regulatory_materials,Government and regulatory materials,"minor worker, employer, platform operator, reviewer, regulator",account_and_eligibility | safety_and_conduct | payments_and_fees | disputes_and_appeals | privacy_and_retention | location | liability_and_insurance | minors_and_guardians | moderation_and_enforcement,reviewed_direct,direct official HTML/text retrieval,200,https://www.dol.gov/agencies/whd/compliance-assistance/handy-reference-guide-flsa,text/html; charset=UTF-8,cc0170490322fcde8425d0fc88be6470fafca6c728d7467b91e9eca15f7851b4,,,,,"U.S. Department of Labor's Handy Reference Guide to the FLSA addresses account and eligibility, safety and conduct, payments and fees, disputes and appeals for government and regulatory materials. MORT can use the observed pattern as comparative input, but must draft its own teen-safe language and obtain jurisdiction-specific attorney review.","Uses stated conduct, risk, restriction, reporting, or safety controls; MORT must retain emergency escalation and victim-centered treatment.","Addresses payment, fees, refunds, wages, or transaction duties; MORT must still state that its current flow records preferences and obligations without processing funds.","Provides a complaint, dispute, mediation, arbitration, or appeal pattern; MORT must preserve private review and avoid promising court outcomes.","Contains child, youth, age, parent, or guardian treatment that requires comparison with MORT's 13-17 role and optional Guardian Mode.","Addresses personal information, privacy rights, retention, or deletion; MORT must apply minimization to location, evidence, documents, and youth data.",Addresses location or address data; MORT should release exact job locations only after authorization and record the release state.,No material identity-verification process was observed in this document.,"Contains liability, warranty, indemnity, or insurance allocation that cannot be transferred to MORT without attorney review and nonwaivable-right analysis.",not observed in reviewed source,not observed in reviewed source,not observed in reviewed source,"Treat labor, privacy, identity, incident, and remedy guidance as jurisdiction-dependent legal inputs requiring qualified review before launch.",No government guidance was copied as contract language; applicability and legal effect must be confirmed for each launch jurisdiction.,true,
MORT-LR-0155,U.S. Department of Labor,Child Labor Laws and Young Workers,https://www.dol.gov/agencies/whd/youthrules/young-workers,www.dol.gov,2026-07-19,not visible in reviewed source,United States,government_regulatory_materials,Government and regulatory materials,"minor worker, employer, platform operator, reviewer, regulator",payments_and_fees | disputes_and_appeals | privacy_and_retention | minors_and_guardians | moderation_and_enforcement,reviewed_direct,direct official HTML/text retrieval,200,https://www.dol.gov/agencies/whd/youthrules/young-workers,text/html; charset=UTF-8,98187fce736d9883ad62705138b2298689652ba33b4c36dbfe5b74bf27f1034a,,,,,"U.S. Department of Labor's Child Labor Laws and Young Workers addresses payments and fees, disputes and appeals, privacy and retention, minors and guardians for government and regulatory materials. MORT can use the observed pattern as comparative input, but must draft its own teen-safe language and obtain jurisdiction-specific attorney review.","No detailed safety framework was observed in this document; MORT needs a separate, explicit safety policy.","Addresses payment, fees, refunds, wages, or transaction duties; MORT must still state that its current flow records preferences and obligations without processing funds.","Provides a complaint, dispute, mediation, arbitration, or appeal pattern; MORT must preserve private review and avoid promising court outcomes.","Contains child, youth, age, parent, or guardian treatment that requires comparison with MORT's 13-17 role and optional Guardian Mode.","Addresses personal information, privacy rights, retention, or deletion; MORT must apply minimization to location, evidence, documents, and youth data.",No material location treatment was observed in this document.,No material identity-verification process was observed in this document.,No detailed liability or insurance allocation was observed in this document.,not observed in reviewed source,not observed in reviewed source,not observed in reviewed source,"Treat labor, privacy, identity, incident, and remedy guidance as jurisdiction-dependent legal inputs requiring qualified review before launch.",No government guidance was copied as contract language; applicability and legal effect must be confirmed for each launch jurisdiction.,true,
MORT-LR-0156,U.S. Department of Labor,Nonagricultural Child Labor Requirements,https://www.dol.gov/agencies/whd/child-labor/nonagriculture,www.dol.gov,2026-07-19,not visible in reviewed source,United States,government_regulatory_materials,Government and regulatory materials,"minor worker, employer, platform operator, reviewer, regulator",account_and_eligibility | payments_and_fees | privacy_and_retention | minors_and_guardians,reviewed_direct,direct official HTML/text retrieval,200,https://www.dol.gov/agencies/whd/child-labor/nonagriculture,text/html; charset=UTF-8,fc2215ba0c6cf5b90ae3ae66e02f3cb03015ea7cb6d6df891e62bedc0122bc53,,,,,"U.S. Department of Labor's Nonagricultural Child Labor Requirements addresses account and eligibility, payments and fees, privacy and retention, minors and guardians for government and regulatory materials. MORT can use the observed pattern as comparative input, but must draft its own teen-safe language and obtain jurisdiction-specific attorney review.","No detailed safety framework was observed in this document; MORT needs a separate, explicit safety policy.","Addresses payment, fees, refunds, wages, or transaction duties; MORT must still state that its current flow records preferences and obligations without processing funds.",No detailed dispute path was observed in this document.,"Contains child, youth, age, parent, or guardian treatment that requires comparison with MORT's 13-17 role and optional Guardian Mode.","Addresses personal information, privacy rights, retention, or deletion; MORT must apply minimization to location, evidence, documents, and youth data.",No material location treatment was observed in this document.,No material identity-verification process was observed in this document.,No detailed liability or insurance allocation was observed in this document.,not observed in reviewed source,not observed in reviewed source,not observed in reviewed source,"Treat labor, privacy, identity, incident, and remedy guidance as jurisdiction-dependent legal inputs requiring qualified review before launch.",No government guidance was copied as contract language; applicability and legal effect must be confirmed for each launch jurisdiction.,true,
MORT-LR-0157,U.S. Department of Labor,Young Worker Toolkit,https://www.dol.gov/agencies/whd/youthrules/young-worker-toolkit,www.dol.gov,2026-07-19,not visible in reviewed source,United States,government_regulatory_materials,Government and regulatory materials,"minor worker, employer, platform operator, reviewer, regulator",payments_and_fees | privacy_and_retention | minors_and_guardians,reviewed_direct,direct official HTML/text retrieval,200,https://www.dol.gov/agencies/whd/youthrules/young-worker-toolkit,text/html; charset=UTF-8,e9bb3b1ea62008263ffc3685cb1941a6a82b341a3b12537fe135f23b164a3f19,,,,,"U.S. Department of Labor's Young Worker Toolkit addresses payments and fees, privacy and retention, minors and guardians for government and regulatory materials. MORT can use the observed pattern as comparative input, but must draft its own teen-safe language and obtain jurisdiction-specific attorney review.","No detailed safety framework was observed in this document; MORT needs a separate, explicit safety policy.","Addresses payment, fees, refunds, wages, or transaction duties; MORT must still state that its current flow records preferences and obligations without processing funds.",No detailed dispute path was observed in this document.,"Contains child, youth, age, parent, or guardian treatment that requires comparison with MORT's 13-17 role and optional Guardian Mode.","Addresses personal information, privacy rights, retention, or deletion; MORT must apply minimization to location, evidence, documents, and youth data.",No material location treatment was observed in this document.,No material identity-verification process was observed in this document.,No detailed liability or insurance allocation was observed in this document.,not observed in reviewed source,not observed in reviewed source,not observed in reviewed source,"Treat labor, privacy, identity, incident, and remedy guidance as jurisdiction-dependent legal inputs requiring qualified review before launch.",No government guidance was copied as contract language; applicability and legal effect must be confirmed for each launch jurisdiction.,true,
MORT-LR-0158,U.S. Department of Labor,Wage Recordkeeping and Reporting,https://www.dol.gov/general/topic/wages/wagesrecordkeeping,www.dol.gov,2026-07-19,not visible in reviewed source,United States,government_regulatory_materials,Government and regulatory materials,"minor worker, employer, platform operator, reviewer, regulator",safety_and_conduct | payments_and_fees | disputes_and_appeals | privacy_and_retention | location | liability_and_insurance | minors_and_guardians,reviewed_direct,direct official HTML/text retrieval,200,https://www.dol.gov/general/topic/wages/wagesrecordkeeping,text/html; charset=UTF-8,fda9f8f9476daf01a4780d4d18e2ec54a24f0d69d17812d0ce0fdf908445519c,,,,,"U.S. Department of Labor's Wage Recordkeeping and Reporting addresses safety and conduct, payments and fees, disputes and appeals, privacy and retention for government and regulatory materials. MORT can use the observed pattern as comparative input, but must draft its own teen-safe language and obtain jurisdiction-specific attorney review.","Uses stated conduct, risk, restriction, reporting, or safety controls; MORT must retain emergency escalation and victim-centered treatment.","Addresses payment, fees, refunds, wages, or transaction duties; MORT must still state that its current flow records preferences and obligations without processing funds.","Provides a complaint, dispute, mediation, arbitration, or appeal pattern; MORT must preserve private review and avoid promising court outcomes.","Contains child, youth, age, parent, or guardian treatment that requires comparison with MORT's 13-17 role and optional Guardian Mode.","Addresses personal information, privacy rights, retention, or deletion; MORT must apply minimization to location, evidence, documents, and youth data.",Addresses location or address data; MORT should release exact job locations only after authorization and record the release state.,No material identity-verification process was observed in this document.,"Contains liability, warranty, indemnity, or insurance allocation that cannot be transferred to MORT without attorney review and nonwaivable-right analysis.",not observed in reviewed source,not observed in reviewed source,not observed in reviewed source,"Treat labor, privacy, identity, incident, and remedy guidance as jurisdiction-dependent legal inputs requiring qualified review before launch.",No government guidance was copied as contract language; applicability and legal effect must be confirmed for each launch jurisdiction.,true,
MORT-LR-0159,U.S. Equal Employment Opportunity Commission,Youth at Work: Harassment,https://www.eeoc.gov/youth/harassment,www.eeoc.gov,2026-07-19,not visible in reviewed source,United States,government_regulatory_materials,Government and regulatory materials,"minor worker, employer, platform operator, reviewer, regulator",safety_and_conduct | payments_and_fees | disputes_and_appeals | privacy_and_retention | location | minors_and_guardians,reviewed_direct,direct official HTML/text retrieval,200,https://www.eeoc.gov/youth/harassment,text/html; charset=UTF-8,7301231f43b4840dfff07e58fe1487d27dfee07c48510d5a5d10bfa18a3a0602,,,,,"U.S. Equal Employment Opportunity Commission's Youth at Work: Harassment addresses safety and conduct, payments and fees, disputes and appeals, privacy and retention for government and regulatory materials. MORT can use the observed pattern as comparative input, but must draft its own teen-safe language and obtain jurisdiction-specific attorney review.","Uses stated conduct, risk, restriction, reporting, or safety controls; MORT must retain emergency escalation and victim-centered treatment.","Addresses payment, fees, refunds, wages, or transaction duties; MORT must still state that its current flow records preferences and obligations without processing funds.","Provides a complaint, dispute, mediation, arbitration, or appeal pattern; MORT must preserve private review and avoid promising court outcomes.","Contains child, youth, age, parent, or guardian treatment that requires comparison with MORT's 13-17 role and optional Guardian Mode.","Addresses personal information, privacy rights, retention, or deletion; MORT must apply minimization to location, evidence, documents, and youth data.",Addresses location or address data; MORT should release exact job locations only after authorization and record the release state.,No material identity-verification process was observed in this document.,No detailed liability or insurance allocation was observed in this document.,not observed in reviewed source,not observed in reviewed source,not observed in reviewed source,"Treat labor, privacy, identity, incident, and remedy guidance as jurisdiction-dependent legal inputs requiring qualified review before launch.",No government guidance was copied as contract language; applicability and legal effect must be confirmed for each launch jurisdiction.,true,
MORT-LR-0160,U.S. Equal Employment Opportunity Commission,Tips for Youth at Work,https://www.eeoc.gov/youth/tips-youth-work-1,www.eeoc.gov,2026-07-19,not visible in reviewed source,United States,government_regulatory_materials,Government and regulatory materials,"minor worker, employer, platform operator, reviewer, regulator",safety_and_conduct | payments_and_fees | disputes_and_appeals | privacy_and_retention | location | minors_and_guardians,reviewed_direct,direct official HTML/text retrieval,200,https://www.eeoc.gov/youth/tips-youth-work-1,text/html; charset=UTF-8,c6e4cd56d38ef1e8680aa2babc243a5c4831cef48a8f4fb95da60cace8197daf,,,,,"U.S. Equal Employment Opportunity Commission's Tips for Youth at Work addresses safety and conduct, payments and fees, disputes and appeals, privacy and retention for government and regulatory materials. MORT can use the observed pattern as comparative input, but must draft its own teen-safe language and obtain jurisdiction-specific attorney review.","Uses stated conduct, risk, restriction, reporting, or safety controls; MORT must retain emergency escalation and victim-centered treatment.","Addresses payment, fees, refunds, wages, or transaction duties; MORT must still state that its current flow records preferences and obligations without processing funds.","Provides a complaint, dispute, mediation, arbitration, or appeal pattern; MORT must preserve private review and avoid promising court outcomes.","Contains child, youth, age, parent, or guardian treatment that requires comparison with MORT's 13-17 role and optional Guardian Mode.","Addresses personal information, privacy rights, retention, or deletion; MORT must apply minimization to location, evidence, documents, and youth data.",Addresses location or address data; MORT should release exact job locations only after authorization and record the release state.,No material identity-verification process was observed in this document.,No detailed liability or insurance allocation was observed in this document.,not observed in reviewed source,not observed in reviewed source,not observed in reviewed source,"Treat labor, privacy, identity, incident, and remedy guidance as jurisdiction-dependent legal inputs requiring qualified review before launch.",No government guidance was copied as contract language; applicability and legal effect must be confirmed for each launch jurisdiction.,true,
MORT-LR-0161,U.S. Equal Employment Opportunity Commission,Real Youth Employment Cases,https://www.eeoc.gov/youth/real-eeoc-cases,www.eeoc.gov,2026-07-19,not visible in reviewed source,United States,government_regulatory_materials,Government and regulatory materials,"minor worker, employer, platform operator, reviewer, regulator",safety_and_conduct | payments_and_fees | disputes_and_appeals | privacy_and_retention | location | minors_and_guardians,reviewed_direct,direct official HTML/text retrieval,200,https://www.eeoc.gov/youth/real-eeoc-cases,text/html; charset=UTF-8,142f3bc114aa1a67be8e3ba06b46ea7262839ce6f42937c62474654be30720cd,,,,,"U.S. Equal Employment Opportunity Commission's Real Youth Employment Cases addresses safety and conduct, payments and fees, disputes and appeals, privacy and retention for government and regulatory materials. MORT can use the observed pattern as comparative input, but must draft its own teen-safe language and obtain jurisdiction-specific attorney review.","Uses stated conduct, risk, restriction, reporting, or safety controls; MORT must retain emergency escalation and victim-centered treatment.","Addresses payment, fees, refunds, wages, or transaction duties; MORT must still state that its current flow records preferences and obligations without processing funds.","Provides a complaint, dispute, mediation, arbitration, or appeal pattern; MORT must preserve private review and avoid promising court outcomes.","Contains child, youth, age, parent, or guardian treatment that requires comparison with MORT's 13-17 role and optional Guardian Mode.","Addresses personal information, privacy rights, retention, or deletion; MORT must apply minimization to location, evidence, documents, and youth data.",Addresses location or address data; MORT should release exact job locations only after authorization and record the release state.,No material identity-verification process was observed in this document.,No detailed liability or insurance allocation was observed in this document.,not observed in reviewed source,not observed in reviewed source,not observed in reviewed source,"Treat labor, privacy, identity, incident, and remedy guidance as jurisdiction-dependent legal inputs requiring qualified review before launch.",No government guidance was copied as contract language; applicability and legal effect must be confirmed for each launch jurisdiction.,true,
MORT-LR-0162,National Institute of Standards and Technology,Digital Identity Guidelines Program,https://www.nist.gov/identity-access-management/projects/nist-special-publication-800-63-digital-identity-guidelines,www.nist.gov,2026-07-19,not visible in reviewed source,United States,government_regulatory_materials,Government and regulatory materials,"minor worker, employer, platform operator, reviewer, regulator",safety_and_conduct | payments_and_fees | privacy_and_retention | identity_and_verification,reviewed_direct,direct official HTML/text retrieval,200,https://www.nist.gov/identity-access-management/projects/nist-special-publication-800-63-digital-identity-guidelines,text/html; charset=UTF-8,49b16361a6e78e0b0b05660e1f47e41c8ef8bd45c47be2e86363bc4a662ad3c6,,,,,"National Institute of Standards and Technology's Digital Identity Guidelines Program addresses safety and conduct, payments and fees, privacy and retention, identity and verification for government and regulatory materials. MORT can use the observed pattern as comparative input, but must draft its own teen-safe language and obtain jurisdiction-specific attorney review.","Uses stated conduct, risk, restriction, reporting, or safety controls; MORT must retain emergency escalation and victim-centered treatment.","Addresses payment, fees, refunds, wages, or transaction duties; MORT must still state that its current flow records preferences and obligations without processing funds.",No detailed dispute path was observed in this document.,No material minor-user treatment was observed; this gap makes the source unsuitable as a complete model for MORT.,"Addresses personal information, privacy rights, retention, or deletion; MORT must apply minimization to location, evidence, documents, and youth data.",No material location treatment was observed in this document.,"Discusses identity, screening, background checks, or biometrics; MORT must label each signal precisely and avoid calling nonauthoritative checks identity proof.",No detailed liability or insurance allocation was observed in this document.,not observed in reviewed source,not observed in reviewed source,not observed in reviewed source,"Treat labor, privacy, identity, incident, and remedy guidance as jurisdiction-dependent legal inputs requiring qualified review before launch.",No government guidance was copied as contract language; applicability and legal effect must be confirmed for each launch jurisdiction.,true,
MORT-LR-0163,National Institute of Standards and Technology,Digital Identity Guidelines SP 800-63-4,https://nvlpubs.nist.gov/nistpubs/SpecialPublications/NIST.SP.800-63-4.pdf,nvlpubs.nist.gov,2026-07-19,not visible in reviewed source,multi-jurisdiction or source-specific,government_regulatory_materials,Government and regulatory materials,"minor worker, employer, platform operator, reviewer, regulator",identity_and_verification,reviewed_direct,direct official binary document retrieval; metadata-level review,200,https://nvlpubs.nist.gov/nistpubs/SpecialPublications/NIST.SP.800-63-4.pdf,application/pdf,2f5b107de218a0fc3fe7f7e91b2ece5babb001eda5745b7c568a3cc876002f2d,,,,,"National Institute of Standards and Technology's Digital Identity Guidelines SP 800-63-4 addresses identity and verification for government and regulatory materials. MORT can use the observed pattern as comparative input, but must draft its own teen-safe language and obtain jurisdiction-specific attorney review.","No detailed safety framework was observed in this document; MORT needs a separate, explicit safety policy.",No material payment process was observed in this document.,No detailed dispute path was observed in this document.,No material minor-user treatment was observed; this gap makes the source unsuitable as a complete model for MORT.,No detailed privacy or retention treatment was observed in this document.,No material location treatment was observed in this document.,"Discusses identity, screening, background checks, or biometrics; MORT must label each signal precisely and avoid calling nonauthoritative checks identity proof.",No detailed liability or insurance allocation was observed in this document.,not observed in reviewed source,not observed in reviewed source,not observed in reviewed source,"Treat labor, privacy, identity, incident, and remedy guidance as jurisdiction-dependent legal inputs requiring qualified review before launch.",No government guidance was copied as contract language; applicability and legal effect must be confirmed for each launch jurisdiction.,true,
MORT-LR-0164,National Institute of Standards and Technology,Identity Proofing and Enrollment SP 800-63A,https://pages.nist.gov/800-63-4/sp800-63a.html,pages.nist.gov,2026-07-19,not visible in reviewed source,multi-jurisdiction or source-specific,government_regulatory_materials,Government and regulatory materials,"minor worker, employer, platform operator, reviewer, regulator",account_and_eligibility | safety_and_conduct | payments_and_fees | disputes_and_appeals | privacy_and_retention | location | identity_and_verification | liability_and_insurance | minors_and_guardians | moderation_and_enforcement,reviewed_direct,direct official HTML/text retrieval,200,https://pages.nist.gov/800-63-4/sp800-63a.html,text/html,2107892090eba545cc854182683664574c524078bd7b2d10d148f8212304b1e5,,,,,"National Institute of Standards and Technology's Identity Proofing and Enrollment SP 800-63A addresses account and eligibility, safety and conduct, payments and fees, disputes and appeals for government and regulatory materials. MORT can use the observed pattern as comparative input, but must draft its own teen-safe language and obtain jurisdiction-specific attorney review.","Uses stated conduct, risk, restriction, reporting, or safety controls; MORT must retain emergency escalation and victim-centered treatment.","Addresses payment, fees, refunds, wages, or transaction duties; MORT must still state that its current flow records preferences and obligations without processing funds.","Provides a complaint, dispute, mediation, arbitration, or appeal pattern; MORT must preserve private review and avoid promising court outcomes.","Contains child, youth, age, parent, or guardian treatment that requires comparison with MORT's 13-17 role and optional Guardian Mode.","Addresses personal information, privacy rights, retention, or deletion; MORT must apply minimization to location, evidence, documents, and youth data.",Addresses location or address data; MORT should release exact job locations only after authorization and record the release state.,"Discusses identity, screening, background checks, or biometrics; MORT must label each signal precisely and avoid calling nonauthoritative checks identity proof.","Contains liability, warranty, indemnity, or insurance allocation that cannot be transferred to MORT without attorney review and nonwaivable-right analysis.",not observed in reviewed source,not observed in reviewed source,not observed in reviewed source,"Treat labor, privacy, identity, incident, and remedy guidance as jurisdiction-dependent legal inputs requiring qualified review before launch.",No government guidance was copied as contract language; applicability and legal effect must be confirmed for each launch jurisdiction.,true,
MORT-LR-0165,National Institute of Standards and Technology,Authentication and Authenticator Management SP 800-63B,https://pages.nist.gov/800-63-4/sp800-63b.html,pages.nist.gov,2026-07-19,not visible in reviewed source,multi-jurisdiction or source-specific,government_regulatory_materials,Government and regulatory materials,"minor worker, employer, platform operator, reviewer, regulator",account_and_eligibility | safety_and_conduct | payments_and_fees | disputes_and_appeals | privacy_and_retention | location | identity_and_verification | minors_and_guardians | moderation_and_enforcement,reviewed_direct,direct official HTML/text retrieval,200,https://pages.nist.gov/800-63-4/sp800-63b.html,text/html,dffaf85db8c1ee9d705732cfe45403e64d87fc3cb6f7d88c199d0f2ba0e236cd,,,,,"National Institute of Standards and Technology's Authentication and Authenticator Management SP 800-63B addresses account and eligibility, safety and conduct, payments and fees, disputes and appeals for government and regulatory materials. MORT can use the observed pattern as comparative input, but must draft its own teen-safe language and obtain jurisdiction-specific attorney review.","Uses stated conduct, risk, restriction, reporting, or safety controls; MORT must retain emergency escalation and victim-centered treatment.","Addresses payment, fees, refunds, wages, or transaction duties; MORT must still state that its current flow records preferences and obligations without processing funds.","Provides a complaint, dispute, mediation, arbitration, or appeal pattern; MORT must preserve private review and avoid promising court outcomes.","Contains child, youth, age, parent, or guardian treatment that requires comparison with MORT's 13-17 role and optional Guardian Mode.","Addresses personal information, privacy rights, retention, or deletion; MORT must apply minimization to location, evidence, documents, and youth data.",Addresses location or address data; MORT should release exact job locations only after authorization and record the release state.,"Discusses identity, screening, background checks, or biometrics; MORT must label each signal precisely and avoid calling nonauthoritative checks identity proof.",No detailed liability or insurance allocation was observed in this document.,not observed in reviewed source,not observed in reviewed source,not observed in reviewed source,"Treat labor, privacy, identity, incident, and remedy guidance as jurisdiction-dependent legal inputs requiring qualified review before launch.",No government guidance was copied as contract language; applicability and legal effect must be confirmed for each launch jurisdiction.,true,
MORT-LR-0166,National Institute of Standards and Technology,NIST Privacy Framework,https://www.nist.gov/privacy-framework,www.nist.gov,2026-07-19,not visible in reviewed source,United States,government_regulatory_materials,Government and regulatory materials,"minor worker, employer, platform operator, reviewer, regulator",account_and_eligibility | safety_and_conduct | payments_and_fees | privacy_and_retention,reviewed_direct,direct official HTML/text retrieval,200,https://www.nist.gov/privacy-framework,text/html; charset=UTF-8,a313dbb862c61e6929ffb678de9bb14f20a305609b79a61c10b2c945d8112dd8,,,,,"National Institute of Standards and Technology's NIST Privacy Framework addresses account and eligibility, safety and conduct, payments and fees, privacy and retention for government and regulatory materials. MORT can use the observed pattern as comparative input, but must draft its own teen-safe language and obtain jurisdiction-specific attorney review.","Uses stated conduct, risk, restriction, reporting, or safety controls; MORT must retain emergency escalation and victim-centered treatment.","Addresses payment, fees, refunds, wages, or transaction duties; MORT must still state that its current flow records preferences and obligations without processing funds.",No detailed dispute path was observed in this document.,No material minor-user treatment was observed; this gap makes the source unsuitable as a complete model for MORT.,"Addresses personal information, privacy rights, retention, or deletion; MORT must apply minimization to location, evidence, documents, and youth data.",No material location treatment was observed in this document.,No material identity-verification process was observed in this document.,No detailed liability or insurance allocation was observed in this document.,not observed in reviewed source,not observed in reviewed source,not observed in reviewed source,"Treat labor, privacy, identity, incident, and remedy guidance as jurisdiction-dependent legal inputs requiring qualified review before launch.",No government guidance was copied as contract language; applicability and legal effect must be confirmed for each launch jurisdiction.,true,
MORT-LR-0167,Cybersecurity and Infrastructure Security Agency,Cybersecurity Incident and Vulnerability Response Playbooks,https://www.cisa.gov/sites/default/files/publications/Cybersecurity_Incident_Vulnerability_Response_Playbooks_508C.pdf,www.cisa.gov,2026-07-19,not visible in reviewed source,multi-jurisdiction or source-specific,government_regulatory_materials,Government and regulatory materials,"minor worker, employer, platform operator, reviewer, regulator",general_governance,reviewed_direct,direct official binary document retrieval; metadata-level review,200,https://www.cisa.gov/sites/default/files/publications/Cybersecurity_Incident_Vulnerability_Response_Playbooks_508C.pdf,application/pdf,ba8ab05388a8a81ec2bafce79dd377d9d7454ef00aef4dcbe2f3de20d46c25cb,,,,,"Cybersecurity and Infrastructure Security Agency's Cybersecurity Incident and Vulnerability Response Playbooks addresses general governance for government and regulatory materials. MORT can use the observed pattern as comparative input, but must draft its own teen-safe language and obtain jurisdiction-specific attorney review.","No detailed safety framework was observed in this document; MORT needs a separate, explicit safety policy.",No material payment process was observed in this document.,No detailed dispute path was observed in this document.,No material minor-user treatment was observed; this gap makes the source unsuitable as a complete model for MORT.,No detailed privacy or retention treatment was observed in this document.,No material location treatment was observed in this document.,No material identity-verification process was observed in this document.,No detailed liability or insurance allocation was observed in this document.,not observed in reviewed source,not observed in reviewed source,not observed in reviewed source,"Treat labor, privacy, identity, incident, and remedy guidance as jurisdiction-dependent legal inputs requiring qualified review before launch.",No government guidance was copied as contract language; applicability and legal effect must be confirmed for each launch jurisdiction.,true,
MORT-LR-0168,Cybersecurity and Infrastructure Security Agency,Secure by Design Principles,https://www.cisa.gov/sites/default/files/2023-06/principles_approaches_for_security-by-design-default_508c.pdf,www.cisa.gov,2026-07-19,not visible in reviewed source,multi-jurisdiction or source-specific,government_regulatory_materials,Government and regulatory materials,"minor worker, employer, platform operator, reviewer, regulator",general_governance,reviewed_direct,direct official binary document retrieval; metadata-level review,200,https://www.cisa.gov/sites/default/files/2023-06/principles_approaches_for_security-by-design-default_508c.pdf,application/pdf,d7a22e3bd81a7a1a314bda40eb2ab35eb33fec90ff79b65de07ac1a31cd3ed10,,,,,"Cybersecurity and Infrastructure Security Agency's Secure by Design Principles addresses general governance for government and regulatory materials. MORT can use the observed pattern as comparative input, but must draft its own teen-safe language and obtain jurisdiction-specific attorney review.","No detailed safety framework was observed in this document; MORT needs a separate, explicit safety policy.",No material payment process was observed in this document.,No detailed dispute path was observed in this document.,No material minor-user treatment was observed; this gap makes the source unsuitable as a complete model for MORT.,No detailed privacy or retention treatment was observed in this document.,No material location treatment was observed in this document.,No material identity-verification process was observed in this document.,No detailed liability or insurance allocation was observed in this document.,not observed in reviewed source,not observed in reviewed source,not observed in reviewed source,"Treat labor, privacy, identity, incident, and remedy guidance as jurisdiction-dependent legal inputs requiring qualified review before launch.",No government guidance was copied as contract language; applicability and legal effect must be confirmed for each launch jurisdiction.,true,
MORT-LR-0169,Cybersecurity and Infrastructure Security Agency,StopRansomware Guide,https://www.cisa.gov/stopransomware/ransomware-guide,www.cisa.gov,2026-07-19,not visible in reviewed source,United States,government_regulatory_materials,Government and regulatory materials,"minor worker, employer, platform operator, reviewer, regulator",account_and_eligibility | safety_and_conduct | payments_and_fees | disputes_and_appeals | privacy_and_retention | location | identity_and_verification | liability_and_insurance | moderation_and_enforcement,reviewed_direct,direct official HTML/text retrieval,200,https://www.cisa.gov/stopransomware/ransomware-guide,text/html; charset=UTF-8,5cfb18a11a1df358c45bfb3151576219e86a3b5e7a4e9cf7771f37cbe942ea0c,,,,,"Cybersecurity and Infrastructure Security Agency's StopRansomware Guide addresses account and eligibility, safety and conduct, payments and fees, disputes and appeals for government and regulatory materials. MORT can use the observed pattern as comparative input, but must draft its own teen-safe language and obtain jurisdiction-specific attorney review.","Uses stated conduct, risk, restriction, reporting, or safety controls; MORT must retain emergency escalation and victim-centered treatment.","Addresses payment, fees, refunds, wages, or transaction duties; MORT must still state that its current flow records preferences and obligations without processing funds.","Provides a complaint, dispute, mediation, arbitration, or appeal pattern; MORT must preserve private review and avoid promising court outcomes.",No material minor-user treatment was observed; this gap makes the source unsuitable as a complete model for MORT.,"Addresses personal information, privacy rights, retention, or deletion; MORT must apply minimization to location, evidence, documents, and youth data.",Addresses location or address data; MORT should release exact job locations only after authorization and record the release state.,"Discusses identity, screening, background checks, or biometrics; MORT must label each signal precisely and avoid calling nonauthoritative checks identity proof.","Contains liability, warranty, indemnity, or insurance allocation that cannot be transferred to MORT without attorney review and nonwaivable-right analysis.",not observed in reviewed source,not observed in reviewed source,not observed in reviewed source,"Treat labor, privacy, identity, incident, and remedy guidance as jurisdiction-dependent legal inputs requiring qualified review before launch.",No government guidance was copied as contract language; applicability and legal effect must be confirmed for each launch jurisdiction.,true,
MORT-LR-0170,Cybersecurity and Infrastructure Security Agency,Use Logging on Business Systems,https://www.cisa.gov/audiences/small-and-medium-businesses/secure-your-business/use-logging-on-business-systems,www.cisa.gov,2026-07-19,not visible in reviewed source,United States,government_regulatory_materials,Government and regulatory materials,"minor worker, employer, platform operator, reviewer, regulator",account_and_eligibility | payments_and_fees | privacy_and_retention | moderation_and_enforcement,reviewed_direct,direct official HTML/text retrieval,200,https://www.cisa.gov/audiences/small-and-medium-businesses/secure-your-business/use-logging-on-business-systems,text/html; charset=UTF-8,381ae10e48700354e7ebb875321e1227a1d968a83479907a889238f55a093959,,,,,"Cybersecurity and Infrastructure Security Agency's Use Logging on Business Systems addresses account and eligibility, payments and fees, privacy and retention, moderation and enforcement for government and regulatory materials. MORT can use the observed pattern as comparative input, but must draft its own teen-safe language and obtain jurisdiction-specific attorney review.","No detailed safety framework was observed in this document; MORT needs a separate, explicit safety policy.","Addresses payment, fees, refunds, wages, or transaction duties; MORT must still state that its current flow records preferences and obligations without processing funds.",No detailed dispute path was observed in this document.,No material minor-user treatment was observed; this gap makes the source unsuitable as a complete model for MORT.,"Addresses personal information, privacy rights, retention, or deletion; MORT must apply minimization to location, evidence, documents, and youth data.",No material location treatment was observed in this document.,No material identity-verification process was observed in this document.,No detailed liability or insurance allocation was observed in this document.,not observed in reviewed source,not observed in reviewed source,not observed in reviewed source,"Treat labor, privacy, identity, incident, and remedy guidance as jurisdiction-dependent legal inputs requiring qualified review before launch.",No government guidance was copied as contract language; applicability and legal effect must be confirmed for each launch jurisdiction.,true,
MORT-LR-0171,Cybersecurity and Infrastructure Security Agency,Secure by Design,https://www.cisa.gov/securebydesign,www.cisa.gov,2026-07-19,not visible in reviewed source,United States; Australia,government_regulatory_materials,Government and regulatory materials,"minor worker, employer, platform operator, reviewer, regulator",account_and_eligibility | safety_and_conduct | payments_and_fees | privacy_and_retention | location | liability_and_insurance,reviewed_direct,direct official HTML/text retrieval,200,https://www.cisa.gov/securebydesign,text/html; charset=UTF-8,a43fd58a8f68eca11fe326b559c00ef2d843f4eda42d13d98e2f0acef503f15a,,,,,"Cybersecurity and Infrastructure Security Agency's Secure by Design addresses account and eligibility, safety and conduct, payments and fees, privacy and retention for government and regulatory materials. MORT can use the observed pattern as comparative input, but must draft its own teen-safe language and obtain jurisdiction-specific attorney review.","Uses stated conduct, risk, restriction, reporting, or safety controls; MORT must retain emergency escalation and victim-centered treatment.","Addresses payment, fees, refunds, wages, or transaction duties; MORT must still state that its current flow records preferences and obligations without processing funds.",No detailed dispute path was observed in this document.,No material minor-user treatment was observed; this gap makes the source unsuitable as a complete model for MORT.,"Addresses personal information, privacy rights, retention, or deletion; MORT must apply minimization to location, evidence, documents, and youth data.",Addresses location or address data; MORT should release exact job locations only after authorization and record the release state.,No material identity-verification process was observed in this document.,"Contains liability, warranty, indemnity, or insurance allocation that cannot be transferred to MORT without attorney review and nonwaivable-right analysis.",not observed in reviewed source,not observed in reviewed source,not observed in reviewed source,"Treat labor, privacy, identity, incident, and remedy guidance as jurisdiction-dependent legal inputs requiring qualified review before launch.",No government guidance was copied as contract language; applicability and legal effect must be confirmed for each launch jurisdiction.,true,
MORT-LR-0172,U.S. Department of Justice,CLOUD Act Executive Agreements,https://www.justice.gov/criminal/criminal-oia/regarding-cloud-act-executive-agreements,www.justice.gov,2026-07-19,not visible in reviewed source,United States,government_regulatory_materials,Government and regulatory materials,"minor worker, employer, platform operator, reviewer, regulator",privacy_and_retention | moderation_and_enforcement,reviewed_direct,direct official HTML/text retrieval,200,https://www.justice.gov/criminal/criminal-oia/regarding-cloud-act-executive-agreements,text/html; charset=UTF-8,60fc1bb64ef5e2a8ffa9c48133514a14fa349a19feab431bda11579378b06f2c,,,,,"U.S. Department of Justice's CLOUD Act Executive Agreements addresses privacy and retention, moderation and enforcement for government and regulatory materials. MORT can use the observed pattern as comparative input, but must draft its own teen-safe language and obtain jurisdiction-specific attorney review.","No detailed safety framework was observed in this document; MORT needs a separate, explicit safety policy.",No material payment process was observed in this document.,No detailed dispute path was observed in this document.,No material minor-user treatment was observed; this gap makes the source unsuitable as a complete model for MORT.,"Addresses personal information, privacy rights, retention, or deletion; MORT must apply minimization to location, evidence, documents, and youth data.",No material location treatment was observed in this document.,No material identity-verification process was observed in this document.,No detailed liability or insurance allocation was observed in this document.,not observed in reviewed source,not observed in reviewed source,not observed in reviewed source,"Treat labor, privacy, identity, incident, and remedy guidance as jurisdiction-dependent legal inputs requiring qualified review before launch.",No government guidance was copied as contract language; applicability and legal effect must be confirmed for each launch jurisdiction.,true,
MORT-LR-0173,U.S. Department of Justice,Justice Manual: Obtaining Evidence,https://www.justice.gov/jm/jm-9-13000-obtaining-evidence,www.justice.gov,2026-07-19,not visible in reviewed source,United States,government_regulatory_materials,Government and regulatory materials,"minor worker, employer, platform operator, reviewer, regulator",account_and_eligibility | safety_and_conduct | payments_and_fees | disputes_and_appeals | privacy_and_retention | location | identity_and_verification | liability_and_insurance | minors_and_guardians | moderation_and_enforcement,reviewed_direct,direct official HTML/text retrieval,200,https://www.justice.gov/jm/jm-9-13000-obtaining-evidence,text/html; charset=UTF-8,472c9318440daeca7e4a89d9a8419d5b2e67f5a6be73522bf93a275d69c05506,,,,,"U.S. Department of Justice's Justice Manual: Obtaining Evidence addresses account and eligibility, safety and conduct, payments and fees, disputes and appeals for government and regulatory materials. MORT can use the observed pattern as comparative input, but must draft its own teen-safe language and obtain jurisdiction-specific attorney review.","Uses stated conduct, risk, restriction, reporting, or safety controls; MORT must retain emergency escalation and victim-centered treatment.","Addresses payment, fees, refunds, wages, or transaction duties; MORT must still state that its current flow records preferences and obligations without processing funds.","Provides a complaint, dispute, mediation, arbitration, or appeal pattern; MORT must preserve private review and avoid promising court outcomes.","Contains child, youth, age, parent, or guardian treatment that requires comparison with MORT's 13-17 role and optional Guardian Mode.","Addresses personal information, privacy rights, retention, or deletion; MORT must apply minimization to location, evidence, documents, and youth data.",Addresses location or address data; MORT should release exact job locations only after authorization and record the release state.,"Discusses identity, screening, background checks, or biometrics; MORT must label each signal precisely and avoid calling nonauthoritative checks identity proof.","Contains liability, warranty, indemnity, or insurance allocation that cannot be transferred to MORT without attorney review and nonwaivable-right analysis.",not observed in reviewed source,not observed in reviewed source,not observed in reviewed source,"Treat labor, privacy, identity, incident, and remedy guidance as jurisdiction-dependent legal inputs requiring qualified review before launch.",No government guidance was copied as contract language; applicability and legal effect must be confirmed for each launch jurisdiction.,true,
MORT-LR-0174,U.S. Department of Justice,Computer Crime and Intellectual Property Section Documents,https://www.justice.gov/criminal/criminal-ccips/ccips-documents-and-reports,www.justice.gov,2026-07-19,not visible in reviewed source,United States,government_regulatory_materials,Government and regulatory materials,"minor worker, employer, platform operator, reviewer, regulator",safety_and_conduct | payments_and_fees | privacy_and_retention | location | minors_and_guardians,reviewed_direct,direct official HTML/text retrieval,200,https://www.justice.gov/criminal/criminal-ccips/ccips-documents-and-reports,text/html; charset=UTF-8,827ab5b56e796dfabd5b32b791cfcbae0784be06ed7bd33419f07807d59510ed,,,,,"U.S. Department of Justice's Computer Crime and Intellectual Property Section Documents addresses safety and conduct, payments and fees, privacy and retention, location for government and regulatory materials. MORT can use the observed pattern as comparative input, but must draft its own teen-safe language and obtain jurisdiction-specific attorney review.","Uses stated conduct, risk, restriction, reporting, or safety controls; MORT must retain emergency escalation and victim-centered treatment.","Addresses payment, fees, refunds, wages, or transaction duties; MORT must still state that its current flow records preferences and obligations without processing funds.",No detailed dispute path was observed in this document.,"Contains child, youth, age, parent, or guardian treatment that requires comparison with MORT's 13-17 role and optional Guardian Mode.","Addresses personal information, privacy rights, retention, or deletion; MORT must apply minimization to location, evidence, documents, and youth data.",Addresses location or address data; MORT should release exact job locations only after authorization and record the release state.,No material identity-verification process was observed in this document.,No detailed liability or insurance allocation was observed in this document.,not observed in reviewed source,not observed in reviewed source,not observed in reviewed source,"Treat labor, privacy, identity, incident, and remedy guidance as jurisdiction-dependent legal inputs requiring qualified review before launch.",No government guidance was copied as contract language; applicability and legal effect must be confirmed for each launch jurisdiction.,true,
MORT-LR-0175,U.S. Administration for Children and Families,Runaway and Homeless Youth Programs,https://acf.gov/fysb/programs/runaway-homeless-youth/programs,acf.gov,2026-07-19,not visible in reviewed source,multi-jurisdiction or source-specific,government_regulatory_materials,Government and regulatory materials,"minor worker, employer, platform operator, reviewer, regulator",general_governance,reviewed_direct,direct official HTML/text retrieval,202,https://acf.gov/fysb/programs/runaway-homeless-youth/programs/,text/html; charset=UTF-8,d64bc1382e049a8c421cb9487d46b8f5adb73b654da7d93e0a6fa81842eb9980,,,,,"U.S. Administration for Children and Families's Runaway and Homeless Youth Programs addresses general governance for government and regulatory materials. MORT can use the observed pattern as comparative input, but must draft its own teen-safe language and obtain jurisdiction-specific attorney review.","No detailed safety framework was observed in this document; MORT needs a separate, explicit safety policy.",No material payment process was observed in this document.,No detailed dispute path was observed in this document.,No material minor-user treatment was observed; this gap makes the source unsuitable as a complete model for MORT.,No detailed privacy or retention treatment was observed in this document.,No material location treatment was observed in this document.,No material identity-verification process was observed in this document.,No detailed liability or insurance allocation was observed in this document.,not observed in reviewed source,not observed in reviewed source,not observed in reviewed source,"Treat labor, privacy, identity, incident, and remedy guidance as jurisdiction-dependent legal inputs requiring qualified review before launch.",No government guidance was copied as contract language; applicability and legal effect must be confirmed for each launch jurisdiction.,true,
MORT-LR-0176,U.S. Administration for Children and Families,Runaway and Homeless Youth,https://acf.gov/fysb/programs/runaway-homeless-youth,acf.gov,2026-07-19,not visible in reviewed source,multi-jurisdiction or source-specific,government_regulatory_materials,Government and regulatory materials,"minor worker, employer, platform operator, reviewer, regulator",general_governance,reviewed_direct,direct official HTML/text retrieval,202,https://acf.gov/fysb/programs/runaway-homeless-youth,text/html; charset=UTF-8,c781f21ab36faeb75e993c4dd4b9b84a982553af36369de93e240e14cf518654,,,,,"U.S. Administration for Children and Families's Runaway and Homeless Youth addresses general governance for government and regulatory materials. MORT can use the observed pattern as comparative input, but must draft its own teen-safe language and obtain jurisdiction-specific attorney review.","No detailed safety framework was observed in this document; MORT needs a separate, explicit safety policy.",No material payment process was observed in this document.,No detailed dispute path was observed in this document.,No material minor-user treatment was observed; this gap makes the source unsuitable as a complete model for MORT.,No detailed privacy or retention treatment was observed in this document.,No material location treatment was observed in this document.,No material identity-verification process was observed in this document.,No detailed liability or insurance allocation was observed in this document.,not observed in reviewed source,not observed in reviewed source,not observed in reviewed source,"Treat labor, privacy, identity, incident, and remedy guidance as jurisdiction-dependent legal inputs requiring qualified review before launch.",No government guidance was copied as contract language; applicability and legal effect must be confirmed for each launch jurisdiction.,true,
MORT-LR-0177,U.S. Department of Health and Human Services,Homelessness Resources and Programs,https://www.hhs.gov/programs/social-services/homelessness/resources/index.html,www.hhs.gov,2026-07-19,not visible in reviewed source,United States,government_regulatory_materials,Government and regulatory materials,"minor worker, employer, platform operator, reviewer, regulator",account_and_eligibility | safety_and_conduct | disputes_and_appeals | privacy_and_retention | location | liability_and_insurance | minors_and_guardians,reviewed_direct,direct official HTML/text retrieval,200,https://www.hhs.gov/programs/social-services/homelessness/resources/index.html,text/html; charset=UTF-8,46f9c303374788c14c3e27c50b9163904500873cce74f3df3d7840a158d81965,,,,,"U.S. Department of Health and Human Services's Homelessness Resources and Programs addresses account and eligibility, safety and conduct, disputes and appeals, privacy and retention for government and regulatory materials. MORT can use the observed pattern as comparative input, but must draft its own teen-safe language and obtain jurisdiction-specific attorney review.","Uses stated conduct, risk, restriction, reporting, or safety controls; MORT must retain emergency escalation and victim-centered treatment.",No material payment process was observed in this document.,"Provides a complaint, dispute, mediation, arbitration, or appeal pattern; MORT must preserve private review and avoid promising court outcomes.","Contains child, youth, age, parent, or guardian treatment that requires comparison with MORT's 13-17 role and optional Guardian Mode.","Addresses personal information, privacy rights, retention, or deletion; MORT must apply minimization to location, evidence, documents, and youth data.",Addresses location or address data; MORT should release exact job locations only after authorization and record the release state.,No material identity-verification process was observed in this document.,"Contains liability, warranty, indemnity, or insurance allocation that cannot be transferred to MORT without attorney review and nonwaivable-right analysis.",not observed in reviewed source,not observed in reviewed source,not observed in reviewed source,"Treat labor, privacy, identity, incident, and remedy guidance as jurisdiction-dependent legal inputs requiring qualified review before launch.",No government guidance was copied as contract language; applicability and legal effect must be confirmed for each launch jurisdiction.,true,
MORT-LR-0178,U.S. Department of Health and Human Services,Programs to Address Homelessness,https://www.hhs.gov/programs/social-services/homelessness/programs/index.html,www.hhs.gov,2026-07-19,not visible in reviewed source,United States,government_regulatory_materials,Government and regulatory materials,"minor worker, employer, platform operator, reviewer, regulator",account_and_eligibility | safety_and_conduct | payments_and_fees | disputes_and_appeals | privacy_and_retention | location | liability_and_insurance | minors_and_guardians,reviewed_direct,direct official HTML/text retrieval,200,https://www.hhs.gov/programs/social-services/homelessness/programs/index.html,text/html; charset=UTF-8,6f38a526e9afdf0a27a46036de726b900ac7c74a02c5130693998169543a29ad,,,,,"U.S. Department of Health and Human Services's Programs to Address Homelessness addresses account and eligibility, safety and conduct, payments and fees, disputes and appeals for government and regulatory materials. MORT can use the observed pattern as comparative input, but must draft its own teen-safe language and obtain jurisdiction-specific attorney review.","Uses stated conduct, risk, restriction, reporting, or safety controls; MORT must retain emergency escalation and victim-centered treatment.","Addresses payment, fees, refunds, wages, or transaction duties; MORT must still state that its current flow records preferences and obligations without processing funds.","Provides a complaint, dispute, mediation, arbitration, or appeal pattern; MORT must preserve private review and avoid promising court outcomes.","Contains child, youth, age, parent, or guardian treatment that requires comparison with MORT's 13-17 role and optional Guardian Mode.","Addresses personal information, privacy rights, retention, or deletion; MORT must apply minimization to location, evidence, documents, and youth data.",Addresses location or address data; MORT should release exact job locations only after authorization and record the release state.,No material identity-verification process was observed in this document.,"Contains liability, warranty, indemnity, or insurance allocation that cannot be transferred to MORT without attorney review and nonwaivable-right analysis.",not observed in reviewed source,not observed in reviewed source,not observed in reviewed source,"Treat labor, privacy, identity, incident, and remedy guidance as jurisdiction-dependent legal inputs requiring qualified review before launch.",No government guidance was copied as contract language; applicability and legal effect must be confirmed for each launch jurisdiction.,true,
MORT-LR-0179,Bolt,Terms of Service,https://bolt.eu/en/legal/ie/terms-for-riders,bolt.eu,2026-07-19,not visible in reviewed source,multi-jurisdiction or source-specific,transportation_delivery_platforms,Transportation and delivery platforms,"driver, courier, customer, platform operator",account_and_eligibility | safety_and_conduct | payments_and_fees | disputes_and_appeals | privacy_and_retention | location | liability_and_insurance | moderation_and_enforcement,reviewed_direct_and_tracked,current Open Terms Archive text version mapped to the official first-party source,308,https://bolt.eu/en/legal/terms-for-riders/,text/markdown,640541705c83d43f07290ed150ee9ad66085770d12ad2323e93dea4546cf1070,https://raw.githubusercontent.com/OpenTermsArchive/contrib-versions/main/Bolt/Terms%20of%20Service.md,https://raw.githubusercontent.com/OpenTermsArchive/contrib-declarations/main/declarations/Bolt.json,,,"Bolt's Terms of Service addresses account and eligibility, safety and conduct, payments and fees, disputes and appeals for transportation and delivery platforms. MORT can use the observed pattern as comparative input, but must draft its own teen-safe language and obtain jurisdiction-specific attorney review.","Uses stated conduct, risk, restriction, reporting, or safety controls; MORT must retain emergency escalation and victim-centered treatment.","Addresses payment, fees, refunds, wages, or transaction duties; MORT must still state that its current flow records preferences and obligations without processing funds.","Provides a complaint, dispute, mediation, arbitration, or appeal pattern; MORT must preserve private review and avoid promising court outcomes.",No material minor-user treatment was observed; this gap makes the source unsuitable as a complete model for MORT.,"Addresses personal information, privacy rights, retention, or deletion; MORT must apply minimization to location, evidence, documents, and youth data.",Addresses location or address data; MORT should release exact job locations only after authorization and record the release state.,No material identity-verification process was observed in this document.,"Contains liability, warranty, indemnity, or insurance allocation that cannot be transferred to MORT without attorney review and nonwaivable-right analysis.",not observed in reviewed source,not observed in reviewed source,present in reviewed source,"Separate platform, worker, customer, timing, payment, location, and safety duties while avoiding a conclusive worker-classification label.","Do not import adult-only eligibility assumptions, broad waivers, conclusive contractor labels, forced-dispute terms, or liability allocations without teen-safety and jurisdiction-specific review.",true,
MORT-LR-0180,Bolt,Privacy Policy,https://bolt.eu/en/legal/ie/privacy-for-riders,bolt.eu,2026-07-19,11 April 2025,multi-jurisdiction or source-specific,transportation_delivery_platforms,Transportation and delivery platforms,"driver, courier, customer, platform operator",account_and_eligibility | safety_and_conduct | payments_and_fees | disputes_and_appeals | privacy_and_retention | location | identity_and_verification | liability_and_insurance | minors_and_guardians | moderation_and_enforcement,reviewed_direct_and_tracked,current Open Terms Archive text version mapped to the official first-party source,308,https://bolt.eu/en/privacy/privacy-for-riders/,text/markdown,af281f7935e7b16d6c017fc84df51902d4db539acc57eb74098e43962250a829,https://raw.githubusercontent.com/OpenTermsArchive/contrib-versions/main/Bolt/Privacy%20Policy.md,https://raw.githubusercontent.com/OpenTermsArchive/contrib-declarations/main/declarations/Bolt.json,,,"Bolt's Privacy Policy addresses account and eligibility, safety and conduct, payments and fees, disputes and appeals for transportation and delivery platforms. MORT can use the observed pattern as comparative input, but must draft its own teen-safe language and obtain jurisdiction-specific attorney review.","Uses stated conduct, risk, restriction, reporting, or safety controls; MORT must retain emergency escalation and victim-centered treatment.","Addresses payment, fees, refunds, wages, or transaction duties; MORT must still state that its current flow records preferences and obligations without processing funds.","Provides a complaint, dispute, mediation, arbitration, or appeal pattern; MORT must preserve private review and avoid promising court outcomes.","Contains child, youth, age, parent, or guardian treatment that requires comparison with MORT's 13-17 role and optional Guardian Mode.","Addresses personal information, privacy rights, retention, or deletion; MORT must apply minimization to location, evidence, documents, and youth data.",Addresses location or address data; MORT should release exact job locations only after authorization and record the release state.,"Discusses identity, screening, background checks, or biometrics; MORT must label each signal precisely and avoid calling nonauthoritative checks identity proof.","Contains liability, warranty, indemnity, or insurance allocation that cannot be transferred to MORT without attorney review and nonwaivable-right analysis.",not observed in reviewed source,not observed in reviewed source,not observed in reviewed source,"Separate platform, worker, customer, timing, payment, location, and safety duties while avoiding a conclusive worker-classification label.","Do not import adult-only eligibility assumptions, broad waivers, conclusive contractor labels, forced-dispute terms, or liability allocations without teen-safety and jurisdiction-specific review.",true,
MORT-LR-0181,Bolt Drivers,Terms of Service,https://bolt.eu/en/legal/ie/terms-for-drivers,bolt.eu,2026-07-19,not visible in reviewed source,multi-jurisdiction or source-specific,transportation_delivery_platforms,Transportation and delivery platforms,"driver, courier, customer, platform operator",account_and_eligibility | safety_and_conduct | payments_and_fees | disputes_and_appeals | privacy_and_retention | location | liability_and_insurance | moderation_and_enforcement,reviewed_direct_and_tracked,current Open Terms Archive text version mapped to the official first-party source,308,https://bolt.eu/en/legal/terms-for-drivers/,text/markdown,05774666cfc68c6078b8fa547a3b988d2fec63b44ac62178f97b3c3c7349740b,https://raw.githubusercontent.com/OpenTermsArchive/contrib-versions/main/Bolt%20Drivers/Terms%20of%20Service.md,https://raw.githubusercontent.com/OpenTermsArchive/contrib-declarations/main/declarations/Bolt%20Drivers.json,,,"Bolt Drivers's Terms of Service addresses account and eligibility, safety and conduct, payments and fees, disputes and appeals for transportation and delivery platforms. MORT can use the observed pattern as comparative input, but must draft its own teen-safe language and obtain jurisdiction-specific attorney review.","Uses stated conduct, risk, restriction, reporting, or safety controls; MORT must retain emergency escalation and victim-centered treatment.","Addresses payment, fees, refunds, wages, or transaction duties; MORT must still state that its current flow records preferences and obligations without processing funds.","Provides a complaint, dispute, mediation, arbitration, or appeal pattern; MORT must preserve private review and avoid promising court outcomes.",No material minor-user treatment was observed; this gap makes the source unsuitable as a complete model for MORT.,"Addresses personal information, privacy rights, retention, or deletion; MORT must apply minimization to location, evidence, documents, and youth data.",Addresses location or address data; MORT should release exact job locations only after authorization and record the release state.,No material identity-verification process was observed in this document.,"Contains liability, warranty, indemnity, or insurance allocation that cannot be transferred to MORT without attorney review and nonwaivable-right analysis.",not observed in reviewed source,not observed in reviewed source,present in reviewed source,"Separate platform, worker, customer, timing, payment, location, and safety duties while avoiding a conclusive worker-classification label.","Do not import adult-only eligibility assumptions, broad waivers, conclusive contractor labels, forced-dispute terms, or liability allocations without teen-safety and jurisdiction-specific review.",true,
MORT-LR-0182,Bolt Drivers,Privacy Policy,https://bolt.eu/en/legal/ie/privacy-for-drivers,bolt.eu,2026-07-19,5 September 2025,multi-jurisdiction or source-specific,transportation_delivery_platforms,Transportation and delivery platforms,"driver, courier, customer, platform operator",account_and_eligibility | safety_and_conduct | payments_and_fees | disputes_and_appeals | privacy_and_retention | location | identity_and_verification | liability_and_insurance | moderation_and_enforcement,reviewed_direct_and_tracked,current Open Terms Archive text version mapped to the official first-party source,308,https://bolt.eu/en/privacy/privacy-for-drivers/,text/markdown,d1fee8adcdffa6fcfa919f11d3359ac7772bad3d9bf046e14d869b7d3d96f465,https://raw.githubusercontent.com/OpenTermsArchive/contrib-versions/main/Bolt%20Drivers/Privacy%20Policy.md,https://raw.githubusercontent.com/OpenTermsArchive/contrib-declarations/main/declarations/Bolt%20Drivers.json,,,"Bolt Drivers's Privacy Policy addresses account and eligibility, safety and conduct, payments and fees, disputes and appeals for transportation and delivery platforms. MORT can use the observed pattern as comparative input, but must draft its own teen-safe language and obtain jurisdiction-specific attorney review.","Uses stated conduct, risk, restriction, reporting, or safety controls; MORT must retain emergency escalation and victim-centered treatment.","Addresses payment, fees, refunds, wages, or transaction duties; MORT must still state that its current flow records preferences and obligations without processing funds.","Provides a complaint, dispute, mediation, arbitration, or appeal pattern; MORT must preserve private review and avoid promising court outcomes.",No material minor-user treatment was observed; this gap makes the source unsuitable as a complete model for MORT.,"Addresses personal information, privacy rights, retention, or deletion; MORT must apply minimization to location, evidence, documents, and youth data.",Addresses location or address data; MORT should release exact job locations only after authorization and record the release state.,"Discusses identity, screening, background checks, or biometrics; MORT must label each signal precisely and avoid calling nonauthoritative checks identity proof.","Contains liability, warranty, indemnity, or insurance allocation that cannot be transferred to MORT without attorney review and nonwaivable-right analysis.",not observed in reviewed source,not observed in reviewed source,not observed in reviewed source,"Separate platform, worker, customer, timing, payment, location, and safety duties while avoiding a conclusive worker-classification label.","Do not import adult-only eligibility assumptions, broad waivers, conclusive contractor labels, forced-dispute terms, or liability allocations without teen-safety and jurisdiction-specific review.",true,
MORT-LR-0183,Deliveroo,Terms of Service,https://deliveroo.ie/legal,deliveroo.ie,2026-07-19,26 June 2025,United Kingdom,transportation_delivery_platforms,Transportation and delivery platforms,"driver, courier, customer, platform operator",account_and_eligibility | safety_and_conduct | payments_and_fees | disputes_and_appeals | privacy_and_retention | location | identity_and_verification | liability_and_insurance | moderation_and_enforcement,reviewed_tracked_snapshot,current Open Terms Archive text version mapped to the official first-party source,404,https://deliveroo.ie/legal,text/markdown,53a2d3bf6124e19d0430c5985aac6e4cb2775bc7a1c5f1dc9373c6499f95bd07,https://raw.githubusercontent.com/OpenTermsArchive/contrib-versions/main/Deliveroo/Terms%20of%20Service.md,https://raw.githubusercontent.com/OpenTermsArchive/contrib-declarations/main/declarations/Deliveroo.json,,,"Deliveroo's Terms of Service addresses account and eligibility, safety and conduct, payments and fees, disputes and appeals for transportation and delivery platforms. MORT can use the observed pattern as comparative input, but must draft its own teen-safe language and obtain jurisdiction-specific attorney review.","Uses stated conduct, risk, restriction, reporting, or safety controls; MORT must retain emergency escalation and victim-centered treatment.","Addresses payment, fees, refunds, wages, or transaction duties; MORT must still state that its current flow records preferences and obligations without processing funds.","Provides a complaint, dispute, mediation, arbitration, or appeal pattern; MORT must preserve private review and avoid promising court outcomes.",No material minor-user treatment was observed; this gap makes the source unsuitable as a complete model for MORT.,"Addresses personal information, privacy rights, retention, or deletion; MORT must apply minimization to location, evidence, documents, and youth data.",Addresses location or address data; MORT should release exact job locations only after authorization and record the release state.,"Discusses identity, screening, background checks, or biometrics; MORT must label each signal precisely and avoid calling nonauthoritative checks identity proof.","Contains liability, warranty, indemnity, or insurance allocation that cannot be transferred to MORT without attorney review and nonwaivable-right analysis.",not observed in reviewed source,not observed in reviewed source,not observed in reviewed source,"Separate platform, worker, customer, timing, payment, location, and safety duties while avoiding a conclusive worker-classification label.","Do not import adult-only eligibility assumptions, broad waivers, conclusive contractor labels, forced-dispute terms, or liability allocations without teen-safety and jurisdiction-specific review.",true,
MORT-LR-0184,Deliveroo,Privacy Policy,https://deliveroo.ie/privacy,deliveroo.ie,2026-07-19,not visible in reviewed source,United Kingdom,transportation_delivery_platforms,Transportation and delivery platforms,"driver, courier, customer, platform operator",account_and_eligibility | safety_and_conduct | disputes_and_appeals | privacy_and_retention,reviewed_direct_and_tracked,current Open Terms Archive text version mapped to the official first-party source,200,https://deliveroo.ie/privacy,text/markdown,9f3c9723a0e414dfb1802c783683bede25d9f281d9f58b10b9de908c0b0799e7,https://raw.githubusercontent.com/OpenTermsArchive/contrib-versions/main/Deliveroo/Privacy%20Policy.md,https://raw.githubusercontent.com/OpenTermsArchive/contrib-declarations/main/declarations/Deliveroo.json,,,"Deliveroo's Privacy Policy addresses account and eligibility, safety and conduct, disputes and appeals, privacy and retention for transportation and delivery platforms. MORT can use the observed pattern as comparative input, but must draft its own teen-safe language and obtain jurisdiction-specific attorney review.","Uses stated conduct, risk, restriction, reporting, or safety controls; MORT must retain emergency escalation and victim-centered treatment.",No material payment process was observed in this document.,"Provides a complaint, dispute, mediation, arbitration, or appeal pattern; MORT must preserve private review and avoid promising court outcomes.",No material minor-user treatment was observed; this gap makes the source unsuitable as a complete model for MORT.,"Addresses personal information, privacy rights, retention, or deletion; MORT must apply minimization to location, evidence, documents, and youth data.",No material location treatment was observed in this document.,No material identity-verification process was observed in this document.,No detailed liability or insurance allocation was observed in this document.,not observed in reviewed source,not observed in reviewed source,not observed in reviewed source,"Separate platform, worker, customer, timing, payment, location, and safety duties while avoiding a conclusive worker-classification label.","Do not import adult-only eligibility assumptions, broad waivers, conclusive contractor labels, forced-dispute terms, or liability allocations without teen-safety and jurisdiction-specific review.",true,
MORT-LR-0185,Deliveroo,Trackers Policy,https://deliveroo.ie/cookies,deliveroo.ie,2026-07-19,not visible in reviewed source,United States; United Kingdom,transportation_delivery_platforms,Transportation and delivery platforms,"driver, courier, customer, platform operator",account_and_eligibility | safety_and_conduct | payments_and_fees | privacy_and_retention | location,reviewed_direct_and_tracked,current Open Terms Archive text version mapped to the official first-party source,200,https://deliveroo.ie/cookies,text/markdown,7ee6d74a4a556ae5a45a4c4fe8ab86b15c364e04ab25c8523b1594c0576b238a,https://raw.githubusercontent.com/OpenTermsArchive/contrib-versions/main/Deliveroo/Trackers%20Policy.md,https://raw.githubusercontent.com/OpenTermsArchive/contrib-declarations/main/declarations/Deliveroo.json,,,"Deliveroo's Trackers Policy addresses account and eligibility, safety and conduct, payments and fees, privacy and retention for transportation and delivery platforms. MORT can use the observed pattern as comparative input, but must draft its own teen-safe language and obtain jurisdiction-specific attorney review.","Uses stated conduct, risk, restriction, reporting, or safety controls; MORT must retain emergency escalation and victim-centered treatment.","Addresses payment, fees, refunds, wages, or transaction duties; MORT must still state that its current flow records preferences and obligations without processing funds.",No detailed dispute path was observed in this document.,No material minor-user treatment was observed; this gap makes the source unsuitable as a complete model for MORT.,"Addresses personal information, privacy rights, retention, or deletion; MORT must apply minimization to location, evidence, documents, and youth data.",Addresses location or address data; MORT should release exact job locations only after authorization and record the release state.,No material identity-verification process was observed in this document.,No detailed liability or insurance allocation was observed in this document.,not observed in reviewed source,not observed in reviewed source,not observed in reviewed source,"Separate platform, worker, customer, timing, payment, location, and safety duties while avoiding a conclusive worker-classification label.","Do not import adult-only eligibility assumptions, broad waivers, conclusive contractor labels, forced-dispute terms, or liability allocations without teen-safety and jurisdiction-specific review.",true,
MORT-LR-0186,Donkey Republic,Privacy Policy,https://www.donkey.bike/privacy-policy,www.donkey.bike,2026-07-19,not visible in reviewed source,European Union / EEA,transportation_delivery_platforms,Transportation and delivery platforms,"driver, courier, customer, platform operator",account_and_eligibility | payments_and_fees | disputes_and_appeals | privacy_and_retention | location | identity_and_verification | moderation_and_enforcement,reviewed_direct_and_tracked,current Open Terms Archive text version mapped to the official first-party source,200,https://www.donkey.bike/privacy-policy,text/markdown,45320162b32e3e25c8046dd33d1846adf33f2f2b5d337f769b8c3a015b553a42,https://raw.githubusercontent.com/OpenTermsArchive/contrib-versions/main/Donkey%20Republic/Privacy%20Policy.md,https://raw.githubusercontent.com/OpenTermsArchive/contrib-declarations/main/declarations/Donkey%20Republic.json,,,"Donkey Republic's Privacy Policy addresses account and eligibility, payments and fees, disputes and appeals, privacy and retention for transportation and delivery platforms. MORT can use the observed pattern as comparative input, but must draft its own teen-safe language and obtain jurisdiction-specific attorney review.","No detailed safety framework was observed in this document; MORT needs a separate, explicit safety policy.","Addresses payment, fees, refunds, wages, or transaction duties; MORT must still state that its current flow records preferences and obligations without processing funds.","Provides a complaint, dispute, mediation, arbitration, or appeal pattern; MORT must preserve private review and avoid promising court outcomes.",No material minor-user treatment was observed; this gap makes the source unsuitable as a complete model for MORT.,"Addresses personal information, privacy rights, retention, or deletion; MORT must apply minimization to location, evidence, documents, and youth data.",Addresses location or address data; MORT should release exact job locations only after authorization and record the release state.,"Discusses identity, screening, background checks, or biometrics; MORT must label each signal precisely and avoid calling nonauthoritative checks identity proof.",No detailed liability or insurance allocation was observed in this document.,not observed in reviewed source,not observed in reviewed source,not observed in reviewed source,"Separate platform, worker, customer, timing, payment, location, and safety duties while avoiding a conclusive worker-classification label.","Do not import adult-only eligibility assumptions, broad waivers, conclusive contractor labels, forced-dispute terms, or liability allocations without teen-safety and jurisdiction-specific review.",true,
MORT-LR-0187,FedEx,Privacy Policy,https://www.fedex.com/en-fr/privacy-policy.html,www.fedex.com,2026-07-19,not visible in reviewed source,United States,transportation_delivery_platforms,Transportation and delivery platforms,"driver, courier, customer, platform operator",account_and_eligibility | safety_and_conduct | payments_and_fees | disputes_and_appeals | privacy_and_retention | location | identity_and_verification | moderation_and_enforcement,reviewed_direct_and_tracked,current Open Terms Archive text version mapped to the official first-party source,200,https://www.fedex.com/en-fr/privacy-policy.html,text/markdown,691cb7525dc7cad7dbce696c2acbb7da03a62dcbee7dc485999848af8490a6a9,https://raw.githubusercontent.com/OpenTermsArchive/contrib-versions/main/FedEx/Privacy%20Policy.md,https://raw.githubusercontent.com/OpenTermsArchive/contrib-declarations/main/declarations/FedEx.json,,,"FedEx's Privacy Policy addresses account and eligibility, safety and conduct, payments and fees, disputes and appeals for transportation and delivery platforms. MORT can use the observed pattern as comparative input, but must draft its own teen-safe language and obtain jurisdiction-specific attorney review.","Uses stated conduct, risk, restriction, reporting, or safety controls; MORT must retain emergency escalation and victim-centered treatment.","Addresses payment, fees, refunds, wages, or transaction duties; MORT must still state that its current flow records preferences and obligations without processing funds.","Provides a complaint, dispute, mediation, arbitration, or appeal pattern; MORT must preserve private review and avoid promising court outcomes.",No material minor-user treatment was observed; this gap makes the source unsuitable as a complete model for MORT.,"Addresses personal information, privacy rights, retention, or deletion; MORT must apply minimization to location, evidence, documents, and youth data.",Addresses location or address data; MORT should release exact job locations only after authorization and record the release state.,"Discusses identity, screening, background checks, or biometrics; MORT must label each signal precisely and avoid calling nonauthoritative checks identity proof.",No detailed liability or insurance allocation was observed in this document.,not observed in reviewed source,not observed in reviewed source,not observed in reviewed source,"Separate platform, worker, customer, timing, payment, location, and safety duties while avoiding a conclusive worker-classification label.","Do not import adult-only eligibility assumptions, broad waivers, conclusive contractor labels, forced-dispute terms, or liability allocations without teen-safety and jurisdiction-specific review.",true,
MORT-LR-0188,FedEx,Terms of Service,https://www.fedex.com/en-fr/terms-of-use.html,www.fedex.com,2026-07-19,not visible in reviewed source,United States; United Kingdom,transportation_delivery_platforms,Transportation and delivery platforms,"driver, courier, customer, platform operator",account_and_eligibility | safety_and_conduct | payments_and_fees | privacy_and_retention | location | liability_and_insurance | minors_and_guardians | moderation_and_enforcement,reviewed_direct_and_tracked,current Open Terms Archive text version mapped to the official first-party source,200,https://www.fedex.com/en-fr/terms-of-use.html,text/markdown,f6070bb3aade3b6a695836b4189e122ef1558411ad74b6f91cdc9c1bdbcfc285,https://raw.githubusercontent.com/OpenTermsArchive/contrib-versions/main/FedEx/Terms%20of%20Service.md,https://raw.githubusercontent.com/OpenTermsArchive/contrib-declarations/main/declarations/FedEx.json,,,"FedEx's Terms of Service addresses account and eligibility, safety and conduct, payments and fees, privacy and retention for transportation and delivery platforms. MORT can use the observed pattern as comparative input, but must draft its own teen-safe language and obtain jurisdiction-specific attorney review.","Uses stated conduct, risk, restriction, reporting, or safety controls; MORT must retain emergency escalation and victim-centered treatment.","Addresses payment, fees, refunds, wages, or transaction duties; MORT must still state that its current flow records preferences and obligations without processing funds.",No detailed dispute path was observed in this document.,"Contains child, youth, age, parent, or guardian treatment that requires comparison with MORT's 13-17 role and optional Guardian Mode.","Addresses personal information, privacy rights, retention, or deletion; MORT must apply minimization to location, evidence, documents, and youth data.",Addresses location or address data; MORT should release exact job locations only after authorization and record the release state.,No material identity-verification process was observed in this document.,"Contains liability, warranty, indemnity, or insurance allocation that cannot be transferred to MORT without attorney review and nonwaivable-right analysis.",not observed in reviewed source,not observed in reviewed source,present in reviewed source,"Separate platform, worker, customer, timing, payment, location, and safety duties while avoiding a conclusive worker-classification label.","Do not import adult-only eligibility assumptions, broad waivers, conclusive contractor labels, forced-dispute terms, or liability allocations without teen-safety and jurisdiction-specific review.",true,
MORT-LR-0189,Instacart,Terms of Service,https://www.instacart.com/terms,www.instacart.com,2026-07-19,"May 7, 2026",United States; Canada,transportation_delivery_platforms,Transportation and delivery platforms,"driver, courier, customer, platform operator",account_and_eligibility | safety_and_conduct | payments_and_fees | disputes_and_appeals | privacy_and_retention | location | identity_and_verification | liability_and_insurance | minors_and_guardians | moderation_and_enforcement,reviewed_direct_and_tracked,current Open Terms Archive text version mapped to the official first-party source,200,https://www.instacart.com/terms,text/markdown,caf559770e271dd7007498eb58a9d1f35ddf33c3983219d297372cc1d6dfd4a9,https://raw.githubusercontent.com/OpenTermsArchive/contrib-versions/main/Instacart/Terms%20of%20Service.md,https://raw.githubusercontent.com/OpenTermsArchive/contrib-declarations/main/declarations/Instacart.json,,,"Instacart's Terms of Service addresses account and eligibility, safety and conduct, payments and fees, disputes and appeals for transportation and delivery platforms. MORT can use the observed pattern as comparative input, but must draft its own teen-safe language and obtain jurisdiction-specific attorney review.","Uses stated conduct, risk, restriction, reporting, or safety controls; MORT must retain emergency escalation and victim-centered treatment.","Addresses payment, fees, refunds, wages, or transaction duties; MORT must still state that its current flow records preferences and obligations without processing funds.","Provides a complaint, dispute, mediation, arbitration, or appeal pattern; MORT must preserve private review and avoid promising court outcomes.","Contains child, youth, age, parent, or guardian treatment that requires comparison with MORT's 13-17 role and optional Guardian Mode.","Addresses personal information, privacy rights, retention, or deletion; MORT must apply minimization to location, evidence, documents, and youth data.",Addresses location or address data; MORT should release exact job locations only after authorization and record the release state.,"Discusses identity, screening, background checks, or biometrics; MORT must label each signal precisely and avoid calling nonauthoritative checks identity proof.","Contains liability, warranty, indemnity, or insurance allocation that cannot be transferred to MORT without attorney review and nonwaivable-right analysis.",present in reviewed source,present in reviewed source,present in reviewed source,"Separate platform, worker, customer, timing, payment, location, and safety duties while avoiding a conclusive worker-classification label.","Do not import adult-only eligibility assumptions, broad waivers, conclusive contractor labels, forced-dispute terms, or liability allocations without teen-safety and jurisdiction-specific review.",true,
MORT-LR-0190,Instacart,Privacy Policy,https://www.instacart.com/privacy,www.instacart.com,2026-07-19,"January 15, 2026",Canada,transportation_delivery_platforms,Transportation and delivery platforms,"driver, courier, customer, platform operator",account_and_eligibility | safety_and_conduct | payments_and_fees | disputes_and_appeals | privacy_and_retention | location | identity_and_verification | liability_and_insurance | minors_and_guardians | moderation_and_enforcement,reviewed_direct_and_tracked,current Open Terms Archive text version mapped to the official first-party source,200,https://www.instacart.com/privacy,text/markdown,b36a6d6e13ef9c12c290353f1bee315105298f475edc754ecc54f65dccaf3339,https://raw.githubusercontent.com/OpenTermsArchive/contrib-versions/main/Instacart/Privacy%20Policy.md,https://raw.githubusercontent.com/OpenTermsArchive/contrib-declarations/main/declarations/Instacart.json,,,"Instacart's Privacy Policy addresses account and eligibility, safety and conduct, payments and fees, disputes and appeals for transportation and delivery platforms. MORT can use the observed pattern as comparative input, but must draft its own teen-safe language and obtain jurisdiction-specific attorney review.","Uses stated conduct, risk, restriction, reporting, or safety controls; MORT must retain emergency escalation and victim-centered treatment.","Addresses payment, fees, refunds, wages, or transaction duties; MORT must still state that its current flow records preferences and obligations without processing funds.","Provides a complaint, dispute, mediation, arbitration, or appeal pattern; MORT must preserve private review and avoid promising court outcomes.","Contains child, youth, age, parent, or guardian treatment that requires comparison with MORT's 13-17 role and optional Guardian Mode.","Addresses personal information, privacy rights, retention, or deletion; MORT must apply minimization to location, evidence, documents, and youth data.",Addresses location or address data; MORT should release exact job locations only after authorization and record the release state.,"Discusses identity, screening, background checks, or biometrics; MORT must label each signal precisely and avoid calling nonauthoritative checks identity proof.","Contains liability, warranty, indemnity, or insurance allocation that cannot be transferred to MORT without attorney review and nonwaivable-right analysis.",not observed in reviewed source,not observed in reviewed source,not observed in reviewed source,"Separate platform, worker, customer, timing, payment, location, and safety duties while avoiding a conclusive worker-classification label.","Do not import adult-only eligibility assumptions, broad waivers, conclusive contractor labels, forced-dispute terms, or liability allocations without teen-safety and jurisdiction-specific review.",true,
MORT-LR-0191,Lyft,Terms of Service,https://www.lyft.com/terms,www.lyft.com,2026-07-19,"February 9, 2026",multi-jurisdiction or source-specific,transportation_delivery_platforms,Transportation and delivery platforms,"driver, courier, customer, platform operator",account_and_eligibility | safety_and_conduct | payments_and_fees | disputes_and_appeals | privacy_and_retention | location | identity_and_verification | liability_and_insurance | minors_and_guardians | moderation_and_enforcement,reviewed_direct_and_tracked,current Open Terms Archive text version mapped to the official first-party source,200,https://www.lyft.com/terms,text/markdown,86f3de6c39ddf2373db8fd57287e967847d07b83955ca7f2cfe85e4e8a5088bb,https://raw.githubusercontent.com/OpenTermsArchive/contrib-versions/main/Lyft/Terms%20of%20Service.md,https://raw.githubusercontent.com/OpenTermsArchive/contrib-declarations/main/declarations/Lyft.json,,,"Lyft's Terms of Service addresses account and eligibility, safety and conduct, payments and fees, disputes and appeals for transportation and delivery platforms. MORT can use the observed pattern as comparative input, but must draft its own teen-safe language and obtain jurisdiction-specific attorney review.","Uses stated conduct, risk, restriction, reporting, or safety controls; MORT must retain emergency escalation and victim-centered treatment.","Addresses payment, fees, refunds, wages, or transaction duties; MORT must still state that its current flow records preferences and obligations without processing funds.","Provides a complaint, dispute, mediation, arbitration, or appeal pattern; MORT must preserve private review and avoid promising court outcomes.","Contains child, youth, age, parent, or guardian treatment that requires comparison with MORT's 13-17 role and optional Guardian Mode.","Addresses personal information, privacy rights, retention, or deletion; MORT must apply minimization to location, evidence, documents, and youth data.",Addresses location or address data; MORT should release exact job locations only after authorization and record the release state.,"Discusses identity, screening, background checks, or biometrics; MORT must label each signal precisely and avoid calling nonauthoritative checks identity proof.","Contains liability, warranty, indemnity, or insurance allocation that cannot be transferred to MORT without attorney review and nonwaivable-right analysis.",present in reviewed source,present in reviewed source,present in reviewed source,"Separate platform, worker, customer, timing, payment, location, and safety duties while avoiding a conclusive worker-classification label.","Do not import adult-only eligibility assumptions, broad waivers, conclusive contractor labels, forced-dispute terms, or liability allocations without teen-safety and jurisdiction-specific review.",true,
MORT-LR-0192,Lyft,Privacy Policy,https://www.lyft.com/privacy,www.lyft.com,2026-07-19,"July 1, 2026",United Kingdom; Canada,transportation_delivery_platforms,Transportation and delivery platforms,"driver, courier, customer, platform operator",account_and_eligibility | safety_and_conduct | payments_and_fees | disputes_and_appeals | privacy_and_retention | location | identity_and_verification | liability_and_insurance | minors_and_guardians,reviewed_direct_and_tracked,current Open Terms Archive text version mapped to the official first-party source,200,https://www.lyft.com/privacy,text/markdown,91937410f6c50136b64f5f043f270c09fce192980999ff5d67b74ace7e69a039,https://raw.githubusercontent.com/OpenTermsArchive/contrib-versions/main/Lyft/Privacy%20Policy.md,https://raw.githubusercontent.com/OpenTermsArchive/contrib-declarations/main/declarations/Lyft.json,,,"Lyft's Privacy Policy addresses account and eligibility, safety and conduct, payments and fees, disputes and appeals for transportation and delivery platforms. MORT can use the observed pattern as comparative input, but must draft its own teen-safe language and obtain jurisdiction-specific attorney review.","Uses stated conduct, risk, restriction, reporting, or safety controls; MORT must retain emergency escalation and victim-centered treatment.","Addresses payment, fees, refunds, wages, or transaction duties; MORT must still state that its current flow records preferences and obligations without processing funds.","Provides a complaint, dispute, mediation, arbitration, or appeal pattern; MORT must preserve private review and avoid promising court outcomes.","Contains child, youth, age, parent, or guardian treatment that requires comparison with MORT's 13-17 role and optional Guardian Mode.","Addresses personal information, privacy rights, retention, or deletion; MORT must apply minimization to location, evidence, documents, and youth data.",Addresses location or address data; MORT should release exact job locations only after authorization and record the release state.,"Discusses identity, screening, background checks, or biometrics; MORT must label each signal precisely and avoid calling nonauthoritative checks identity proof.","Contains liability, warranty, indemnity, or insurance allocation that cannot be transferred to MORT without attorney review and nonwaivable-right analysis.",not observed in reviewed source,not observed in reviewed source,not observed in reviewed source,"Separate platform, worker, customer, timing, payment, location, and safety duties while avoiding a conclusive worker-classification label.","Do not import adult-only eligibility assumptions, broad waivers, conclusive contractor labels, forced-dispute terms, or liability allocations without teen-safety and jurisdiction-specific review.",true,
MORT-LR-0193,Waze,Terms of Service,https://support.google.com/waze/answer/12140670?hl=en,support.google.com,2026-07-19,not visible in reviewed source,multi-jurisdiction or source-specific,transportation_delivery_platforms,Transportation and delivery platforms,"driver, courier, customer, platform operator",account_and_eligibility | safety_and_conduct | payments_and_fees | disputes_and_appeals | privacy_and_retention | location | liability_and_insurance | minors_and_guardians | moderation_and_enforcement,reviewed_direct_and_tracked,current Open Terms Archive text version mapped to the official first-party source,200,https://support.google.com/waze/answer/12373727?hl=en&visit_id=639200334034988538-1534523107&rd=1,text/markdown,44401314cf672b670703e962dc8b27655b9ca4abb8ca4ceb71caee91a47461df,https://raw.githubusercontent.com/OpenTermsArchive/contrib-versions/main/Waze/Terms%20of%20Service.md,https://raw.githubusercontent.com/OpenTermsArchive/contrib-declarations/main/declarations/Waze.json,,,"Waze's Terms of Service addresses account and eligibility, safety and conduct, payments and fees, disputes and appeals for transportation and delivery platforms. MORT can use the observed pattern as comparative input, but must draft its own teen-safe language and obtain jurisdiction-specific attorney review.","Uses stated conduct, risk, restriction, reporting, or safety controls; MORT must retain emergency escalation and victim-centered treatment.","Addresses payment, fees, refunds, wages, or transaction duties; MORT must still state that its current flow records preferences and obligations without processing funds.","Provides a complaint, dispute, mediation, arbitration, or appeal pattern; MORT must preserve private review and avoid promising court outcomes.","Contains child, youth, age, parent, or guardian treatment that requires comparison with MORT's 13-17 role and optional Guardian Mode.","Addresses personal information, privacy rights, retention, or deletion; MORT must apply minimization to location, evidence, documents, and youth data.",Addresses location or address data; MORT should release exact job locations only after authorization and record the release state.,No material identity-verification process was observed in this document.,"Contains liability, warranty, indemnity, or insurance allocation that cannot be transferred to MORT without attorney review and nonwaivable-right analysis.",not observed in reviewed source,not observed in reviewed source,present in reviewed source,"Separate platform, worker, customer, timing, payment, location, and safety duties while avoiding a conclusive worker-classification label.","Do not import adult-only eligibility assumptions, broad waivers, conclusive contractor labels, forced-dispute terms, or liability allocations without teen-safety and jurisdiction-specific review.",true,
MORT-LR-0194,Waze,Privacy Policy,https://support.google.com/waze/answer/12075406?hl=en,support.google.com,2026-07-19,not visible in reviewed source,multi-jurisdiction or source-specific,transportation_delivery_platforms,Transportation and delivery platforms,"driver, courier, customer, platform operator",account_and_eligibility | safety_and_conduct | payments_and_fees | disputes_and_appeals | privacy_and_retention | location | identity_and_verification | liability_and_insurance | minors_and_guardians | moderation_and_enforcement,reviewed_direct_and_tracked,current Open Terms Archive text version mapped to the official first-party source,200,https://support.google.com/waze/answer/12075406?hl=en,text/markdown,3ae3f316e64b417a7ce86d5796c48940843b7f367fa50c5aa798ce340fde3bea,https://raw.githubusercontent.com/OpenTermsArchive/contrib-versions/main/Waze/Privacy%20Policy.md,https://raw.githubusercontent.com/OpenTermsArchive/contrib-declarations/main/declarations/Waze.json,,,"Waze's Privacy Policy addresses account and eligibility, safety and conduct, payments and fees, disputes and appeals for transportation and delivery platforms. MORT can use the observed pattern as comparative input, but must draft its own teen-safe language and obtain jurisdiction-specific attorney review.","Uses stated conduct, risk, restriction, reporting, or safety controls; MORT must retain emergency escalation and victim-centered treatment.","Addresses payment, fees, refunds, wages, or transaction duties; MORT must still state that its current flow records preferences and obligations without processing funds.","Provides a complaint, dispute, mediation, arbitration, or appeal pattern; MORT must preserve private review and avoid promising court outcomes.","Contains child, youth, age, parent, or guardian treatment that requires comparison with MORT's 13-17 role and optional Guardian Mode.","Addresses personal information, privacy rights, retention, or deletion; MORT must apply minimization to location, evidence, documents, and youth data.",Addresses location or address data; MORT should release exact job locations only after authorization and record the release state.,"Discusses identity, screening, background checks, or biometrics; MORT must label each signal precisely and avoid calling nonauthoritative checks identity proof.","Contains liability, warranty, indemnity, or insurance allocation that cannot be transferred to MORT without attorney review and nonwaivable-right analysis.",not observed in reviewed source,not observed in reviewed source,not observed in reviewed source,"Separate platform, worker, customer, timing, payment, location, and safety duties while avoiding a conclusive worker-classification label.","Do not import adult-only eligibility assumptions, broad waivers, conclusive contractor labels, forced-dispute terms, or liability allocations without teen-safety and jurisdiction-specific review.",true,
MORT-LR-0195,Waze,Trackers Policy,https://support.google.com/waze/answer/12075407?hl=en,support.google.com,2026-07-19,not visible in reviewed source,multi-jurisdiction or source-specific,transportation_delivery_platforms,Transportation and delivery platforms,"driver, courier, customer, platform operator",privacy_and_retention | location | identity_and_verification,reviewed_direct_and_tracked,current Open Terms Archive text version mapped to the official first-party source,200,https://support.google.com/waze/answer/12075407?hl=en,text/markdown,597c862223f2d209ee3afade69b92e4decda380e331e96c957f64b1572ad3ff4,https://raw.githubusercontent.com/OpenTermsArchive/contrib-versions/main/Waze/Trackers%20Policy.md,https://raw.githubusercontent.com/OpenTermsArchive/contrib-declarations/main/declarations/Waze.json,,,"Waze's Trackers Policy addresses privacy and retention, location, identity and verification for transportation and delivery platforms. MORT can use the observed pattern as comparative input, but must draft its own teen-safe language and obtain jurisdiction-specific attorney review.","No detailed safety framework was observed in this document; MORT needs a separate, explicit safety policy.",No material payment process was observed in this document.,No detailed dispute path was observed in this document.,No material minor-user treatment was observed; this gap makes the source unsuitable as a complete model for MORT.,"Addresses personal information, privacy rights, retention, or deletion; MORT must apply minimization to location, evidence, documents, and youth data.",Addresses location or address data; MORT should release exact job locations only after authorization and record the release state.,"Discusses identity, screening, background checks, or biometrics; MORT must label each signal precisely and avoid calling nonauthoritative checks identity proof.",No detailed liability or insurance allocation was observed in this document.,not observed in reviewed source,not observed in reviewed source,not observed in reviewed source,"Separate platform, worker, customer, timing, payment, location, and safety duties while avoiding a conclusive worker-classification label.","Do not import adult-only eligibility assumptions, broad waivers, conclusive contractor labels, forced-dispute terms, or liability allocations without teen-safety and jurisdiction-specific review.",true,
MORT-LR-0196,Waze,Copyright Claims Policy,https://support.google.com/waze/answer/12075342?hl=en,support.google.com,2026-07-19,not visible in reviewed source,United States,transportation_delivery_platforms,Transportation and delivery platforms,"driver, courier, customer, platform operator",account_and_eligibility | payments_and_fees | location | moderation_and_enforcement,reviewed_direct_and_tracked,current Open Terms Archive text version mapped to the official first-party source,200,https://support.google.com/waze/answer/12075342?hl=en,text/markdown,78f1ff7f5338d9c766a648e8b066f4828c676d5833b512a2104fdbd2a39c03e8,https://raw.githubusercontent.com/OpenTermsArchive/contrib-versions/main/Waze/Copyright%20Claims%20Policy.md,https://raw.githubusercontent.com/OpenTermsArchive/contrib-declarations/main/declarations/Waze.json,,,"Waze's Copyright Claims Policy addresses account and eligibility, payments and fees, location, moderation and enforcement for transportation and delivery platforms. MORT can use the observed pattern as comparative input, but must draft its own teen-safe language and obtain jurisdiction-specific attorney review.","No detailed safety framework was observed in this document; MORT needs a separate, explicit safety policy.","Addresses payment, fees, refunds, wages, or transaction duties; MORT must still state that its current flow records preferences and obligations without processing funds.",No detailed dispute path was observed in this document.,No material minor-user treatment was observed; this gap makes the source unsuitable as a complete model for MORT.,No detailed privacy or retention treatment was observed in this document.,Addresses location or address data; MORT should release exact job locations only after authorization and record the release state.,No material identity-verification process was observed in this document.,No detailed liability or insurance allocation was observed in this document.,not observed in reviewed source,not observed in reviewed source,not observed in reviewed source,"Separate platform, worker, customer, timing, payment, location, and safety duties while avoiding a conclusive worker-classification label.","Do not import adult-only eligibility assumptions, broad waivers, conclusive contractor labels, forced-dispute terms, or liability allocations without teen-safety and jurisdiction-specific review.",true,
MORT-LR-0197,Deutsche Bahn,Terms of Service,https://www.bahn.com/en/terms-of-use/customer-accounts-terms-of-use,www.bahn.com,2026-07-19,not visible in reviewed source,multi-jurisdiction or source-specific,transportation_delivery_platforms,Transportation and delivery platforms,"driver, courier, customer, platform operator",account_and_eligibility | payments_and_fees | disputes_and_appeals | privacy_and_retention | location | identity_and_verification | liability_and_insurance | moderation_and_enforcement,reviewed_direct_and_tracked,current Open Terms Archive text version mapped to the official first-party source,200,https://int.bahn.de/en/terms-of-use/customer-accounts-terms-of-use,text/markdown,a2fad30361bc06ec80a7c247a900022d24ec6253397e3d43a283141fe870fd7d,https://raw.githubusercontent.com/OpenTermsArchive/contrib-versions/main/Deutsche%20Bahn/Terms%20of%20Service.md,https://raw.githubusercontent.com/OpenTermsArchive/contrib-declarations/main/declarations/Deutsche%20Bahn.json,,,"Deutsche Bahn's Terms of Service addresses account and eligibility, payments and fees, disputes and appeals, privacy and retention for transportation and delivery platforms. MORT can use the observed pattern as comparative input, but must draft its own teen-safe language and obtain jurisdiction-specific attorney review.","No detailed safety framework was observed in this document; MORT needs a separate, explicit safety policy.","Addresses payment, fees, refunds, wages, or transaction duties; MORT must still state that its current flow records preferences and obligations without processing funds.","Provides a complaint, dispute, mediation, arbitration, or appeal pattern; MORT must preserve private review and avoid promising court outcomes.",No material minor-user treatment was observed; this gap makes the source unsuitable as a complete model for MORT.,"Addresses personal information, privacy rights, retention, or deletion; MORT must apply minimization to location, evidence, documents, and youth data.",Addresses location or address data; MORT should release exact job locations only after authorization and record the release state.,"Discusses identity, screening, background checks, or biometrics; MORT must label each signal precisely and avoid calling nonauthoritative checks identity proof.","Contains liability, warranty, indemnity, or insurance allocation that cannot be transferred to MORT without attorney review and nonwaivable-right analysis.",present in reviewed source,not observed in reviewed source,not observed in reviewed source,"Separate platform, worker, customer, timing, payment, location, and safety duties while avoiding a conclusive worker-classification label.","Do not import adult-only eligibility assumptions, broad waivers, conclusive contractor labels, forced-dispute terms, or liability allocations without teen-safety and jurisdiction-specific review.",true,
MORT-LR-0198,Deutsche Bahn,Privacy Policy,https://www.bahn.com/en/privacy/privacy-customer,www.bahn.com,2026-07-19,not visible in reviewed source,European Union / EEA,transportation_delivery_platforms,Transportation and delivery platforms,"driver, courier, customer, platform operator",account_and_eligibility | payments_and_fees | disputes_and_appeals | privacy_and_retention | location | identity_and_verification | liability_and_insurance | moderation_and_enforcement,reviewed_direct_and_tracked,current Open Terms Archive text version mapped to the official first-party source,200,https://int.bahn.de/en/privacy/privacy-customer,text/markdown,d370591bae16924110bbd3bd81904a5e8cc63ed470d70236e81a3ea21ca6a1d3,https://raw.githubusercontent.com/OpenTermsArchive/contrib-versions/main/Deutsche%20Bahn/Privacy%20Policy.md,https://raw.githubusercontent.com/OpenTermsArchive/contrib-declarations/main/declarations/Deutsche%20Bahn.json,,,"Deutsche Bahn's Privacy Policy addresses account and eligibility, payments and fees, disputes and appeals, privacy and retention for transportation and delivery platforms. MORT can use the observed pattern as comparative input, but must draft its own teen-safe language and obtain jurisdiction-specific attorney review.","No detailed safety framework was observed in this document; MORT needs a separate, explicit safety policy.","Addresses payment, fees, refunds, wages, or transaction duties; MORT must still state that its current flow records preferences and obligations without processing funds.","Provides a complaint, dispute, mediation, arbitration, or appeal pattern; MORT must preserve private review and avoid promising court outcomes.",No material minor-user treatment was observed; this gap makes the source unsuitable as a complete model for MORT.,"Addresses personal information, privacy rights, retention, or deletion; MORT must apply minimization to location, evidence, documents, and youth data.",Addresses location or address data; MORT should release exact job locations only after authorization and record the release state.,"Discusses identity, screening, background checks, or biometrics; MORT must label each signal precisely and avoid calling nonauthoritative checks identity proof.","Contains liability, warranty, indemnity, or insurance allocation that cannot be transferred to MORT without attorney review and nonwaivable-right analysis.",not observed in reviewed source,not observed in reviewed source,not observed in reviewed source,"Separate platform, worker, customer, timing, payment, location, and safety duties while avoiding a conclusive worker-classification label.","Do not import adult-only eligibility assumptions, broad waivers, conclusive contractor labels, forced-dispute terms, or liability allocations without teen-safety and jurisdiction-specific review.",true,
MORT-LR-0199,Facebook,Privacy Policy,https://fr-fr.facebook.com/privacy/explanation,fr-fr.facebook.com,2026-07-19,not visible in reviewed source,multi-jurisdiction or source-specific,social_community_platforms,Social networks and community platforms,"member, moderator, minor user, platform operator",account_and_eligibility | safety_and_conduct | payments_and_fees | privacy_and_retention | location,reviewed_direct_and_tracked,current Open Terms Archive text version mapped to the official first-party source,200,https://fr-fr.facebook.com/privacy/policy/?entry_point=data_policy_redirect&entry=0,text/markdown,a5278c45c3c7235f079f93164ebd051b0a36c41d327e6398b391165997f562b8,https://raw.githubusercontent.com/OpenTermsArchive/contrib-versions/main/Facebook/Privacy%20Policy.md,https://raw.githubusercontent.com/OpenTermsArchive/contrib-declarations/main/declarations/Facebook.json,,,"Facebook's Privacy Policy addresses account and eligibility, safety and conduct, payments and fees, privacy and retention for social networks and community platforms. MORT can use the observed pattern as comparative input, but must draft its own teen-safe language and obtain jurisdiction-specific attorney review.","Uses stated conduct, risk, restriction, reporting, or safety controls; MORT must retain emergency escalation and victim-centered treatment.","Addresses payment, fees, refunds, wages, or transaction duties; MORT must still state that its current flow records preferences and obligations without processing funds.",No detailed dispute path was observed in this document.,No material minor-user treatment was observed; this gap makes the source unsuitable as a complete model for MORT.,"Addresses personal information, privacy rights, retention, or deletion; MORT must apply minimization to location, evidence, documents, and youth data.",Addresses location or address data; MORT should release exact job locations only after authorization and record the release state.,No material identity-verification process was observed in this document.,No detailed liability or insurance allocation was observed in this document.,not observed in reviewed source,not observed in reviewed source,not observed in reviewed source,"Publish enforceable conduct rules, transparent moderation and appeals, child-safety escalation, and narrow lawful-request handling.","Do not import adult-only eligibility assumptions, broad waivers, conclusive contractor labels, forced-dispute terms, or liability allocations without teen-safety and jurisdiction-specific review.",true,
MORT-LR-0200,Facebook,Terms of Service,https://fr-fr.facebook.com/legal/terms/plain_text_terms,fr-fr.facebook.com,2026-07-19,not visible in reviewed source,multi-jurisdiction or source-specific,social_community_platforms,Social networks and community platforms,"member, moderator, minor user, platform operator",payments_and_fees | privacy_and_retention | moderation_and_enforcement,reviewed_direct_and_tracked,current Open Terms Archive text version mapped to the official first-party source,200,https://mbasic.facebook.com/legal/terms/plain_text_terms/,text/markdown,057bbc272b66604d45e510b8aa1af325864e477b3e7267e864e9b4b9c695425b,https://raw.githubusercontent.com/OpenTermsArchive/contrib-versions/main/Facebook/Terms%20of%20Service.md,https://raw.githubusercontent.com/OpenTermsArchive/contrib-declarations/main/declarations/Facebook.json,,,"Facebook's Terms of Service addresses payments and fees, privacy and retention, moderation and enforcement for social networks and community platforms. MORT can use the observed pattern as comparative input, but must draft its own teen-safe language and obtain jurisdiction-specific attorney review.","No detailed safety framework was observed in this document; MORT needs a separate, explicit safety policy.","Addresses payment, fees, refunds, wages, or transaction duties; MORT must still state that its current flow records preferences and obligations without processing funds.",No detailed dispute path was observed in this document.,No material minor-user treatment was observed; this gap makes the source unsuitable as a complete model for MORT.,"Addresses personal information, privacy rights, retention, or deletion; MORT must apply minimization to location, evidence, documents, and youth data.",No material location treatment was observed in this document.,No material identity-verification process was observed in this document.,No detailed liability or insurance allocation was observed in this document.,not observed in reviewed source,not observed in reviewed source,not observed in reviewed source,"Publish enforceable conduct rules, transparent moderation and appeals, child-safety escalation, and narrow lawful-request handling.","Do not import adult-only eligibility assumptions, broad waivers, conclusive contractor labels, forced-dispute terms, or liability allocations without teen-safety and jurisdiction-specific review.",true,
MORT-LR-0201,Facebook,Developer Terms,https://developers.facebook.com/policy,developers.facebook.com,2026-07-19,not visible in reviewed source,United States,social_community_platforms,Social networks and community platforms,"member, moderator, minor user, platform operator",account_and_eligibility | safety_and_conduct | payments_and_fees | disputes_and_appeals | privacy_and_retention | location | identity_and_verification | liability_and_insurance | minors_and_guardians | moderation_and_enforcement,reviewed_direct_and_tracked,current Open Terms Archive text version mapped to the official first-party source,200,https://developers.facebook.com/terms/,text/markdown,0813aa36be195de2412da13b9afb7c7c7a65374cb7b6b095007b1bd4f4d45752,https://raw.githubusercontent.com/OpenTermsArchive/contrib-versions/main/Facebook/Developer%20Terms.md,https://raw.githubusercontent.com/OpenTermsArchive/contrib-declarations/main/declarations/Facebook.json,,,"Facebook's Developer Terms addresses account and eligibility, safety and conduct, payments and fees, disputes and appeals for social networks and community platforms. MORT can use the observed pattern as comparative input, but must draft its own teen-safe language and obtain jurisdiction-specific attorney review.","Uses stated conduct, risk, restriction, reporting, or safety controls; MORT must retain emergency escalation and victim-centered treatment.","Addresses payment, fees, refunds, wages, or transaction duties; MORT must still state that its current flow records preferences and obligations without processing funds.","Provides a complaint, dispute, mediation, arbitration, or appeal pattern; MORT must preserve private review and avoid promising court outcomes.","Contains child, youth, age, parent, or guardian treatment that requires comparison with MORT's 13-17 role and optional Guardian Mode.","Addresses personal information, privacy rights, retention, or deletion; MORT must apply minimization to location, evidence, documents, and youth data.",Addresses location or address data; MORT should release exact job locations only after authorization and record the release state.,"Discusses identity, screening, background checks, or biometrics; MORT must label each signal precisely and avoid calling nonauthoritative checks identity proof.","Contains liability, warranty, indemnity, or insurance allocation that cannot be transferred to MORT without attorney review and nonwaivable-right analysis.",not observed in reviewed source,not observed in reviewed source,present in reviewed source,"Publish enforceable conduct rules, transparent moderation and appeals, child-safety escalation, and narrow lawful-request handling.","Do not import adult-only eligibility assumptions, broad waivers, conclusive contractor labels, forced-dispute terms, or liability allocations without teen-safety and jurisdiction-specific review.",true,
MORT-LR-0202,Facebook,Trackers Policy,https://www.facebook.com/policies/cookies,www.facebook.com,2026-07-19,not visible in reviewed source,multi-jurisdiction or source-specific,social_community_platforms,Social networks and community platforms,"member, moderator, minor user, platform operator",account_and_eligibility | payments_and_fees | privacy_and_retention | moderation_and_enforcement,reviewed_direct_and_tracked,current Open Terms Archive text version mapped to the official first-party source,200,https://www.facebook.com/privacy/policies/cookies/?entry_point=cookie_policy_redirect&entry=0,text/markdown,7ce1e00e177a5cdb3f1aaaec1f708072dc7ea2d7695ea63187ed139f73a511f8,https://raw.githubusercontent.com/OpenTermsArchive/contrib-versions/main/Facebook/Trackers%20Policy.md,https://raw.githubusercontent.com/OpenTermsArchive/contrib-declarations/main/declarations/Facebook.json,,,"Facebook's Trackers Policy addresses account and eligibility, payments and fees, privacy and retention, moderation and enforcement for social networks and community platforms. MORT can use the observed pattern as comparative input, but must draft its own teen-safe language and obtain jurisdiction-specific attorney review.","No detailed safety framework was observed in this document; MORT needs a separate, explicit safety policy.","Addresses payment, fees, refunds, wages, or transaction duties; MORT must still state that its current flow records preferences and obligations without processing funds.",No detailed dispute path was observed in this document.,No material minor-user treatment was observed; this gap makes the source unsuitable as a complete model for MORT.,"Addresses personal information, privacy rights, retention, or deletion; MORT must apply minimization to location, evidence, documents, and youth data.",No material location treatment was observed in this document.,No material identity-verification process was observed in this document.,No detailed liability or insurance allocation was observed in this document.,not observed in reviewed source,not observed in reviewed source,not observed in reviewed source,"Publish enforceable conduct rules, transparent moderation and appeals, child-safety escalation, and narrow lawful-request handling.","Do not import adult-only eligibility assumptions, broad waivers, conclusive contractor labels, forced-dispute terms, or liability allocations without teen-safety and jurisdiction-specific review.",true,
MORT-LR-0203,Instagram,Terms of Service,https://help.instagram.com/581066165581870,help.instagram.com,2026-07-19,not visible in reviewed source,multi-jurisdiction or source-specific,social_community_platforms,Social networks and community platforms,"member, moderator, minor user, platform operator",account_and_eligibility | safety_and_conduct | payments_and_fees | disputes_and_appeals | privacy_and_retention | location | identity_and_verification | liability_and_insurance | moderation_and_enforcement,reviewed_direct_and_tracked,current Open Terms Archive text version mapped to the official first-party source,200,https://help.instagram.com/581066165581870,text/markdown,b59c53263a58a8836f310268dc30510724a1389b4a63de31e54dd1d008f8d03a,https://raw.githubusercontent.com/OpenTermsArchive/contrib-versions/main/Instagram/Terms%20of%20Service.md,https://raw.githubusercontent.com/OpenTermsArchive/contrib-declarations/main/declarations/Instagram.json,,,"Instagram's Terms of Service addresses account and eligibility, safety and conduct, payments and fees, disputes and appeals for social networks and community platforms. MORT can use the observed pattern as comparative input, but must draft its own teen-safe language and obtain jurisdiction-specific attorney review.","Uses stated conduct, risk, restriction, reporting, or safety controls; MORT must retain emergency escalation and victim-centered treatment.","Addresses payment, fees, refunds, wages, or transaction duties; MORT must still state that its current flow records preferences and obligations without processing funds.","Provides a complaint, dispute, mediation, arbitration, or appeal pattern; MORT must preserve private review and avoid promising court outcomes.",No material minor-user treatment was observed; this gap makes the source unsuitable as a complete model for MORT.,"Addresses personal information, privacy rights, retention, or deletion; MORT must apply minimization to location, evidence, documents, and youth data.",Addresses location or address data; MORT should release exact job locations only after authorization and record the release state.,"Discusses identity, screening, background checks, or biometrics; MORT must label each signal precisely and avoid calling nonauthoritative checks identity proof.","Contains liability, warranty, indemnity, or insurance allocation that cannot be transferred to MORT without attorney review and nonwaivable-right analysis.",not observed in reviewed source,not observed in reviewed source,not observed in reviewed source,"Publish enforceable conduct rules, transparent moderation and appeals, child-safety escalation, and narrow lawful-request handling.","Do not import adult-only eligibility assumptions, broad waivers, conclusive contractor labels, forced-dispute terms, or liability allocations without teen-safety and jurisdiction-specific review.",true,
MORT-LR-0204,Instagram,Privacy Policy,https://privacycenter.instagram.com/policy,privacycenter.instagram.com,2026-07-19,"December 16, 2025",multi-jurisdiction or source-specific,social_community_platforms,Social networks and community platforms,"member, moderator, minor user, platform operator",account_and_eligibility | safety_and_conduct | payments_and_fees | disputes_and_appeals | privacy_and_retention | location | moderation_and_enforcement,reviewed_direct_and_tracked,current Open Terms Archive text version mapped to the official first-party source,200,https://privacycenter.instagram.com/policy/,text/markdown,1d74094e94d4c48cf4a7d12c103052ec617a2f9e2ebe8ee84b1d07a4a2a7dc0a,https://raw.githubusercontent.com/OpenTermsArchive/contrib-versions/main/Instagram/Privacy%20Policy.md,https://raw.githubusercontent.com/OpenTermsArchive/contrib-declarations/main/declarations/Instagram.json,,,"Instagram's Privacy Policy addresses account and eligibility, safety and conduct, payments and fees, disputes and appeals for social networks and community platforms. MORT can use the observed pattern as comparative input, but must draft its own teen-safe language and obtain jurisdiction-specific attorney review.","Uses stated conduct, risk, restriction, reporting, or safety controls; MORT must retain emergency escalation and victim-centered treatment.","Addresses payment, fees, refunds, wages, or transaction duties; MORT must still state that its current flow records preferences and obligations without processing funds.","Provides a complaint, dispute, mediation, arbitration, or appeal pattern; MORT must preserve private review and avoid promising court outcomes.",No material minor-user treatment was observed; this gap makes the source unsuitable as a complete model for MORT.,"Addresses personal information, privacy rights, retention, or deletion; MORT must apply minimization to location, evidence, documents, and youth data.",Addresses location or address data; MORT should release exact job locations only after authorization and record the release state.,No material identity-verification process was observed in this document.,No detailed liability or insurance allocation was observed in this document.,not observed in reviewed source,not observed in reviewed source,not observed in reviewed source,"Publish enforceable conduct rules, transparent moderation and appeals, child-safety escalation, and narrow lawful-request handling.","Do not import adult-only eligibility assumptions, broad waivers, conclusive contractor labels, forced-dispute terms, or liability allocations without teen-safety and jurisdiction-specific review.",true,
MORT-LR-0205,Instagram,Community Guidelines,https://help.instagram.com/477434105621119,help.instagram.com,2026-07-19,not visible in reviewed source,multi-jurisdiction or source-specific,social_community_platforms,Social networks and community platforms,"member, moderator, minor user, platform operator",account_and_eligibility | safety_and_conduct | payments_and_fees | disputes_and_appeals | privacy_and_retention | identity_and_verification | minors_and_guardians | moderation_and_enforcement,reviewed_direct_and_tracked,current Open Terms Archive text version mapped to the official first-party source,200,https://transparency.meta.com/policies/community-standards/,text/markdown,63eb13e892862b1c84bc394edeb6cea9169f2cdfca155621ab8ca4cae13ddcfe,https://raw.githubusercontent.com/OpenTermsArchive/contrib-versions/main/Instagram/Community%20Guidelines.md,https://raw.githubusercontent.com/OpenTermsArchive/contrib-declarations/main/declarations/Instagram.json,,,"Instagram's Community Guidelines addresses account and eligibility, safety and conduct, payments and fees, disputes and appeals for social networks and community platforms. MORT can use the observed pattern as comparative input, but must draft its own teen-safe language and obtain jurisdiction-specific attorney review.","Uses stated conduct, risk, restriction, reporting, or safety controls; MORT must retain emergency escalation and victim-centered treatment.","Addresses payment, fees, refunds, wages, or transaction duties; MORT must still state that its current flow records preferences and obligations without processing funds.","Provides a complaint, dispute, mediation, arbitration, or appeal pattern; MORT must preserve private review and avoid promising court outcomes.","Contains child, youth, age, parent, or guardian treatment that requires comparison with MORT's 13-17 role and optional Guardian Mode.","Addresses personal information, privacy rights, retention, or deletion; MORT must apply minimization to location, evidence, documents, and youth data.",No material location treatment was observed in this document.,"Discusses identity, screening, background checks, or biometrics; MORT must label each signal precisely and avoid calling nonauthoritative checks identity proof.",No detailed liability or insurance allocation was observed in this document.,not observed in reviewed source,not observed in reviewed source,not observed in reviewed source,"Publish enforceable conduct rules, transparent moderation and appeals, child-safety escalation, and narrow lawful-request handling.","Do not import adult-only eligibility assumptions, broad waivers, conclusive contractor labels, forced-dispute terms, or liability allocations without teen-safety and jurisdiction-specific review.",true,
MORT-LR-0206,Instagram,Law Enforcement Guidelines,https://help.instagram.com/494561080557017,help.instagram.com,2026-07-19,not visible in reviewed source,United States; United Kingdom,social_community_platforms,Social networks and community platforms,"member, moderator, minor user, platform operator",account_and_eligibility | safety_and_conduct | payments_and_fees | privacy_and_retention | location | identity_and_verification | minors_and_guardians,reviewed_direct_and_tracked,current Open Terms Archive text version mapped to the official first-party source,200,https://help.instagram.com/494561080557017,text/markdown,8c6f1c20adad663b0feb91f4afcba7cd5cd7535edfdd234d2ff34cdb1be1cfe9,https://raw.githubusercontent.com/OpenTermsArchive/contrib-versions/main/Instagram/Law%20Enforcement%20Guidelines.md,https://raw.githubusercontent.com/OpenTermsArchive/contrib-declarations/main/declarations/Instagram.json,,,"Instagram's Law Enforcement Guidelines addresses account and eligibility, safety and conduct, payments and fees, privacy and retention for social networks and community platforms. MORT can use the observed pattern as comparative input, but must draft its own teen-safe language and obtain jurisdiction-specific attorney review.","Uses stated conduct, risk, restriction, reporting, or safety controls; MORT must retain emergency escalation and victim-centered treatment.","Addresses payment, fees, refunds, wages, or transaction duties; MORT must still state that its current flow records preferences and obligations without processing funds.",No detailed dispute path was observed in this document.,"Contains child, youth, age, parent, or guardian treatment that requires comparison with MORT's 13-17 role and optional Guardian Mode.","Addresses personal information, privacy rights, retention, or deletion; MORT must apply minimization to location, evidence, documents, and youth data.",Addresses location or address data; MORT should release exact job locations only after authorization and record the release state.,"Discusses identity, screening, background checks, or biometrics; MORT must label each signal precisely and avoid calling nonauthoritative checks identity proof.",No detailed liability or insurance allocation was observed in this document.,not observed in reviewed source,not observed in reviewed source,not observed in reviewed source,"Publish enforceable conduct rules, transparent moderation and appeals, child-safety escalation, and narrow lawful-request handling.","Do not import adult-only eligibility assumptions, broad waivers, conclusive contractor labels, forced-dispute terms, or liability allocations without teen-safety and jurisdiction-specific review.",true,
MORT-LR-0207,Instagram,Developer Terms,https://developers.facebook.com/terms,developers.facebook.com,2026-07-19,"February 3, 2026",United States,social_community_platforms,Social networks and community platforms,"member, moderator, minor user, platform operator",account_and_eligibility | safety_and_conduct | payments_and_fees | disputes_and_appeals | privacy_and_retention | location | identity_and_verification | liability_and_insurance | minors_and_guardians | moderation_and_enforcement,reviewed_direct_and_tracked,current Open Terms Archive text version mapped to the official first-party source,200,https://developers.facebook.com/terms,text/markdown,357da0519942abaf3823e1e2e27fef66d577228a5e55ab3bf7988c6f3e76b9a3,https://raw.githubusercontent.com/OpenTermsArchive/contrib-versions/main/Instagram/Developer%20Terms.md,https://raw.githubusercontent.com/OpenTermsArchive/contrib-declarations/main/declarations/Instagram.json,,,"Instagram's Developer Terms addresses account and eligibility, safety and conduct, payments and fees, disputes and appeals for social networks and community platforms. MORT can use the observed pattern as comparative input, but must draft its own teen-safe language and obtain jurisdiction-specific attorney review.","Uses stated conduct, risk, restriction, reporting, or safety controls; MORT must retain emergency escalation and victim-centered treatment.","Addresses payment, fees, refunds, wages, or transaction duties; MORT must still state that its current flow records preferences and obligations without processing funds.","Provides a complaint, dispute, mediation, arbitration, or appeal pattern; MORT must preserve private review and avoid promising court outcomes.","Contains child, youth, age, parent, or guardian treatment that requires comparison with MORT's 13-17 role and optional Guardian Mode.","Addresses personal information, privacy rights, retention, or deletion; MORT must apply minimization to location, evidence, documents, and youth data.",Addresses location or address data; MORT should release exact job locations only after authorization and record the release state.,"Discusses identity, screening, background checks, or biometrics; MORT must label each signal precisely and avoid calling nonauthoritative checks identity proof.","Contains liability, warranty, indemnity, or insurance allocation that cannot be transferred to MORT without attorney review and nonwaivable-right analysis.",not observed in reviewed source,not observed in reviewed source,present in reviewed source,"Publish enforceable conduct rules, transparent moderation and appeals, child-safety escalation, and narrow lawful-request handling.","Do not import adult-only eligibility assumptions, broad waivers, conclusive contractor labels, forced-dispute terms, or liability allocations without teen-safety and jurisdiction-specific review.",true,
MORT-LR-0208,TikTok,Terms of Service,https://www.tiktok.com/legal/terms-of-use?lang=en,www.tiktok.com,2026-07-19,not visible in reviewed source,United Kingdom; European Union / EEA,social_community_platforms,Social networks and community platforms,"member, moderator, minor user, platform operator",account_and_eligibility | safety_and_conduct | payments_and_fees | disputes_and_appeals | privacy_and_retention | location | identity_and_verification | liability_and_insurance | minors_and_guardians | moderation_and_enforcement,reviewed_direct_and_tracked,current Open Terms Archive text version mapped to the official first-party source,200,https://www.tiktok.com/legal/page/us/terms-of-service/en,text/markdown,90d833dcafa15694497a30295c3509bbf4885a2fc9da8bb862c4b3cfa1a0c985,https://raw.githubusercontent.com/OpenTermsArchive/contrib-versions/main/TikTok/Terms%20of%20Service.md,https://raw.githubusercontent.com/OpenTermsArchive/contrib-declarations/main/declarations/TikTok.json,,,"TikTok's Terms of Service addresses account and eligibility, safety and conduct, payments and fees, disputes and appeals for social networks and community platforms. MORT can use the observed pattern as comparative input, but must draft its own teen-safe language and obtain jurisdiction-specific attorney review.","Uses stated conduct, risk, restriction, reporting, or safety controls; MORT must retain emergency escalation and victim-centered treatment.","Addresses payment, fees, refunds, wages, or transaction duties; MORT must still state that its current flow records preferences and obligations without processing funds.","Provides a complaint, dispute, mediation, arbitration, or appeal pattern; MORT must preserve private review and avoid promising court outcomes.","Contains child, youth, age, parent, or guardian treatment that requires comparison with MORT's 13-17 role and optional Guardian Mode.","Addresses personal information, privacy rights, retention, or deletion; MORT must apply minimization to location, evidence, documents, and youth data.",Addresses location or address data; MORT should release exact job locations only after authorization and record the release state.,"Discusses identity, screening, background checks, or biometrics; MORT must label each signal precisely and avoid calling nonauthoritative checks identity proof.","Contains liability, warranty, indemnity, or insurance allocation that cannot be transferred to MORT without attorney review and nonwaivable-right analysis.",not observed in reviewed source,not observed in reviewed source,not observed in reviewed source,"Publish enforceable conduct rules, transparent moderation and appeals, child-safety escalation, and narrow lawful-request handling.","Do not import adult-only eligibility assumptions, broad waivers, conclusive contractor labels, forced-dispute terms, or liability allocations without teen-safety and jurisdiction-specific review.",true,
MORT-LR-0209,TikTok,Privacy Policy,https://www.tiktok.com/legal/page/eea/privacy-policy/en,www.tiktok.com,2026-07-19,not visible in reviewed source,United Kingdom,social_community_platforms,Social networks and community platforms,"member, moderator, minor user, platform operator",account_and_eligibility | safety_and_conduct | payments_and_fees | disputes_and_appeals | privacy_and_retention | location | identity_and_verification | minors_and_guardians | moderation_and_enforcement,reviewed_direct_and_tracked,current Open Terms Archive text version mapped to the official first-party source,200,https://www.tiktok.com/legal/page/eea/privacy-policy/en,text/markdown,475111f42dc8d7dd446f70dd78c84caab43863670dbc65656c63f1a41e932e83,https://raw.githubusercontent.com/OpenTermsArchive/contrib-versions/main/TikTok/Privacy%20Policy.md,https://raw.githubusercontent.com/OpenTermsArchive/contrib-declarations/main/declarations/TikTok.json,,,"TikTok's Privacy Policy addresses account and eligibility, safety and conduct, payments and fees, disputes and appeals for social networks and community platforms. MORT can use the observed pattern as comparative input, but must draft its own teen-safe language and obtain jurisdiction-specific attorney review.","Uses stated conduct, risk, restriction, reporting, or safety controls; MORT must retain emergency escalation and victim-centered treatment.","Addresses payment, fees, refunds, wages, or transaction duties; MORT must still state that its current flow records preferences and obligations without processing funds.","Provides a complaint, dispute, mediation, arbitration, or appeal pattern; MORT must preserve private review and avoid promising court outcomes.","Contains child, youth, age, parent, or guardian treatment that requires comparison with MORT's 13-17 role and optional Guardian Mode.","Addresses personal information, privacy rights, retention, or deletion; MORT must apply minimization to location, evidence, documents, and youth data.",Addresses location or address data; MORT should release exact job locations only after authorization and record the release state.,"Discusses identity, screening, background checks, or biometrics; MORT must label each signal precisely and avoid calling nonauthoritative checks identity proof.",No detailed liability or insurance allocation was observed in this document.,not observed in reviewed source,not observed in reviewed source,not observed in reviewed source,"Publish enforceable conduct rules, transparent moderation and appeals, child-safety escalation, and narrow lawful-request handling.","Do not import adult-only eligibility assumptions, broad waivers, conclusive contractor labels, forced-dispute terms, or liability allocations without teen-safety and jurisdiction-specific review.",true,
MORT-LR-0210,TikTok,Community Guidelines,https://www.tiktok.com/community-guidelines?lang=en,www.tiktok.com,2026-07-19,"September 13, 2025",multi-jurisdiction or source-specific,social_community_platforms,Social networks and community platforms,"member, moderator, minor user, platform operator",account_and_eligibility | safety_and_conduct | payments_and_fees | disputes_and_appeals | privacy_and_retention | location | identity_and_verification | minors_and_guardians | moderation_and_enforcement,reviewed_direct_and_tracked,current Open Terms Archive text version mapped to the official first-party source,200,https://www.tiktok.com/safety/en/policies-and-engagement/overview,text/markdown,728466faf44aaf2cc432a1d2b71b8939ed35715f947d1e0bc49de7975d0b96e3,https://raw.githubusercontent.com/OpenTermsArchive/contrib-versions/main/TikTok/Community%20Guidelines.md,https://raw.githubusercontent.com/OpenTermsArchive/contrib-declarations/main/declarations/TikTok.json,,,"TikTok's Community Guidelines addresses account and eligibility, safety and conduct, payments and fees, disputes and appeals for social networks and community platforms. MORT can use the observed pattern as comparative input, but must draft its own teen-safe language and obtain jurisdiction-specific attorney review.","Uses stated conduct, risk, restriction, reporting, or safety controls; MORT must retain emergency escalation and victim-centered treatment.","Addresses payment, fees, refunds, wages, or transaction duties; MORT must still state that its current flow records preferences and obligations without processing funds.","Provides a complaint, dispute, mediation, arbitration, or appeal pattern; MORT must preserve private review and avoid promising court outcomes.","Contains child, youth, age, parent, or guardian treatment that requires comparison with MORT's 13-17 role and optional Guardian Mode.","Addresses personal information, privacy rights, retention, or deletion; MORT must apply minimization to location, evidence, documents, and youth data.",Addresses location or address data; MORT should release exact job locations only after authorization and record the release state.,"Discusses identity, screening, background checks, or biometrics; MORT must label each signal precisely and avoid calling nonauthoritative checks identity proof.",No detailed liability or insurance allocation was observed in this document.,not observed in reviewed source,not observed in reviewed source,not observed in reviewed source,"Publish enforceable conduct rules, transparent moderation and appeals, child-safety escalation, and narrow lawful-request handling.","Do not import adult-only eligibility assumptions, broad waivers, conclusive contractor labels, forced-dispute terms, or liability allocations without teen-safety and jurisdiction-specific review.",true,
MORT-LR-0211,TikTok,Law Enforcement Guidelines,https://www.tiktok.com/legal/law-enforcement?lang=en,www.tiktok.com,2026-07-19,"January 22, 2026",United States; United Kingdom; European Union / EEA,social_community_platforms,Social networks and community platforms,"member, moderator, minor user, platform operator",account_and_eligibility | safety_and_conduct | payments_and_fees | privacy_and_retention | location | minors_and_guardians,reviewed_direct_and_tracked,current Open Terms Archive text version mapped to the official first-party source,200,https://www.tiktok.com/safety/en/tools-and-guides/tiktok-law-enforcement-guidelines,text/markdown,f1c7f9ffbb2b8f0369f65da5d647e2dccaa0a6734297b4c90b213857ad30fb74,https://raw.githubusercontent.com/OpenTermsArchive/contrib-versions/main/TikTok/Law%20Enforcement%20Guidelines.md,https://raw.githubusercontent.com/OpenTermsArchive/contrib-declarations/main/declarations/TikTok.json,,,"TikTok's Law Enforcement Guidelines addresses account and eligibility, safety and conduct, payments and fees, privacy and retention for social networks and community platforms. MORT can use the observed pattern as comparative input, but must draft its own teen-safe language and obtain jurisdiction-specific attorney review.","Uses stated conduct, risk, restriction, reporting, or safety controls; MORT must retain emergency escalation and victim-centered treatment.","Addresses payment, fees, refunds, wages, or transaction duties; MORT must still state that its current flow records preferences and obligations without processing funds.",No detailed dispute path was observed in this document.,"Contains child, youth, age, parent, or guardian treatment that requires comparison with MORT's 13-17 role and optional Guardian Mode.","Addresses personal information, privacy rights, retention, or deletion; MORT must apply minimization to location, evidence, documents, and youth data.",Addresses location or address data; MORT should release exact job locations only after authorization and record the release state.,No material identity-verification process was observed in this document.,No detailed liability or insurance allocation was observed in this document.,not observed in reviewed source,not observed in reviewed source,not observed in reviewed source,"Publish enforceable conduct rules, transparent moderation and appeals, child-safety escalation, and narrow lawful-request handling.","Do not import adult-only eligibility assumptions, broad waivers, conclusive contractor labels, forced-dispute terms, or liability allocations without teen-safety and jurisdiction-specific review.",true,
MORT-LR-0212,Snapchat,Terms of Service,https://www.snap.com/en-GB/terms,www.snap.com,2026-07-19,15 August 2023,United States; United Kingdom,social_community_platforms,Social networks and community platforms,"member, moderator, minor user, platform operator",account_and_eligibility | safety_and_conduct | payments_and_fees | disputes_and_appeals | privacy_and_retention | location | liability_and_insurance | minors_and_guardians | moderation_and_enforcement,reviewed_direct_and_tracked,current Open Terms Archive text version mapped to the official first-party source,200,https://www.snap.com/terms?lang=en-GB,text/markdown,4b10dce6d455017d2045f7931c3c9979729deafcb57a923e67d3cacf64239519,https://raw.githubusercontent.com/OpenTermsArchive/contrib-versions/main/Snapchat/Terms%20of%20Service.md,https://raw.githubusercontent.com/OpenTermsArchive/contrib-declarations/main/declarations/Snapchat.json,,,"Snapchat's Terms of Service addresses account and eligibility, safety and conduct, payments and fees, disputes and appeals for social networks and community platforms. MORT can use the observed pattern as comparative input, but must draft its own teen-safe language and obtain jurisdiction-specific attorney review.","Uses stated conduct, risk, restriction, reporting, or safety controls; MORT must retain emergency escalation and victim-centered treatment.","Addresses payment, fees, refunds, wages, or transaction duties; MORT must still state that its current flow records preferences and obligations without processing funds.","Provides a complaint, dispute, mediation, arbitration, or appeal pattern; MORT must preserve private review and avoid promising court outcomes.","Contains child, youth, age, parent, or guardian treatment that requires comparison with MORT's 13-17 role and optional Guardian Mode.","Addresses personal information, privacy rights, retention, or deletion; MORT must apply minimization to location, evidence, documents, and youth data.",Addresses location or address data; MORT should release exact job locations only after authorization and record the release state.,No material identity-verification process was observed in this document.,"Contains liability, warranty, indemnity, or insurance allocation that cannot be transferred to MORT without attorney review and nonwaivable-right analysis.",present in reviewed source,not observed in reviewed source,present in reviewed source,"Publish enforceable conduct rules, transparent moderation and appeals, child-safety escalation, and narrow lawful-request handling.","Do not import adult-only eligibility assumptions, broad waivers, conclusive contractor labels, forced-dispute terms, or liability allocations without teen-safety and jurisdiction-specific review.",true,
MORT-LR-0213,Snapchat,Privacy Policy,https://www.snap.com/en-GB/privacy/privacy-policy,www.snap.com,2026-07-19,7 April 2025,United Kingdom,social_community_platforms,Social networks and community platforms,"member, moderator, minor user, platform operator",account_and_eligibility | safety_and_conduct | payments_and_fees | privacy_and_retention | location | identity_and_verification | minors_and_guardians,reviewed_direct_and_tracked,current Open Terms Archive text version mapped to the official first-party source,200,https://values.snap.com/privacy/privacy-policy?lang=en-GB,text/markdown,13da16f497d38c03608d352f95b94a557e16c20b51c06144618ffb5e4c1c4782,https://raw.githubusercontent.com/OpenTermsArchive/contrib-versions/main/Snapchat/Privacy%20Policy.md,https://raw.githubusercontent.com/OpenTermsArchive/contrib-declarations/main/declarations/Snapchat.json,,,"Snapchat's Privacy Policy addresses account and eligibility, safety and conduct, payments and fees, privacy and retention for social networks and community platforms. MORT can use the observed pattern as comparative input, but must draft its own teen-safe language and obtain jurisdiction-specific attorney review.","Uses stated conduct, risk, restriction, reporting, or safety controls; MORT must retain emergency escalation and victim-centered treatment.","Addresses payment, fees, refunds, wages, or transaction duties; MORT must still state that its current flow records preferences and obligations without processing funds.",No detailed dispute path was observed in this document.,"Contains child, youth, age, parent, or guardian treatment that requires comparison with MORT's 13-17 role and optional Guardian Mode.","Addresses personal information, privacy rights, retention, or deletion; MORT must apply minimization to location, evidence, documents, and youth data.",Addresses location or address data; MORT should release exact job locations only after authorization and record the release state.,"Discusses identity, screening, background checks, or biometrics; MORT must label each signal precisely and avoid calling nonauthoritative checks identity proof.",No detailed liability or insurance allocation was observed in this document.,not observed in reviewed source,not observed in reviewed source,not observed in reviewed source,"Publish enforceable conduct rules, transparent moderation and appeals, child-safety escalation, and narrow lawful-request handling.","Do not import adult-only eligibility assumptions, broad waivers, conclusive contractor labels, forced-dispute terms, or liability allocations without teen-safety and jurisdiction-specific review.",true,
MORT-LR-0214,Snapchat,Community Guidelines,https://www.snap.com/en-GB/community-guidelines,www.snap.com,2026-07-19,not visible in reviewed source,United States; United Kingdom,social_community_platforms,Social networks and community platforms,"member, moderator, minor user, platform operator",account_and_eligibility | safety_and_conduct | payments_and_fees | privacy_and_retention | identity_and_verification | minors_and_guardians | moderation_and_enforcement,reviewed_direct_and_tracked,current Open Terms Archive text version mapped to the official first-party source,200,https://values.snap.com/policy/policy-community-guidelines?lang=en-GB,text/markdown,1ac5955db1e2ac374984d96401903d8778ff96ca5b2fe83b5b233eba99c7099e,https://raw.githubusercontent.com/OpenTermsArchive/contrib-versions/main/Snapchat/Community%20Guidelines.md,https://raw.githubusercontent.com/OpenTermsArchive/contrib-declarations/main/declarations/Snapchat.json,,,"Snapchat's Community Guidelines addresses account and eligibility, safety and conduct, payments and fees, privacy and retention for social networks and community platforms. MORT can use the observed pattern as comparative input, but must draft its own teen-safe language and obtain jurisdiction-specific attorney review.","Uses stated conduct, risk, restriction, reporting, or safety controls; MORT must retain emergency escalation and victim-centered treatment.","Addresses payment, fees, refunds, wages, or transaction duties; MORT must still state that its current flow records preferences and obligations without processing funds.",No detailed dispute path was observed in this document.,"Contains child, youth, age, parent, or guardian treatment that requires comparison with MORT's 13-17 role and optional Guardian Mode.","Addresses personal information, privacy rights, retention, or deletion; MORT must apply minimization to location, evidence, documents, and youth data.",No material location treatment was observed in this document.,"Discusses identity, screening, background checks, or biometrics; MORT must label each signal precisely and avoid calling nonauthoritative checks identity proof.",No detailed liability or insurance allocation was observed in this document.,not observed in reviewed source,not observed in reviewed source,not observed in reviewed source,"Publish enforceable conduct rules, transparent moderation and appeals, child-safety escalation, and narrow lawful-request handling.","Do not import adult-only eligibility assumptions, broad waivers, conclusive contractor labels, forced-dispute terms, or liability allocations without teen-safety and jurisdiction-specific review.",true,
MORT-LR-0215,Discord,Terms of Service,https://discord.com/terms,discord.com,2026-07-19,"September 29, 2025",United States; Canada,social_community_platforms,Social networks and community platforms,"member, moderator, minor user, platform operator",account_and_eligibility | safety_and_conduct | payments_and_fees | disputes_and_appeals | privacy_and_retention | location | liability_and_insurance | minors_and_guardians | moderation_and_enforcement,reviewed_direct_and_tracked,current Open Terms Archive text version mapped to the official first-party source,200,https://discord.com/terms,text/markdown,118b33c8ffc6d5358f1c29a97a5c5ee4fce5dcd6db0b8a499e2e2e4814774add,https://raw.githubusercontent.com/OpenTermsArchive/contrib-versions/main/Discord/Terms%20of%20Service.md,https://raw.githubusercontent.com/OpenTermsArchive/contrib-declarations/main/declarations/Discord.json,,,"Discord's Terms of Service addresses account and eligibility, safety and conduct, payments and fees, disputes and appeals for social networks and community platforms. MORT can use the observed pattern as comparative input, but must draft its own teen-safe language and obtain jurisdiction-specific attorney review.","Uses stated conduct, risk, restriction, reporting, or safety controls; MORT must retain emergency escalation and victim-centered treatment.","Addresses payment, fees, refunds, wages, or transaction duties; MORT must still state that its current flow records preferences and obligations without processing funds.","Provides a complaint, dispute, mediation, arbitration, or appeal pattern; MORT must preserve private review and avoid promising court outcomes.","Contains child, youth, age, parent, or guardian treatment that requires comparison with MORT's 13-17 role and optional Guardian Mode.","Addresses personal information, privacy rights, retention, or deletion; MORT must apply minimization to location, evidence, documents, and youth data.",Addresses location or address data; MORT should release exact job locations only after authorization and record the release state.,No material identity-verification process was observed in this document.,"Contains liability, warranty, indemnity, or insurance allocation that cannot be transferred to MORT without attorney review and nonwaivable-right analysis.",present in reviewed source,present in reviewed source,present in reviewed source,"Publish enforceable conduct rules, transparent moderation and appeals, child-safety escalation, and narrow lawful-request handling.","Do not import adult-only eligibility assumptions, broad waivers, conclusive contractor labels, forced-dispute terms, or liability allocations without teen-safety and jurisdiction-specific review.",true,
MORT-LR-0216,Discord,Privacy Policy,https://discord.com/privacy,discord.com,2026-07-19,"September 29, 2025",European Union / EEA,social_community_platforms,Social networks and community platforms,"member, moderator, minor user, platform operator",account_and_eligibility | safety_and_conduct | payments_and_fees | disputes_and_appeals | privacy_and_retention | location | identity_and_verification | minors_and_guardians | moderation_and_enforcement,reviewed_direct_and_tracked,current Open Terms Archive text version mapped to the official first-party source,200,https://discord.com/privacy,text/markdown,a8a6e80551b52b1bd14d912bec4c01daf7d0a24f4205c031465e7f58f61b11ed,https://raw.githubusercontent.com/OpenTermsArchive/contrib-versions/main/Discord/Privacy%20Policy.md,https://raw.githubusercontent.com/OpenTermsArchive/contrib-declarations/main/declarations/Discord.json,,,"Discord's Privacy Policy addresses account and eligibility, safety and conduct, payments and fees, disputes and appeals for social networks and community platforms. MORT can use the observed pattern as comparative input, but must draft its own teen-safe language and obtain jurisdiction-specific attorney review.","Uses stated conduct, risk, restriction, reporting, or safety controls; MORT must retain emergency escalation and victim-centered treatment.","Addresses payment, fees, refunds, wages, or transaction duties; MORT must still state that its current flow records preferences and obligations without processing funds.","Provides a complaint, dispute, mediation, arbitration, or appeal pattern; MORT must preserve private review and avoid promising court outcomes.","Contains child, youth, age, parent, or guardian treatment that requires comparison with MORT's 13-17 role and optional Guardian Mode.","Addresses personal information, privacy rights, retention, or deletion; MORT must apply minimization to location, evidence, documents, and youth data.",Addresses location or address data; MORT should release exact job locations only after authorization and record the release state.,"Discusses identity, screening, background checks, or biometrics; MORT must label each signal precisely and avoid calling nonauthoritative checks identity proof.",No detailed liability or insurance allocation was observed in this document.,present in reviewed source,not observed in reviewed source,not observed in reviewed source,"Publish enforceable conduct rules, transparent moderation and appeals, child-safety escalation, and narrow lawful-request handling.","Do not import adult-only eligibility assumptions, broad waivers, conclusive contractor labels, forced-dispute terms, or liability allocations without teen-safety and jurisdiction-specific review.",true,
MORT-LR-0217,Discord,Community Guidelines,https://discord.com/guidelines,discord.com,2026-07-19,"September 29, 2025",United States,social_community_platforms,Social networks and community platforms,"member, moderator, minor user, platform operator",account_and_eligibility | safety_and_conduct | disputes_and_appeals | identity_and_verification | minors_and_guardians | moderation_and_enforcement,reviewed_direct_and_tracked,current Open Terms Archive text version mapped to the official first-party source,200,https://discord.com/guidelines,text/markdown,b14f99946207f0291ceece78a3679bb579f2838539342d900694b1a979bd0ee1,https://raw.githubusercontent.com/OpenTermsArchive/contrib-versions/main/Discord/Community%20Guidelines.md,https://raw.githubusercontent.com/OpenTermsArchive/contrib-declarations/main/declarations/Discord.json,,,"Discord's Community Guidelines addresses account and eligibility, safety and conduct, disputes and appeals, identity and verification for social networks and community platforms. MORT can use the observed pattern as comparative input, but must draft its own teen-safe language and obtain jurisdiction-specific attorney review.","Uses stated conduct, risk, restriction, reporting, or safety controls; MORT must retain emergency escalation and victim-centered treatment.",No material payment process was observed in this document.,"Provides a complaint, dispute, mediation, arbitration, or appeal pattern; MORT must preserve private review and avoid promising court outcomes.","Contains child, youth, age, parent, or guardian treatment that requires comparison with MORT's 13-17 role and optional Guardian Mode.",No detailed privacy or retention treatment was observed in this document.,No material location treatment was observed in this document.,"Discusses identity, screening, background checks, or biometrics; MORT must label each signal precisely and avoid calling nonauthoritative checks identity proof.",No detailed liability or insurance allocation was observed in this document.,not observed in reviewed source,not observed in reviewed source,not observed in reviewed source,"Publish enforceable conduct rules, transparent moderation and appeals, child-safety escalation, and narrow lawful-request handling.","Do not import adult-only eligibility assumptions, broad waivers, conclusive contractor labels, forced-dispute terms, or liability allocations without teen-safety and jurisdiction-specific review.",true,
MORT-LR-0218,Reddit,Terms of Service,https://www.redditinc.com/policies/user-agreement,www.redditinc.com,2026-07-19,"July 1, 2026",United States; United Kingdom; European Union / EEA,social_community_platforms,Social networks and community platforms,"member, moderator, minor user, platform operator",account_and_eligibility | safety_and_conduct | payments_and_fees | disputes_and_appeals | privacy_and_retention | location | liability_and_insurance | minors_and_guardians | moderation_and_enforcement,reviewed_direct_and_tracked,current Open Terms Archive text version mapped to the official first-party source,200,https://redditinc.com/policies/user-agreement,text/markdown,2b11f51e36efd0c2c12664e35c8d4fe09b1bd0e88e1dc6ff3e63444050452c40,https://raw.githubusercontent.com/OpenTermsArchive/contrib-versions/main/Reddit/Terms%20of%20Service.md,https://raw.githubusercontent.com/OpenTermsArchive/contrib-declarations/main/declarations/Reddit.json,,,"Reddit's Terms of Service addresses account and eligibility, safety and conduct, payments and fees, disputes and appeals for social networks and community platforms. MORT can use the observed pattern as comparative input, but must draft its own teen-safe language and obtain jurisdiction-specific attorney review.","Uses stated conduct, risk, restriction, reporting, or safety controls; MORT must retain emergency escalation and victim-centered treatment.","Addresses payment, fees, refunds, wages, or transaction duties; MORT must still state that its current flow records preferences and obligations without processing funds.","Provides a complaint, dispute, mediation, arbitration, or appeal pattern; MORT must preserve private review and avoid promising court outcomes.","Contains child, youth, age, parent, or guardian treatment that requires comparison with MORT's 13-17 role and optional Guardian Mode.","Addresses personal information, privacy rights, retention, or deletion; MORT must apply minimization to location, evidence, documents, and youth data.",Addresses location or address data; MORT should release exact job locations only after authorization and record the release state.,No material identity-verification process was observed in this document.,"Contains liability, warranty, indemnity, or insurance allocation that cannot be transferred to MORT without attorney review and nonwaivable-right analysis.",not observed in reviewed source,not observed in reviewed source,present in reviewed source,"Publish enforceable conduct rules, transparent moderation and appeals, child-safety escalation, and narrow lawful-request handling.","Do not import adult-only eligibility assumptions, broad waivers, conclusive contractor labels, forced-dispute terms, or liability allocations without teen-safety and jurisdiction-specific review.",true,
MORT-LR-0219,Coolmath4Kids,Privacy Policy,https://www.coolmath4kids.com/privacy-policy,www.coolmath4kids.com,2026-07-19,"May 29, 2026",multi-jurisdiction or source-specific,youth_education_school_platforms,"Youth, education, and school platforms","student, parent, educator, school, platform operator",account_and_eligibility | privacy_and_retention | location | minors_and_guardians,reviewed_direct_and_tracked,current Open Terms Archive text version mapped to the official first-party source,200,https://www.coolmath4kids.com/privacy-policy,text/markdown,e3117dd0deb55642fad381b41b247d2235e095ccdbf96cac21ad108263291f3f,https://raw.githubusercontent.com/OpenTermsArchive/contrib-versions/main/Coolmath4Kids/Privacy%20Policy.md,https://raw.githubusercontent.com/OpenTermsArchive/contrib-declarations/main/declarations/Coolmath4Kids.json,,,"Coolmath4Kids's Privacy Policy addresses account and eligibility, privacy and retention, location, minors and guardians for youth, education, and school platforms. MORT can use the observed pattern as comparative input, but must draft its own teen-safe language and obtain jurisdiction-specific attorney review.","No detailed safety framework was observed in this document; MORT needs a separate, explicit safety policy.",No material payment process was observed in this document.,No detailed dispute path was observed in this document.,"Contains child, youth, age, parent, or guardian treatment that requires comparison with MORT's 13-17 role and optional Guardian Mode.","Addresses personal information, privacy rights, retention, or deletion; MORT must apply minimization to location, evidence, documents, and youth data.",Addresses location or address data; MORT should release exact job locations only after authorization and record the release state.,No material identity-verification process was observed in this document.,No detailed liability or insurance allocation was observed in this document.,not observed in reviewed source,not observed in reviewed source,not observed in reviewed source,"Present teen-readable summaries, age-aware privacy controls, school-role boundaries, and guardian consent only where law or policy actually requires it.","Do not import adult-only eligibility assumptions, broad waivers, conclusive contractor labels, forced-dispute terms, or liability allocations without teen-safety and jurisdiction-specific review.",true,
MORT-LR-0220,Coolmath4Kids,Copyright Claims Policy,https://www.coolmath4kids.com/fairuse,www.coolmath4kids.com,2026-07-19,not visible in reviewed source,multi-jurisdiction or source-specific,youth_education_school_platforms,"Youth, education, and school platforms","student, parent, educator, school, platform operator",moderation_and_enforcement,reviewed_direct_and_tracked,current Open Terms Archive text version mapped to the official first-party source,200,https://www.coolmath4kids.com/fairuse,text/markdown,3d140d1376a92297fdcba766aea3a13f8e0f30135a4b870b2f0d5de0318fff66,https://raw.githubusercontent.com/OpenTermsArchive/contrib-versions/main/Coolmath4Kids/Copyright%20Claims%20Policy.md,https://raw.githubusercontent.com/OpenTermsArchive/contrib-declarations/main/declarations/Coolmath4Kids.json,,,"Coolmath4Kids's Copyright Claims Policy addresses moderation and enforcement for youth, education, and school platforms. MORT can use the observed pattern as comparative input, but must draft its own teen-safe language and obtain jurisdiction-specific attorney review.","No detailed safety framework was observed in this document; MORT needs a separate, explicit safety policy.",No material payment process was observed in this document.,No detailed dispute path was observed in this document.,No material minor-user treatment was observed; this gap makes the source unsuitable as a complete model for MORT.,No detailed privacy or retention treatment was observed in this document.,No material location treatment was observed in this document.,No material identity-verification process was observed in this document.,No detailed liability or insurance allocation was observed in this document.,not observed in reviewed source,not observed in reviewed source,not observed in reviewed source,"Present teen-readable summaries, age-aware privacy controls, school-role boundaries, and guardian consent only where law or policy actually requires it.","Do not import adult-only eligibility assumptions, broad waivers, conclusive contractor labels, forced-dispute terms, or liability allocations without teen-safety and jurisdiction-specific review.",true,
MORT-LR-0221,Coursera,Privacy Policy,https://www.coursera.org/about/privacy,www.coursera.org,2026-07-19,"May 11, 2026",United States; United Kingdom,youth_education_school_platforms,"Youth, education, and school platforms","student, parent, educator, school, platform operator",account_and_eligibility | safety_and_conduct | payments_and_fees | disputes_and_appeals | privacy_and_retention | location | identity_and_verification | liability_and_insurance | minors_and_guardians | moderation_and_enforcement,reviewed_direct_and_tracked,current Open Terms Archive text version mapped to the official first-party source,200,https://www.coursera.org/about/privacy,text/markdown,07d4ef5997018aa597c03365573300c5f32ad028e0097cc1f8522b1ac07871ed,https://raw.githubusercontent.com/OpenTermsArchive/contrib-versions/main/Coursera/Privacy%20Policy.md,https://raw.githubusercontent.com/OpenTermsArchive/contrib-declarations/main/declarations/Coursera.json,,,"Coursera's Privacy Policy addresses account and eligibility, safety and conduct, payments and fees, disputes and appeals for youth, education, and school platforms. MORT can use the observed pattern as comparative input, but must draft its own teen-safe language and obtain jurisdiction-specific attorney review.","Uses stated conduct, risk, restriction, reporting, or safety controls; MORT must retain emergency escalation and victim-centered treatment.","Addresses payment, fees, refunds, wages, or transaction duties; MORT must still state that its current flow records preferences and obligations without processing funds.","Provides a complaint, dispute, mediation, arbitration, or appeal pattern; MORT must preserve private review and avoid promising court outcomes.","Contains child, youth, age, parent, or guardian treatment that requires comparison with MORT's 13-17 role and optional Guardian Mode.","Addresses personal information, privacy rights, retention, or deletion; MORT must apply minimization to location, evidence, documents, and youth data.",Addresses location or address data; MORT should release exact job locations only after authorization and record the release state.,"Discusses identity, screening, background checks, or biometrics; MORT must label each signal precisely and avoid calling nonauthoritative checks identity proof.","Contains liability, warranty, indemnity, or insurance allocation that cannot be transferred to MORT without attorney review and nonwaivable-right analysis.",present in reviewed source,not observed in reviewed source,not observed in reviewed source,"Present teen-readable summaries, age-aware privacy controls, school-role boundaries, and guardian consent only where law or policy actually requires it.","Do not import adult-only eligibility assumptions, broad waivers, conclusive contractor labels, forced-dispute terms, or liability allocations without teen-safety and jurisdiction-specific review.",true,
MORT-LR-0222,Coursera,Terms of Service,https://www.coursera.org/about/terms,www.coursera.org,2026-07-19,"January 1, 2026",United States,youth_education_school_platforms,"Youth, education, and school platforms","student, parent, educator, school, platform operator",account_and_eligibility | safety_and_conduct | payments_and_fees | disputes_and_appeals | privacy_and_retention | location | identity_and_verification | liability_and_insurance | minors_and_guardians | moderation_and_enforcement,reviewed_direct_and_tracked,current Open Terms Archive text version mapped to the official first-party source,200,https://www.coursera.org/about/terms,text/markdown,b54811d9f06138fcb5ba5ea282971512338c7819cf9491e0f7b92d3035399034,https://raw.githubusercontent.com/OpenTermsArchive/contrib-versions/main/Coursera/Terms%20of%20Service.md,https://raw.githubusercontent.com/OpenTermsArchive/contrib-declarations/main/declarations/Coursera.json,,,"Coursera's Terms of Service addresses account and eligibility, safety and conduct, payments and fees, disputes and appeals for youth, education, and school platforms. MORT can use the observed pattern as comparative input, but must draft its own teen-safe language and obtain jurisdiction-specific attorney review.","Uses stated conduct, risk, restriction, reporting, or safety controls; MORT must retain emergency escalation and victim-centered treatment.","Addresses payment, fees, refunds, wages, or transaction duties; MORT must still state that its current flow records preferences and obligations without processing funds.","Provides a complaint, dispute, mediation, arbitration, or appeal pattern; MORT must preserve private review and avoid promising court outcomes.","Contains child, youth, age, parent, or guardian treatment that requires comparison with MORT's 13-17 role and optional Guardian Mode.","Addresses personal information, privacy rights, retention, or deletion; MORT must apply minimization to location, evidence, documents, and youth data.",Addresses location or address data; MORT should release exact job locations only after authorization and record the release state.,"Discusses identity, screening, background checks, or biometrics; MORT must label each signal precisely and avoid calling nonauthoritative checks identity proof.","Contains liability, warranty, indemnity, or insurance allocation that cannot be transferred to MORT without attorney review and nonwaivable-right analysis.",present in reviewed source,present in reviewed source,present in reviewed source,"Present teen-readable summaries, age-aware privacy controls, school-role boundaries, and guardian consent only where law or policy actually requires it.","Do not import adult-only eligibility assumptions, broad waivers, conclusive contractor labels, forced-dispute terms, or liability allocations without teen-safety and jurisdiction-specific review.",true,
MORT-LR-0223,Google Classroom,Acceptable Use Policy,https://support.google.com/edu/classroom/answer/7165963?hl=en-GB,support.google.com,2026-07-19,not visible in reviewed source,multi-jurisdiction or source-specific,youth_education_school_platforms,"Youth, education, and school platforms","student, parent, educator, school, platform operator",account_and_eligibility | safety_and_conduct | privacy_and_retention | identity_and_verification | liability_and_insurance | minors_and_guardians | moderation_and_enforcement,reviewed_direct_and_tracked,current Open Terms Archive text version mapped to the official first-party source,200,https://support.google.com/edu/classroom/answer/7165963?hl=en-GB,text/markdown,2ce8f52a6ff83658e297df0bca744f0b959b62a1f488f0af4d7b82186ea18268,https://raw.githubusercontent.com/OpenTermsArchive/contrib-versions/main/Google%20Classroom/Acceptable%20Use%20Policy.md,https://raw.githubusercontent.com/OpenTermsArchive/contrib-declarations/main/declarations/Google%20Classroom.json,,,"Google Classroom's Acceptable Use Policy addresses account and eligibility, safety and conduct, privacy and retention, identity and verification for youth, education, and school platforms. MORT can use the observed pattern as comparative input, but must draft its own teen-safe language and obtain jurisdiction-specific attorney review.","Uses stated conduct, risk, restriction, reporting, or safety controls; MORT must retain emergency escalation and victim-centered treatment.",No material payment process was observed in this document.,No detailed dispute path was observed in this document.,"Contains child, youth, age, parent, or guardian treatment that requires comparison with MORT's 13-17 role and optional Guardian Mode.","Addresses personal information, privacy rights, retention, or deletion; MORT must apply minimization to location, evidence, documents, and youth data.",No material location treatment was observed in this document.,"Discusses identity, screening, background checks, or biometrics; MORT must label each signal precisely and avoid calling nonauthoritative checks identity proof.","Contains liability, warranty, indemnity, or insurance allocation that cannot be transferred to MORT without attorney review and nonwaivable-right analysis.",not observed in reviewed source,not observed in reviewed source,not observed in reviewed source,"Present teen-readable summaries, age-aware privacy controls, school-role boundaries, and guardian consent only where law or policy actually requires it.","Do not import adult-only eligibility assumptions, broad waivers, conclusive contractor labels, forced-dispute terms, or liability allocations without teen-safety and jurisdiction-specific review.",true,
MORT-LR-0224,Roblox,Privacy Policy,https://en.help.roblox.com/hc/en-us/articles/115004630823-Roblox-Privacy-and-Cookie-Policy-,en.help.roblox.com,2026-07-19,"April 30, 2026",United States; United Kingdom; European Union / EEA,youth_education_school_platforms,"Youth, education, and school platforms","student, parent, educator, school, platform operator",account_and_eligibility | safety_and_conduct | payments_and_fees | disputes_and_appeals | privacy_and_retention | location | identity_and_verification | liability_and_insurance | minors_and_guardians | moderation_and_enforcement,reviewed_tracked_snapshot,current Open Terms Archive text version mapped to the official first-party source,403,https://en.help.roblox.com/hc/en-us/articles/115004630823-Roblox-Privacy-and-Cookie-Policy-,text/markdown,c2fd1462f70a39905b7a89738586339e13a0f34bb502b6b31237b8dea2347e68,https://raw.githubusercontent.com/OpenTermsArchive/contrib-versions/main/Roblox/Privacy%20Policy.md,https://raw.githubusercontent.com/OpenTermsArchive/contrib-declarations/main/declarations/Roblox.json,,,"Roblox's Privacy Policy addresses account and eligibility, safety and conduct, payments and fees, disputes and appeals for youth, education, and school platforms. MORT can use the observed pattern as comparative input, but must draft its own teen-safe language and obtain jurisdiction-specific attorney review.","Uses stated conduct, risk, restriction, reporting, or safety controls; MORT must retain emergency escalation and victim-centered treatment.","Addresses payment, fees, refunds, wages, or transaction duties; MORT must still state that its current flow records preferences and obligations without processing funds.","Provides a complaint, dispute, mediation, arbitration, or appeal pattern; MORT must preserve private review and avoid promising court outcomes.","Contains child, youth, age, parent, or guardian treatment that requires comparison with MORT's 13-17 role and optional Guardian Mode.","Addresses personal information, privacy rights, retention, or deletion; MORT must apply minimization to location, evidence, documents, and youth data.",Addresses location or address data; MORT should release exact job locations only after authorization and record the release state.,"Discusses identity, screening, background checks, or biometrics; MORT must label each signal precisely and avoid calling nonauthoritative checks identity proof.","Contains liability, warranty, indemnity, or insurance allocation that cannot be transferred to MORT without attorney review and nonwaivable-right analysis.",present in reviewed source,not observed in reviewed source,not observed in reviewed source,"Present teen-readable summaries, age-aware privacy controls, school-role boundaries, and guardian consent only where law or policy actually requires it.","Do not import adult-only eligibility assumptions, broad waivers, conclusive contractor labels, forced-dispute terms, or liability allocations without teen-safety and jurisdiction-specific review.",true,
MORT-LR-0225,Roblox,Terms of Service,https://en.help.roblox.com/hc/en-us/articles/115004647846-Roblox-Terms-of-Use,en.help.roblox.com,2026-07-19,"May 19, 2026",United States; United Kingdom; European Union / EEA; Canada; Australia,youth_education_school_platforms,"Youth, education, and school platforms","student, parent, educator, school, platform operator",account_and_eligibility | safety_and_conduct | payments_and_fees | disputes_and_appeals | privacy_and_retention | location | identity_and_verification | liability_and_insurance | minors_and_guardians | moderation_and_enforcement,reviewed_tracked_snapshot,current Open Terms Archive text version mapped to the official first-party source,403,https://en.help.roblox.com/hc/en-us/articles/115004647846-Roblox-Terms-of-Use,text/markdown,06ac13842f7306f5d809bb53ee7c0313f48143d8c2bc8ce35b150f27975624ae,https://raw.githubusercontent.com/OpenTermsArchive/contrib-versions/main/Roblox/Terms%20of%20Service.md,https://raw.githubusercontent.com/OpenTermsArchive/contrib-declarations/main/declarations/Roblox.json,,,"Roblox's Terms of Service addresses account and eligibility, safety and conduct, payments and fees, disputes and appeals for youth, education, and school platforms. MORT can use the observed pattern as comparative input, but must draft its own teen-safe language and obtain jurisdiction-specific attorney review.","Uses stated conduct, risk, restriction, reporting, or safety controls; MORT must retain emergency escalation and victim-centered treatment.","Addresses payment, fees, refunds, wages, or transaction duties; MORT must still state that its current flow records preferences and obligations without processing funds.","Provides a complaint, dispute, mediation, arbitration, or appeal pattern; MORT must preserve private review and avoid promising court outcomes.","Contains child, youth, age, parent, or guardian treatment that requires comparison with MORT's 13-17 role and optional Guardian Mode.","Addresses personal information, privacy rights, retention, or deletion; MORT must apply minimization to location, evidence, documents, and youth data.",Addresses location or address data; MORT should release exact job locations only after authorization and record the release state.,"Discusses identity, screening, background checks, or biometrics; MORT must label each signal precisely and avoid calling nonauthoritative checks identity proof.","Contains liability, warranty, indemnity, or insurance allocation that cannot be transferred to MORT without attorney review and nonwaivable-right analysis.",present in reviewed source,present in reviewed source,present in reviewed source,"Present teen-readable summaries, age-aware privacy controls, school-role boundaries, and guardian consent only where law or policy actually requires it.","Do not import adult-only eligibility assumptions, broad waivers, conclusive contractor labels, forced-dispute terms, or liability allocations without teen-safety and jurisdiction-specific review.",true,
MORT-LR-0226,Roblox,Community Guidelines,https://en.help.roblox.com/hc/en-us/articles/203313410-Roblox-Community-Rules,en.help.roblox.com,2026-07-19,"August 15, 2025",United States,youth_education_school_platforms,"Youth, education, and school platforms","student, parent, educator, school, platform operator",account_and_eligibility | safety_and_conduct | payments_and_fees | privacy_and_retention | location | identity_and_verification | minors_and_guardians | moderation_and_enforcement,reviewed_tracked_snapshot,current Open Terms Archive text version mapped to the official first-party source,403,https://en.help.roblox.com/hc/en-us/articles/203313410-Roblox-Community-Rules,text/markdown,971fb34f8b96afb69add28746d18572aa8671df9b20cf370dc3f3f69858cad62,https://raw.githubusercontent.com/OpenTermsArchive/contrib-versions/main/Roblox/Community%20Guidelines.md,https://raw.githubusercontent.com/OpenTermsArchive/contrib-declarations/main/declarations/Roblox.json,,,"Roblox's Community Guidelines addresses account and eligibility, safety and conduct, payments and fees, privacy and retention for youth, education, and school platforms. MORT can use the observed pattern as comparative input, but must draft its own teen-safe language and obtain jurisdiction-specific attorney review.","Uses stated conduct, risk, restriction, reporting, or safety controls; MORT must retain emergency escalation and victim-centered treatment.","Addresses payment, fees, refunds, wages, or transaction duties; MORT must still state that its current flow records preferences and obligations without processing funds.",No detailed dispute path was observed in this document.,"Contains child, youth, age, parent, or guardian treatment that requires comparison with MORT's 13-17 role and optional Guardian Mode.","Addresses personal information, privacy rights, retention, or deletion; MORT must apply minimization to location, evidence, documents, and youth data.",Addresses location or address data; MORT should release exact job locations only after authorization and record the release state.,"Discusses identity, screening, background checks, or biometrics; MORT must label each signal precisely and avoid calling nonauthoritative checks identity proof.",No detailed liability or insurance allocation was observed in this document.,not observed in reviewed source,not observed in reviewed source,not observed in reviewed source,"Present teen-readable summaries, age-aware privacy controls, school-role boundaries, and guardian consent only where law or policy actually requires it.","Do not import adult-only eligibility assumptions, broad waivers, conclusive contractor labels, forced-dispute terms, or liability allocations without teen-safety and jurisdiction-specific review.",true,
MORT-LR-0227,W3Schools,Privacy Policy,https://www.w3schools.com/about/about_privacy.asp,www.w3schools.com,2026-07-19,not visible in reviewed source,United Kingdom,youth_education_school_platforms,"Youth, education, and school platforms","student, parent, educator, school, platform operator",account_and_eligibility | safety_and_conduct | payments_and_fees | disputes_and_appeals | privacy_and_retention | location | identity_and_verification | minors_and_guardians | moderation_and_enforcement,reviewed_direct_and_tracked,current Open Terms Archive text version mapped to the official first-party source,200,https://www.w3schools.com/about/about_privacy.asp,text/markdown,06287eea93a0b49b082c2d87bb70490609b5d55573da91f90d342db9ecac8753,https://raw.githubusercontent.com/OpenTermsArchive/contrib-versions/main/W3Schools/Privacy%20Policy.md,https://raw.githubusercontent.com/OpenTermsArchive/contrib-declarations/main/declarations/W3Schools.json,,,"W3Schools's Privacy Policy addresses account and eligibility, safety and conduct, payments and fees, disputes and appeals for youth, education, and school platforms. MORT can use the observed pattern as comparative input, but must draft its own teen-safe language and obtain jurisdiction-specific attorney review.","Uses stated conduct, risk, restriction, reporting, or safety controls; MORT must retain emergency escalation and victim-centered treatment.","Addresses payment, fees, refunds, wages, or transaction duties; MORT must still state that its current flow records preferences and obligations without processing funds.","Provides a complaint, dispute, mediation, arbitration, or appeal pattern; MORT must preserve private review and avoid promising court outcomes.","Contains child, youth, age, parent, or guardian treatment that requires comparison with MORT's 13-17 role and optional Guardian Mode.","Addresses personal information, privacy rights, retention, or deletion; MORT must apply minimization to location, evidence, documents, and youth data.",Addresses location or address data; MORT should release exact job locations only after authorization and record the release state.,"Discusses identity, screening, background checks, or biometrics; MORT must label each signal precisely and avoid calling nonauthoritative checks identity proof.",No detailed liability or insurance allocation was observed in this document.,not observed in reviewed source,not observed in reviewed source,not observed in reviewed source,"Present teen-readable summaries, age-aware privacy controls, school-role boundaries, and guardian consent only where law or policy actually requires it.","Do not import adult-only eligibility assumptions, broad waivers, conclusive contractor labels, forced-dispute terms, or liability allocations without teen-safety and jurisdiction-specific review.",true,
MORT-LR-0228,W3Schools,Terms of Service,https://www.w3schools.com/about/about_copyright.asp,www.w3schools.com,2026-07-19,not visible in reviewed source,multi-jurisdiction or source-specific,youth_education_school_platforms,"Youth, education, and school platforms","student, parent, educator, school, platform operator",account_and_eligibility | safety_and_conduct | payments_and_fees | disputes_and_appeals | privacy_and_retention | location | liability_and_insurance | minors_and_guardians | moderation_and_enforcement,reviewed_direct_and_tracked,current Open Terms Archive text version mapped to the official first-party source,200,https://www.w3schools.com/about/about_copyright.asp,text/markdown,a452b1f4a215664db4f7e589ffefcc0e5c869636496813fdc607babfd5a175e7,https://raw.githubusercontent.com/OpenTermsArchive/contrib-versions/main/W3Schools/Terms%20of%20Service.md,https://raw.githubusercontent.com/OpenTermsArchive/contrib-declarations/main/declarations/W3Schools.json,,,"W3Schools's Terms of Service addresses account and eligibility, safety and conduct, payments and fees, disputes and appeals for youth, education, and school platforms. MORT can use the observed pattern as comparative input, but must draft its own teen-safe language and obtain jurisdiction-specific attorney review.","Uses stated conduct, risk, restriction, reporting, or safety controls; MORT must retain emergency escalation and victim-centered treatment.","Addresses payment, fees, refunds, wages, or transaction duties; MORT must still state that its current flow records preferences and obligations without processing funds.","Provides a complaint, dispute, mediation, arbitration, or appeal pattern; MORT must preserve private review and avoid promising court outcomes.","Contains child, youth, age, parent, or guardian treatment that requires comparison with MORT's 13-17 role and optional Guardian Mode.","Addresses personal information, privacy rights, retention, or deletion; MORT must apply minimization to location, evidence, documents, and youth data.",Addresses location or address data; MORT should release exact job locations only after authorization and record the release state.,No material identity-verification process was observed in this document.,"Contains liability, warranty, indemnity, or insurance allocation that cannot be transferred to MORT without attorney review and nonwaivable-right analysis.",not observed in reviewed source,not observed in reviewed source,present in reviewed source,"Present teen-readable summaries, age-aware privacy controls, school-role boundaries, and guardian consent only where law or policy actually requires it.","Do not import adult-only eligibility assumptions, broad waivers, conclusive contractor labels, forced-dispute terms, or liability allocations without teen-safety and jurisdiction-specific review.",true,
MORT-LR-0229,VocabularySpellingCity,Privacy Policy,https://www.spellingcity.com/privacy-policy.html,www.spellingcity.com,2026-07-19,not visible in reviewed source,European Union / EEA,youth_education_school_platforms,"Youth, education, and school platforms","student, parent, educator, school, platform operator",account_and_eligibility | safety_and_conduct | payments_and_fees | privacy_and_retention | location | identity_and_verification | liability_and_insurance | minors_and_guardians,reviewed_tracked_snapshot,current Open Terms Archive text version mapped to the official first-party source,403,https://www.learninga-z.com/site/lp2/vsc-to-vocabulary-a-z,text/markdown,ebaddcf67534412c680620f8ee80fde4beedb1458515b95b7ca4bc6e285c3a06,https://raw.githubusercontent.com/OpenTermsArchive/contrib-versions/main/VocabularySpellingCity/Privacy%20Policy.md,https://raw.githubusercontent.com/OpenTermsArchive/contrib-declarations/main/declarations/VocabularySpellingCity.json,,,"VocabularySpellingCity's Privacy Policy addresses account and eligibility, safety and conduct, payments and fees, privacy and retention for youth, education, and school platforms. MORT can use the observed pattern as comparative input, but must draft its own teen-safe language and obtain jurisdiction-specific attorney review.","Uses stated conduct, risk, restriction, reporting, or safety controls; MORT must retain emergency escalation and victim-centered treatment.","Addresses payment, fees, refunds, wages, or transaction duties; MORT must still state that its current flow records preferences and obligations without processing funds.",No detailed dispute path was observed in this document.,"Contains child, youth, age, parent, or guardian treatment that requires comparison with MORT's 13-17 role and optional Guardian Mode.","Addresses personal information, privacy rights, retention, or deletion; MORT must apply minimization to location, evidence, documents, and youth data.",Addresses location or address data; MORT should release exact job locations only after authorization and record the release state.,"Discusses identity, screening, background checks, or biometrics; MORT must label each signal precisely and avoid calling nonauthoritative checks identity proof.","Contains liability, warranty, indemnity, or insurance allocation that cannot be transferred to MORT without attorney review and nonwaivable-right analysis.",not observed in reviewed source,not observed in reviewed source,present in reviewed source,"Present teen-readable summaries, age-aware privacy controls, school-role boundaries, and guardian consent only where law or policy actually requires it.","Do not import adult-only eligibility assumptions, broad waivers, conclusive contractor labels, forced-dispute terms, or liability allocations without teen-safety and jurisdiction-specific review.",true,
MORT-LR-0230,VocabularySpellingCity,Terms of Service,https://www.spellingcity.com/terms-of-service.html,www.spellingcity.com,2026-07-19,not visible in reviewed source,United States,youth_education_school_platforms,"Youth, education, and school platforms","student, parent, educator, school, platform operator",account_and_eligibility | payments_and_fees | disputes_and_appeals | privacy_and_retention | location | liability_and_insurance | minors_and_guardians | moderation_and_enforcement,reviewed_tracked_snapshot,current Open Terms Archive text version mapped to the official first-party source,403,https://www.learninga-z.com/site/lp2/vsc-to-vocabulary-a-z,text/markdown,fd3273d0a4fad79cb0cf5e6204989bae043d4c6afbda6899705d517f7efe887b,https://raw.githubusercontent.com/OpenTermsArchive/contrib-versions/main/VocabularySpellingCity/Terms%20of%20Service.md,https://raw.githubusercontent.com/OpenTermsArchive/contrib-declarations/main/declarations/VocabularySpellingCity.json,,,"VocabularySpellingCity's Terms of Service addresses account and eligibility, payments and fees, disputes and appeals, privacy and retention for youth, education, and school platforms. MORT can use the observed pattern as comparative input, but must draft its own teen-safe language and obtain jurisdiction-specific attorney review.","No detailed safety framework was observed in this document; MORT needs a separate, explicit safety policy.","Addresses payment, fees, refunds, wages, or transaction duties; MORT must still state that its current flow records preferences and obligations without processing funds.","Provides a complaint, dispute, mediation, arbitration, or appeal pattern; MORT must preserve private review and avoid promising court outcomes.","Contains child, youth, age, parent, or guardian treatment that requires comparison with MORT's 13-17 role and optional Guardian Mode.","Addresses personal information, privacy rights, retention, or deletion; MORT must apply minimization to location, evidence, documents, and youth data.",Addresses location or address data; MORT should release exact job locations only after authorization and record the release state.,No material identity-verification process was observed in this document.,"Contains liability, warranty, indemnity, or insurance allocation that cannot be transferred to MORT without attorney review and nonwaivable-right analysis.",not observed in reviewed source,not observed in reviewed source,present in reviewed source,"Present teen-readable summaries, age-aware privacy controls, school-role boundaries, and guardian consent only where law or policy actually requires it.","Do not import adult-only eligibility assumptions, broad waivers, conclusive contractor labels, forced-dispute terms, or liability allocations without teen-safety and jurisdiction-specific review.",true,
MORT-LR-0231,Youtube Kids,Terms of Service,https://kids.youtube.com/t/terms,kids.youtube.com,2026-07-19,not visible in reviewed source,Canada,youth_education_school_platforms,"Youth, education, and school platforms","student, parent, educator, school, platform operator",account_and_eligibility | safety_and_conduct | payments_and_fees | disputes_and_appeals | privacy_and_retention | location | liability_and_insurance | minors_and_guardians | moderation_and_enforcement,reviewed_direct_and_tracked,current Open Terms Archive text version mapped to the official first-party source,200,https://kids.youtube.com/t/terms,text/markdown,fe8dc5e57efa9410eafd44f2e71c4844e77b21f584a3c85983e006fe03ece86b,https://raw.githubusercontent.com/OpenTermsArchive/contrib-versions/main/Youtube%20Kids/Terms%20of%20Service.md,https://raw.githubusercontent.com/OpenTermsArchive/contrib-declarations/main/declarations/Youtube%20Kids.json,,,"Youtube Kids's Terms of Service addresses account and eligibility, safety and conduct, payments and fees, disputes and appeals for youth, education, and school platforms. MORT can use the observed pattern as comparative input, but must draft its own teen-safe language and obtain jurisdiction-specific attorney review.","Uses stated conduct, risk, restriction, reporting, or safety controls; MORT must retain emergency escalation and victim-centered treatment.","Addresses payment, fees, refunds, wages, or transaction duties; MORT must still state that its current flow records preferences and obligations without processing funds.","Provides a complaint, dispute, mediation, arbitration, or appeal pattern; MORT must preserve private review and avoid promising court outcomes.","Contains child, youth, age, parent, or guardian treatment that requires comparison with MORT's 13-17 role and optional Guardian Mode.","Addresses personal information, privacy rights, retention, or deletion; MORT must apply minimization to location, evidence, documents, and youth data.",Addresses location or address data; MORT should release exact job locations only after authorization and record the release state.,No material identity-verification process was observed in this document.,"Contains liability, warranty, indemnity, or insurance allocation that cannot be transferred to MORT without attorney review and nonwaivable-right analysis.",not observed in reviewed source,not observed in reviewed source,present in reviewed source,"Present teen-readable summaries, age-aware privacy controls, school-role boundaries, and guardian consent only where law or policy actually requires it.","Do not import adult-only eligibility assumptions, broad waivers, conclusive contractor labels, forced-dispute terms, or liability allocations without teen-safety and jurisdiction-specific review.",true,
MORT-LR-0232,Youtube Kids,Privacy Policy,https://kids.youtube.com/t/privacynotice,kids.youtube.com,2026-07-19,not visible in reviewed source,European Union / EEA,youth_education_school_platforms,"Youth, education, and school platforms","student, parent, educator, school, platform operator",account_and_eligibility | safety_and_conduct | privacy_and_retention | location | minors_and_guardians | moderation_and_enforcement,reviewed_direct_and_tracked,current Open Terms Archive text version mapped to the official first-party source,200,https://kids.youtube.com/t/privacynotice,text/markdown,4c991f9810c0b0e4a84e5f7cb00c8c1e2308a0b8c5c758979317f14acce4185e,https://raw.githubusercontent.com/OpenTermsArchive/contrib-versions/main/Youtube%20Kids/Privacy%20Policy.md,https://raw.githubusercontent.com/OpenTermsArchive/contrib-declarations/main/declarations/Youtube%20Kids.json,,,"Youtube Kids's Privacy Policy addresses account and eligibility, safety and conduct, privacy and retention, location for youth, education, and school platforms. MORT can use the observed pattern as comparative input, but must draft its own teen-safe language and obtain jurisdiction-specific attorney review.","Uses stated conduct, risk, restriction, reporting, or safety controls; MORT must retain emergency escalation and victim-centered treatment.",No material payment process was observed in this document.,No detailed dispute path was observed in this document.,"Contains child, youth, age, parent, or guardian treatment that requires comparison with MORT's 13-17 role and optional Guardian Mode.","Addresses personal information, privacy rights, retention, or deletion; MORT must apply minimization to location, evidence, documents, and youth data.",Addresses location or address data; MORT should release exact job locations only after authorization and record the release state.,No material identity-verification process was observed in this document.,No detailed liability or insurance allocation was observed in this document.,not observed in reviewed source,not observed in reviewed source,not observed in reviewed source,"Present teen-readable summaries, age-aware privacy controls, school-role boundaries, and guardian consent only where law or policy actually requires it.","Do not import adult-only eligibility assumptions, broad waivers, conclusive contractor labels, forced-dispute terms, or liability allocations without teen-safety and jurisdiction-specific review.",true,
MORT-LR-0233,ucla.edu,Privacy Policy,https://alb.www.ucla.edu/terms-of-use,alb.www.ucla.edu,2026-07-19,not visible in reviewed source,United States,youth_education_school_platforms,"Youth, education, and school platforms","student, parent, educator, school, platform operator",account_and_eligibility | safety_and_conduct | payments_and_fees | privacy_and_retention | location | minors_and_guardians,reviewed_tracked_snapshot,current Open Terms Archive text version mapped to the official first-party source,,https://alb.www.ucla.edu/terms-of-use,text/markdown,a52ad7a11ae4d5d6207349767162bbb8076aec90b09539753af3158da880f6c5,https://raw.githubusercontent.com/OpenTermsArchive/contrib-versions/main/ucla.edu/Privacy%20Policy.md,https://raw.githubusercontent.com/OpenTermsArchive/contrib-declarations/main/declarations/ucla.edu.json,,,"ucla.edu's Privacy Policy addresses account and eligibility, safety and conduct, payments and fees, privacy and retention for youth, education, and school platforms. MORT can use the observed pattern as comparative input, but must draft its own teen-safe language and obtain jurisdiction-specific attorney review.","Uses stated conduct, risk, restriction, reporting, or safety controls; MORT must retain emergency escalation and victim-centered treatment.","Addresses payment, fees, refunds, wages, or transaction duties; MORT must still state that its current flow records preferences and obligations without processing funds.",No detailed dispute path was observed in this document.,"Contains child, youth, age, parent, or guardian treatment that requires comparison with MORT's 13-17 role and optional Guardian Mode.","Addresses personal information, privacy rights, retention, or deletion; MORT must apply minimization to location, evidence, documents, and youth data.",Addresses location or address data; MORT should release exact job locations only after authorization and record the release state.,No material identity-verification process was observed in this document.,No detailed liability or insurance allocation was observed in this document.,not observed in reviewed source,not observed in reviewed source,not observed in reviewed source,"Present teen-readable summaries, age-aware privacy controls, school-role boundaries, and guardian consent only where law or policy actually requires it.","Do not import adult-only eligibility assumptions, broad waivers, conclusive contractor labels, forced-dispute terms, or liability allocations without teen-safety and jurisdiction-specific review.",true,
MORT-LR-0234,ulster.ac.uk,Trackers Policy,https://www.ulster.ac.uk/cookies,www.ulster.ac.uk,2026-07-19,not visible in reviewed source,European Union / EEA,youth_education_school_platforms,"Youth, education, and school platforms","student, parent, educator, school, platform operator",payments_and_fees | disputes_and_appeals | privacy_and_retention | location | minors_and_guardians | moderation_and_enforcement,reviewed_tracked_snapshot,current Open Terms Archive text version mapped to the official first-party source,403,https://www.ulster.ac.uk/cookies,text/markdown,5654833ba1c623b52657d0dffe6ced3734dbfd3091e83fe3541d62bcd21b0ce6,https://raw.githubusercontent.com/OpenTermsArchive/contrib-versions/main/ulster.ac.uk/Trackers%20Policy.md,https://raw.githubusercontent.com/OpenTermsArchive/contrib-declarations/main/declarations/ulster.ac.uk.json,,,"ulster.ac.uk's Trackers Policy addresses payments and fees, disputes and appeals, privacy and retention, location for youth, education, and school platforms. MORT can use the observed pattern as comparative input, but must draft its own teen-safe language and obtain jurisdiction-specific attorney review.","No detailed safety framework was observed in this document; MORT needs a separate, explicit safety policy.","Addresses payment, fees, refunds, wages, or transaction duties; MORT must still state that its current flow records preferences and obligations without processing funds.","Provides a complaint, dispute, mediation, arbitration, or appeal pattern; MORT must preserve private review and avoid promising court outcomes.","Contains child, youth, age, parent, or guardian treatment that requires comparison with MORT's 13-17 role and optional Guardian Mode.","Addresses personal information, privacy rights, retention, or deletion; MORT must apply minimization to location, evidence, documents, and youth data.",Addresses location or address data; MORT should release exact job locations only after authorization and record the release state.,No material identity-verification process was observed in this document.,No detailed liability or insurance allocation was observed in this document.,not observed in reviewed source,not observed in reviewed source,not observed in reviewed source,"Present teen-readable summaries, age-aware privacy controls, school-role boundaries, and guardian consent only where law or policy actually requires it.","Do not import adult-only eligibility assumptions, broad waivers, conclusive contractor labels, forced-dispute terms, or liability allocations without teen-safety and jurisdiction-specific review.",true,
MORT-LR-0235,Proctorio,Terms of Service,https://proctorio.com/policies,proctorio.com,2026-07-19,not visible in reviewed source,multi-jurisdiction or source-specific,youth_education_school_platforms,"Youth, education, and school platforms","student, parent, educator, school, platform operator",account_and_eligibility | safety_and_conduct | payments_and_fees | disputes_and_appeals | privacy_and_retention | location | identity_and_verification | liability_and_insurance | minors_and_guardians | moderation_and_enforcement,reviewed_direct_and_tracked,current Open Terms Archive text version mapped to the official first-party source,200,https://proctorio.com/policies,text/markdown,6c8bc8b7b5785ad2f397db07efe706c1b4a12510d71ba95343f84fbf785dd46d,https://raw.githubusercontent.com/OpenTermsArchive/contrib-versions/main/Proctorio/Terms%20of%20Service.md,https://raw.githubusercontent.com/OpenTermsArchive/contrib-declarations/main/declarations/Proctorio.json,,,"Proctorio's Terms of Service addresses account and eligibility, safety and conduct, payments and fees, disputes and appeals for youth, education, and school platforms. MORT can use the observed pattern as comparative input, but must draft its own teen-safe language and obtain jurisdiction-specific attorney review.","Uses stated conduct, risk, restriction, reporting, or safety controls; MORT must retain emergency escalation and victim-centered treatment.","Addresses payment, fees, refunds, wages, or transaction duties; MORT must still state that its current flow records preferences and obligations without processing funds.","Provides a complaint, dispute, mediation, arbitration, or appeal pattern; MORT must preserve private review and avoid promising court outcomes.","Contains child, youth, age, parent, or guardian treatment that requires comparison with MORT's 13-17 role and optional Guardian Mode.","Addresses personal information, privacy rights, retention, or deletion; MORT must apply minimization to location, evidence, documents, and youth data.",Addresses location or address data; MORT should release exact job locations only after authorization and record the release state.,"Discusses identity, screening, background checks, or biometrics; MORT must label each signal precisely and avoid calling nonauthoritative checks identity proof.","Contains liability, warranty, indemnity, or insurance allocation that cannot be transferred to MORT without attorney review and nonwaivable-right analysis.",present in reviewed source,not observed in reviewed source,present in reviewed source,"Present teen-readable summaries, age-aware privacy controls, school-role boundaries, and guardian consent only where law or policy actually requires it.","Do not import adult-only eligibility assumptions, broad waivers, conclusive contractor labels, forced-dispute terms, or liability allocations without teen-safety and jurisdiction-specific review.",true,
MORT-LR-0236,Proctorio,Privacy Policy,https://proctorio.com/privacy,proctorio.com,2026-07-19,not visible in reviewed source,United States; Canada; Australia,youth_education_school_platforms,"Youth, education, and school platforms","student, parent, educator, school, platform operator",account_and_eligibility | safety_and_conduct | payments_and_fees | disputes_and_appeals | privacy_and_retention | location | identity_and_verification | minors_and_guardians | moderation_and_enforcement,reviewed_direct_and_tracked,current Open Terms Archive text version mapped to the official first-party source,200,https://proctorio.com/privacy,text/markdown,43608647fb75f5220ca6333fc5128231df1a7eb5995c6d4ee5ae5cae75990890,https://raw.githubusercontent.com/OpenTermsArchive/contrib-versions/main/Proctorio/Privacy%20Policy.md,https://raw.githubusercontent.com/OpenTermsArchive/contrib-declarations/main/declarations/Proctorio.json,,,"Proctorio's Privacy Policy addresses account and eligibility, safety and conduct, payments and fees, disputes and appeals for youth, education, and school platforms. MORT can use the observed pattern as comparative input, but must draft its own teen-safe language and obtain jurisdiction-specific attorney review.","Uses stated conduct, risk, restriction, reporting, or safety controls; MORT must retain emergency escalation and victim-centered treatment.","Addresses payment, fees, refunds, wages, or transaction duties; MORT must still state that its current flow records preferences and obligations without processing funds.","Provides a complaint, dispute, mediation, arbitration, or appeal pattern; MORT must preserve private review and avoid promising court outcomes.","Contains child, youth, age, parent, or guardian treatment that requires comparison with MORT's 13-17 role and optional Guardian Mode.","Addresses personal information, privacy rights, retention, or deletion; MORT must apply minimization to location, evidence, documents, and youth data.",Addresses location or address data; MORT should release exact job locations only after authorization and record the release state.,"Discusses identity, screening, background checks, or biometrics; MORT must label each signal precisely and avoid calling nonauthoritative checks identity proof.",No detailed liability or insurance allocation was observed in this document.,present in reviewed source,not observed in reviewed source,not observed in reviewed source,"Present teen-readable summaries, age-aware privacy controls, school-role boundaries, and guardian consent only where law or policy actually requires it.","Do not import adult-only eligibility assumptions, broad waivers, conclusive contractor labels, forced-dispute terms, or liability allocations without teen-safety and jurisdiction-specific review.",true,
MORT-LR-0237,LinkedIn,Privacy Policy,https://www.linkedin.com/legal/privacy-policy,www.linkedin.com,2026-07-19,"November 3, 2025",United Kingdom; European Union / EEA,workforce_employment_platforms,Workforce and employment platforms,"worker, applicant, employer, platform operator",account_and_eligibility | safety_and_conduct | payments_and_fees | disputes_and_appeals | privacy_and_retention | location | identity_and_verification | minors_and_guardians | moderation_and_enforcement,reviewed_direct_and_tracked,current Open Terms Archive text version mapped to the official first-party source,200,https://www.linkedin.com/legal/privacy-policy,text/markdown,83ab8505a5c13bc75a6113f13e4d09a67fb5490dfb7f481b909483b71edef110,https://raw.githubusercontent.com/OpenTermsArchive/contrib-versions/main/LinkedIn/Privacy%20Policy.md,https://raw.githubusercontent.com/OpenTermsArchive/contrib-declarations/main/declarations/LinkedIn.json,,,"LinkedIn's Privacy Policy addresses account and eligibility, safety and conduct, payments and fees, disputes and appeals for workforce and employment platforms. MORT can use the observed pattern as comparative input, but must draft its own teen-safe language and obtain jurisdiction-specific attorney review.","Uses stated conduct, risk, restriction, reporting, or safety controls; MORT must retain emergency escalation and victim-centered treatment.","Addresses payment, fees, refunds, wages, or transaction duties; MORT must still state that its current flow records preferences and obligations without processing funds.","Provides a complaint, dispute, mediation, arbitration, or appeal pattern; MORT must preserve private review and avoid promising court outcomes.","Contains child, youth, age, parent, or guardian treatment that requires comparison with MORT's 13-17 role and optional Guardian Mode.","Addresses personal information, privacy rights, retention, or deletion; MORT must apply minimization to location, evidence, documents, and youth data.",Addresses location or address data; MORT should release exact job locations only after authorization and record the release state.,"Discusses identity, screening, background checks, or biometrics; MORT must label each signal precisely and avoid calling nonauthoritative checks identity proof.",No detailed liability or insurance allocation was observed in this document.,not observed in reviewed source,not observed in reviewed source,not observed in reviewed source,"Warn that classification is fact-specific, preserve wage and work records, and condition official remedy links on jurisdiction and relationship.","Do not import adult-only eligibility assumptions, broad waivers, conclusive contractor labels, forced-dispute terms, or liability allocations without teen-safety and jurisdiction-specific review.",true,
MORT-LR-0238,LinkedIn,Trackers Policy,https://www.linkedin.com/legal/cookie-policy,www.linkedin.com,2026-07-19,not visible in reviewed source,United States,workforce_employment_platforms,Workforce and employment platforms,"worker, applicant, employer, platform operator",account_and_eligibility | privacy_and_retention | location,reviewed_direct_and_tracked,current Open Terms Archive text version mapped to the official first-party source,200,https://www.linkedin.com/legal/cookie-policy,text/markdown,0db860a2038c0e906d2a7aa581b3e959e2472a9a1b7d1a89ea6b8171b8a1325d,https://raw.githubusercontent.com/OpenTermsArchive/contrib-versions/main/LinkedIn/Trackers%20Policy.md,https://raw.githubusercontent.com/OpenTermsArchive/contrib-declarations/main/declarations/LinkedIn.json,,,"LinkedIn's Trackers Policy addresses account and eligibility, privacy and retention, location for workforce and employment platforms. MORT can use the observed pattern as comparative input, but must draft its own teen-safe language and obtain jurisdiction-specific attorney review.","No detailed safety framework was observed in this document; MORT needs a separate, explicit safety policy.",No material payment process was observed in this document.,No detailed dispute path was observed in this document.,No material minor-user treatment was observed; this gap makes the source unsuitable as a complete model for MORT.,"Addresses personal information, privacy rights, retention, or deletion; MORT must apply minimization to location, evidence, documents, and youth data.",Addresses location or address data; MORT should release exact job locations only after authorization and record the release state.,No material identity-verification process was observed in this document.,No detailed liability or insurance allocation was observed in this document.,not observed in reviewed source,not observed in reviewed source,not observed in reviewed source,"Warn that classification is fact-specific, preserve wage and work records, and condition official remedy links on jurisdiction and relationship.","Do not import adult-only eligibility assumptions, broad waivers, conclusive contractor labels, forced-dispute terms, or liability allocations without teen-safety and jurisdiction-specific review.",true,
MORT-LR-0239,LinkedIn,Terms of Service,https://www.linkedin.com/legal/l/service-terms,www.linkedin.com,2026-07-19,not visible in reviewed source,multi-jurisdiction or source-specific,workforce_employment_platforms,Workforce and employment platforms,"worker, applicant, employer, platform operator",account_and_eligibility | safety_and_conduct | payments_and_fees | disputes_and_appeals | privacy_and_retention | location | liability_and_insurance | moderation_and_enforcement,reviewed_direct_and_tracked,current Open Terms Archive text version mapped to the official first-party source,200,https://www.linkedin.com/legal/l/service-terms,text/markdown,75923a61481c98f727ac830b39ee7f9c709197c909404f89036c7433feaf6e8c,https://raw.githubusercontent.com/OpenTermsArchive/contrib-versions/main/LinkedIn/Terms%20of%20Service.md,https://raw.githubusercontent.com/OpenTermsArchive/contrib-declarations/main/declarations/LinkedIn.json,,,"LinkedIn's Terms of Service addresses account and eligibility, safety and conduct, payments and fees, disputes and appeals for workforce and employment platforms. MORT can use the observed pattern as comparative input, but must draft its own teen-safe language and obtain jurisdiction-specific attorney review.","Uses stated conduct, risk, restriction, reporting, or safety controls; MORT must retain emergency escalation and victim-centered treatment.","Addresses payment, fees, refunds, wages, or transaction duties; MORT must still state that its current flow records preferences and obligations without processing funds.","Provides a complaint, dispute, mediation, arbitration, or appeal pattern; MORT must preserve private review and avoid promising court outcomes.",No material minor-user treatment was observed; this gap makes the source unsuitable as a complete model for MORT.,"Addresses personal information, privacy rights, retention, or deletion; MORT must apply minimization to location, evidence, documents, and youth data.",Addresses location or address data; MORT should release exact job locations only after authorization and record the release state.,No material identity-verification process was observed in this document.,"Contains liability, warranty, indemnity, or insurance allocation that cannot be transferred to MORT without attorney review and nonwaivable-right analysis.",not observed in reviewed source,not observed in reviewed source,not observed in reviewed source,"Warn that classification is fact-specific, preserve wage and work records, and condition official remedy links on jurisdiction and relationship.","Do not import adult-only eligibility assumptions, broad waivers, conclusive contractor labels, forced-dispute terms, or liability allocations without teen-safety and jurisdiction-specific review.",true,
MORT-LR-0240,LinkedIn,Developer Terms,https://legal.linkedin.com/api-terms-of-use,legal.linkedin.com,2026-07-19,not visible in reviewed source,United Kingdom; European Union / EEA,workforce_employment_platforms,Workforce and employment platforms,"worker, applicant, employer, platform operator",account_and_eligibility | safety_and_conduct | payments_and_fees | disputes_and_appeals | privacy_and_retention | location | liability_and_insurance | moderation_and_enforcement,reviewed_direct_and_tracked,current Open Terms Archive text version mapped to the official first-party source,200,https://www.linkedin.com/legal/l/api-terms-of-use,text/markdown,0dee3a3dd0987dfb68ad7107976659664eb807b4bc4da63f8a85016c3185913e,https://raw.githubusercontent.com/OpenTermsArchive/contrib-versions/main/LinkedIn/Developer%20Terms.md,https://raw.githubusercontent.com/OpenTermsArchive/contrib-declarations/main/declarations/LinkedIn.json,,,"LinkedIn's Developer Terms addresses account and eligibility, safety and conduct, payments and fees, disputes and appeals for workforce and employment platforms. MORT can use the observed pattern as comparative input, but must draft its own teen-safe language and obtain jurisdiction-specific attorney review.","Uses stated conduct, risk, restriction, reporting, or safety controls; MORT must retain emergency escalation and victim-centered treatment.","Addresses payment, fees, refunds, wages, or transaction duties; MORT must still state that its current flow records preferences and obligations without processing funds.","Provides a complaint, dispute, mediation, arbitration, or appeal pattern; MORT must preserve private review and avoid promising court outcomes.",No material minor-user treatment was observed; this gap makes the source unsuitable as a complete model for MORT.,"Addresses personal information, privacy rights, retention, or deletion; MORT must apply minimization to location, evidence, documents, and youth data.",Addresses location or address data; MORT should release exact job locations only after authorization and record the release state.,No material identity-verification process was observed in this document.,"Contains liability, warranty, indemnity, or insurance allocation that cannot be transferred to MORT without attorney review and nonwaivable-right analysis.",present in reviewed source,not observed in reviewed source,present in reviewed source,"Warn that classification is fact-specific, preserve wage and work records, and condition official remedy links on jurisdiction and relationship.","Do not import adult-only eligibility assumptions, broad waivers, conclusive contractor labels, forced-dispute terms, or liability allocations without teen-safety and jurisdiction-specific review.",true,
MORT-LR-0241,LinkedIn,Brand Guidelines,https://brand.linkedin.com/policies,brand.linkedin.com,2026-07-19,not visible in reviewed source,multi-jurisdiction or source-specific,workforce_employment_platforms,Workforce and employment platforms,"worker, applicant, employer, platform operator",account_and_eligibility | payments_and_fees,reviewed_direct_and_tracked,current Open Terms Archive text version mapped to the official first-party source,200,https://brand.linkedin.com/policies,text/markdown,3104d4f347d7d43f8bf09a219dc24b8105805a4155406f72400f64ba18cee0dc,https://raw.githubusercontent.com/OpenTermsArchive/contrib-versions/main/LinkedIn/Brand%20Guidelines.md,https://raw.githubusercontent.com/OpenTermsArchive/contrib-declarations/main/declarations/LinkedIn.json,,,"LinkedIn's Brand Guidelines addresses account and eligibility, payments and fees for workforce and employment platforms. MORT can use the observed pattern as comparative input, but must draft its own teen-safe language and obtain jurisdiction-specific attorney review.","No detailed safety framework was observed in this document; MORT needs a separate, explicit safety policy.","Addresses payment, fees, refunds, wages, or transaction duties; MORT must still state that its current flow records preferences and obligations without processing funds.",No detailed dispute path was observed in this document.,No material minor-user treatment was observed; this gap makes the source unsuitable as a complete model for MORT.,No detailed privacy or retention treatment was observed in this document.,No material location treatment was observed in this document.,No material identity-verification process was observed in this document.,No detailed liability or insurance allocation was observed in this document.,not observed in reviewed source,not observed in reviewed source,not observed in reviewed source,"Warn that classification is fact-specific, preserve wage and work records, and condition official remedy links on jurisdiction and relationship.","Do not import adult-only eligibility assumptions, broad waivers, conclusive contractor labels, forced-dispute terms, or liability allocations without teen-safety and jurisdiction-specific review.",true,
MORT-LR-0242,LinkedIn,Community Guidelines,https://www.linkedin.com/legal/professional-community-policies,www.linkedin.com,2026-07-19,not visible in reviewed source,United States,workforce_employment_platforms,Workforce and employment platforms,"worker, applicant, employer, platform operator",account_and_eligibility | safety_and_conduct | payments_and_fees | disputes_and_appeals | identity_and_verification | minors_and_guardians | moderation_and_enforcement,reviewed_direct_and_tracked,current Open Terms Archive text version mapped to the official first-party source,200,https://www.linkedin.com/legal/professional-community-policies,text/markdown,adbaeca840c2e5b40744fca0bd0be74bddd49f96d0a0728366361b3b961d65b6,https://raw.githubusercontent.com/OpenTermsArchive/contrib-versions/main/LinkedIn/Community%20Guidelines.md,https://raw.githubusercontent.com/OpenTermsArchive/contrib-declarations/main/declarations/LinkedIn.json,,,"LinkedIn's Community Guidelines addresses account and eligibility, safety and conduct, payments and fees, disputes and appeals for workforce and employment platforms. MORT can use the observed pattern as comparative input, but must draft its own teen-safe language and obtain jurisdiction-specific attorney review.","Uses stated conduct, risk, restriction, reporting, or safety controls; MORT must retain emergency escalation and victim-centered treatment.","Addresses payment, fees, refunds, wages, or transaction duties; MORT must still state that its current flow records preferences and obligations without processing funds.","Provides a complaint, dispute, mediation, arbitration, or appeal pattern; MORT must preserve private review and avoid promising court outcomes.","Contains child, youth, age, parent, or guardian treatment that requires comparison with MORT's 13-17 role and optional Guardian Mode.",No detailed privacy or retention treatment was observed in this document.,No material location treatment was observed in this document.,"Discusses identity, screening, background checks, or biometrics; MORT must label each signal precisely and avoid calling nonauthoritative checks identity proof.",No detailed liability or insurance allocation was observed in this document.,not observed in reviewed source,not observed in reviewed source,not observed in reviewed source,"Warn that classification is fact-specific, preserve wage and work records, and condition official remedy links on jurisdiction and relationship.","Do not import adult-only eligibility assumptions, broad waivers, conclusive contractor labels, forced-dispute terms, or liability allocations without teen-safety and jurisdiction-specific review.",true,
MORT-LR-0243,Glassdoor,Privacy Policy,https://hrtechprivacy.com/brands/glassdoor,hrtechprivacy.com,2026-07-19,not visible in reviewed source,European Union / EEA,workforce_employment_platforms,Workforce and employment platforms,"worker, applicant, employer, platform operator",account_and_eligibility | safety_and_conduct | payments_and_fees | disputes_and_appeals | privacy_and_retention | location | identity_and_verification | minors_and_guardians | moderation_and_enforcement,reviewed_direct_and_tracked,current Open Terms Archive text version mapped to the official first-party source,200,https://hrtechprivacy.com/brands/glassdoor,text/markdown,f0e8f8e110ff64e8252eab4834a19ab5ce2016e2d51a1e76215e2ca840560bed,https://raw.githubusercontent.com/OpenTermsArchive/contrib-versions/main/Glassdoor/Privacy%20Policy.md,https://raw.githubusercontent.com/OpenTermsArchive/contrib-declarations/main/declarations/Glassdoor.json,,,"Glassdoor's Privacy Policy addresses account and eligibility, safety and conduct, payments and fees, disputes and appeals for workforce and employment platforms. MORT can use the observed pattern as comparative input, but must draft its own teen-safe language and obtain jurisdiction-specific attorney review.","Uses stated conduct, risk, restriction, reporting, or safety controls; MORT must retain emergency escalation and victim-centered treatment.","Addresses payment, fees, refunds, wages, or transaction duties; MORT must still state that its current flow records preferences and obligations without processing funds.","Provides a complaint, dispute, mediation, arbitration, or appeal pattern; MORT must preserve private review and avoid promising court outcomes.","Contains child, youth, age, parent, or guardian treatment that requires comparison with MORT's 13-17 role and optional Guardian Mode.","Addresses personal information, privacy rights, retention, or deletion; MORT must apply minimization to location, evidence, documents, and youth data.",Addresses location or address data; MORT should release exact job locations only after authorization and record the release state.,"Discusses identity, screening, background checks, or biometrics; MORT must label each signal precisely and avoid calling nonauthoritative checks identity proof.",No detailed liability or insurance allocation was observed in this document.,present in reviewed source,not observed in reviewed source,not observed in reviewed source,"Warn that classification is fact-specific, preserve wage and work records, and condition official remedy links on jurisdiction and relationship.","Do not import adult-only eligibility assumptions, broad waivers, conclusive contractor labels, forced-dispute terms, or liability allocations without teen-safety and jurisdiction-specific review.",true,
MORT-LR-0244,Glassdoor,Community Guidelines,https://help.glassdoor.com/s/article/Community-Guidelines?language=en_US,help.glassdoor.com,2026-07-19,not visible in reviewed source,multi-jurisdiction or source-specific,workforce_employment_platforms,Workforce and employment platforms,"worker, applicant, employer, platform operator",account_and_eligibility | safety_and_conduct | payments_and_fees | disputes_and_appeals | privacy_and_retention | location | identity_and_verification | minors_and_guardians | moderation_and_enforcement,reviewed_tracked_snapshot,current Open Terms Archive text version mapped to the official first-party source,403,https://help.glassdoor.com/s/article/Community-Guidelines?language=en_US,text/markdown,311d7bb3432f462af3947d783c3094bb9551029f1dc4d7c0bad714c71fed37b0,https://raw.githubusercontent.com/OpenTermsArchive/contrib-versions/main/Glassdoor/Community%20Guidelines.md,https://raw.githubusercontent.com/OpenTermsArchive/contrib-declarations/main/declarations/Glassdoor.json,,,"Glassdoor's Community Guidelines addresses account and eligibility, safety and conduct, payments and fees, disputes and appeals for workforce and employment platforms. MORT can use the observed pattern as comparative input, but must draft its own teen-safe language and obtain jurisdiction-specific attorney review.","Uses stated conduct, risk, restriction, reporting, or safety controls; MORT must retain emergency escalation and victim-centered treatment.","Addresses payment, fees, refunds, wages, or transaction duties; MORT must still state that its current flow records preferences and obligations without processing funds.","Provides a complaint, dispute, mediation, arbitration, or appeal pattern; MORT must preserve private review and avoid promising court outcomes.","Contains child, youth, age, parent, or guardian treatment that requires comparison with MORT's 13-17 role and optional Guardian Mode.","Addresses personal information, privacy rights, retention, or deletion; MORT must apply minimization to location, evidence, documents, and youth data.",Addresses location or address data; MORT should release exact job locations only after authorization and record the release state.,"Discusses identity, screening, background checks, or biometrics; MORT must label each signal precisely and avoid calling nonauthoritative checks identity proof.",No detailed liability or insurance allocation was observed in this document.,not observed in reviewed source,not observed in reviewed source,not observed in reviewed source,"Warn that classification is fact-specific, preserve wage and work records, and condition official remedy links on jurisdiction and relationship.","Do not import adult-only eligibility assumptions, broad waivers, conclusive contractor labels, forced-dispute terms, or liability allocations without teen-safety and jurisdiction-specific review.",true,
MORT-LR-0245,Glassdoor,Terms of Service,https://www.glassdoor.com/about/terms,www.glassdoor.com,2026-07-19,not visible in reviewed source,multi-jurisdiction or source-specific,workforce_employment_platforms,Workforce and employment platforms,"worker, applicant, employer, platform operator",account_and_eligibility | safety_and_conduct | payments_and_fees | disputes_and_appeals | privacy_and_retention | location | identity_and_verification | liability_and_insurance | minors_and_guardians | moderation_and_enforcement,reviewed_tracked_snapshot,current Open Terms Archive text version mapped to the official first-party source,403,https://www.glassdoor.com/about/terms/,text/markdown,0f81db9ca598ea5a58c51c594227e5bb8d6c330c9b9257b2d63b488f124b2324,https://raw.githubusercontent.com/OpenTermsArchive/contrib-versions/main/Glassdoor/Terms%20of%20Service.md,https://raw.githubusercontent.com/OpenTermsArchive/contrib-declarations/main/declarations/Glassdoor.json,,,"Glassdoor's Terms of Service addresses account and eligibility, safety and conduct, payments and fees, disputes and appeals for workforce and employment platforms. MORT can use the observed pattern as comparative input, but must draft its own teen-safe language and obtain jurisdiction-specific attorney review.","Uses stated conduct, risk, restriction, reporting, or safety controls; MORT must retain emergency escalation and victim-centered treatment.","Addresses payment, fees, refunds, wages, or transaction duties; MORT must still state that its current flow records preferences and obligations without processing funds.","Provides a complaint, dispute, mediation, arbitration, or appeal pattern; MORT must preserve private review and avoid promising court outcomes.","Contains child, youth, age, parent, or guardian treatment that requires comparison with MORT's 13-17 role and optional Guardian Mode.","Addresses personal information, privacy rights, retention, or deletion; MORT must apply minimization to location, evidence, documents, and youth data.",Addresses location or address data; MORT should release exact job locations only after authorization and record the release state.,"Discusses identity, screening, background checks, or biometrics; MORT must label each signal precisely and avoid calling nonauthoritative checks identity proof.","Contains liability, warranty, indemnity, or insurance allocation that cannot be transferred to MORT without attorney review and nonwaivable-right analysis.",present in reviewed source,present in reviewed source,present in reviewed source,"Warn that classification is fact-specific, preserve wage and work records, and condition official remedy links on jurisdiction and relationship.","Do not import adult-only eligibility assumptions, broad waivers, conclusive contractor labels, forced-dispute terms, or liability allocations without teen-safety and jurisdiction-specific review.",true,
MORT-LR-0246,Xing,Privacy Policy,https://privacy.xing.com/en/privacy-policy/printable-version,privacy.xing.com,2026-07-19,01 December 2025,European Union / EEA,workforce_employment_platforms,Workforce and employment platforms,"worker, applicant, employer, platform operator",account_and_eligibility | payments_and_fees | disputes_and_appeals | privacy_and_retention | location | identity_and_verification | liability_and_insurance | minors_and_guardians | moderation_and_enforcement,reviewed_direct_and_tracked,current Open Terms Archive text version mapped to the official first-party source,200,https://privacy.xing.com/en/privacy-policy/printable-version,text/markdown,e1e189ba9207e8e2c35ecde988e06db2cc68c7bbbed51ac4512777cb84e9d514,https://raw.githubusercontent.com/OpenTermsArchive/contrib-versions/main/Xing/Privacy%20Policy.md,https://raw.githubusercontent.com/OpenTermsArchive/contrib-declarations/main/declarations/Xing.json,,,"Xing's Privacy Policy addresses account and eligibility, payments and fees, disputes and appeals, privacy and retention for workforce and employment platforms. MORT can use the observed pattern as comparative input, but must draft its own teen-safe language and obtain jurisdiction-specific attorney review.","No detailed safety framework was observed in this document; MORT needs a separate, explicit safety policy.","Addresses payment, fees, refunds, wages, or transaction duties; MORT must still state that its current flow records preferences and obligations without processing funds.","Provides a complaint, dispute, mediation, arbitration, or appeal pattern; MORT must preserve private review and avoid promising court outcomes.","Contains child, youth, age, parent, or guardian treatment that requires comparison with MORT's 13-17 role and optional Guardian Mode.","Addresses personal information, privacy rights, retention, or deletion; MORT must apply minimization to location, evidence, documents, and youth data.",Addresses location or address data; MORT should release exact job locations only after authorization and record the release state.,"Discusses identity, screening, background checks, or biometrics; MORT must label each signal precisely and avoid calling nonauthoritative checks identity proof.","Contains liability, warranty, indemnity, or insurance allocation that cannot be transferred to MORT without attorney review and nonwaivable-right analysis.",not observed in reviewed source,not observed in reviewed source,not observed in reviewed source,"Warn that classification is fact-specific, preserve wage and work records, and condition official remedy links on jurisdiction and relationship.","Do not import adult-only eligibility assumptions, broad waivers, conclusive contractor labels, forced-dispute terms, or liability allocations without teen-safety and jurisdiction-specific review.",true,
MORT-LR-0247,Xing,Terms of Service,https://www.xing.com/terms/xing,www.xing.com,2026-07-19,not visible in reviewed source,multi-jurisdiction or source-specific,workforce_employment_platforms,Workforce and employment platforms,"worker, applicant, employer, platform operator",account_and_eligibility | safety_and_conduct | payments_and_fees | disputes_and_appeals | privacy_and_retention | location | identity_and_verification | liability_and_insurance | minors_and_guardians | moderation_and_enforcement,reviewed_direct_and_tracked,current Open Terms Archive text version mapped to the official first-party source,200,https://www.xing.com/terms/xing,text/markdown,e4a25c58b7234bbf81f0b2233eaf64b359eb4dfa5bc6c1c531856dbc1bd40f08,https://raw.githubusercontent.com/OpenTermsArchive/contrib-versions/main/Xing/Terms%20of%20Service.md,https://raw.githubusercontent.com/OpenTermsArchive/contrib-declarations/main/declarations/Xing.json,,,"Xing's Terms of Service addresses account and eligibility, safety and conduct, payments and fees, disputes and appeals for workforce and employment platforms. MORT can use the observed pattern as comparative input, but must draft its own teen-safe language and obtain jurisdiction-specific attorney review.","Uses stated conduct, risk, restriction, reporting, or safety controls; MORT must retain emergency escalation and victim-centered treatment.","Addresses payment, fees, refunds, wages, or transaction duties; MORT must still state that its current flow records preferences and obligations without processing funds.","Provides a complaint, dispute, mediation, arbitration, or appeal pattern; MORT must preserve private review and avoid promising court outcomes.","Contains child, youth, age, parent, or guardian treatment that requires comparison with MORT's 13-17 role and optional Guardian Mode.","Addresses personal information, privacy rights, retention, or deletion; MORT must apply minimization to location, evidence, documents, and youth data.",Addresses location or address data; MORT should release exact job locations only after authorization and record the release state.,"Discusses identity, screening, background checks, or biometrics; MORT must label each signal precisely and avoid calling nonauthoritative checks identity proof.","Contains liability, warranty, indemnity, or insurance allocation that cannot be transferred to MORT without attorney review and nonwaivable-right analysis.",not observed in reviewed source,not observed in reviewed source,not observed in reviewed source,"Warn that classification is fact-specific, preserve wage and work records, and condition official remedy links on jurisdiction and relationship.","Do not import adult-only eligibility assumptions, broad waivers, conclusive contractor labels, forced-dispute terms, or liability allocations without teen-safety and jurisdiction-specific review.",true,
MORT-LR-0248,GitHub,Privacy Policy,https://docs.github.com/en/free-pro-team@latest/github/site-policy/github-privacy-statement,docs.github.com,2026-07-19,"April 27, 2026",multi-jurisdiction or source-specific,workforce_employment_platforms,Workforce and employment platforms,"worker, applicant, employer, platform operator",account_and_eligibility | safety_and_conduct | payments_and_fees | disputes_and_appeals | privacy_and_retention | location | identity_and_verification | liability_and_insurance | minors_and_guardians | moderation_and_enforcement,reviewed_direct_and_tracked,current Open Terms Archive text version mapped to the official first-party source,200,https://docs.github.com/en/site-policy/privacy-policies/github-general-privacy-statement,text/markdown,64bfa67ac886abc746bd0ca88e1f8469fc1b0fc398782734789a051cf6f63077,https://raw.githubusercontent.com/OpenTermsArchive/contrib-versions/main/GitHub/Privacy%20Policy.md,https://raw.githubusercontent.com/OpenTermsArchive/contrib-declarations/main/declarations/GitHub.json,,,"GitHub's Privacy Policy addresses account and eligibility, safety and conduct, payments and fees, disputes and appeals for workforce and employment platforms. MORT can use the observed pattern as comparative input, but must draft its own teen-safe language and obtain jurisdiction-specific attorney review.","Uses stated conduct, risk, restriction, reporting, or safety controls; MORT must retain emergency escalation and victim-centered treatment.","Addresses payment, fees, refunds, wages, or transaction duties; MORT must still state that its current flow records preferences and obligations without processing funds.","Provides a complaint, dispute, mediation, arbitration, or appeal pattern; MORT must preserve private review and avoid promising court outcomes.","Contains child, youth, age, parent, or guardian treatment that requires comparison with MORT's 13-17 role and optional Guardian Mode.","Addresses personal information, privacy rights, retention, or deletion; MORT must apply minimization to location, evidence, documents, and youth data.",Addresses location or address data; MORT should release exact job locations only after authorization and record the release state.,"Discusses identity, screening, background checks, or biometrics; MORT must label each signal precisely and avoid calling nonauthoritative checks identity proof.","Contains liability, warranty, indemnity, or insurance allocation that cannot be transferred to MORT without attorney review and nonwaivable-right analysis.",present in reviewed source,not observed in reviewed source,not observed in reviewed source,"Warn that classification is fact-specific, preserve wage and work records, and condition official remedy links on jurisdiction and relationship.","Do not import adult-only eligibility assumptions, broad waivers, conclusive contractor labels, forced-dispute terms, or liability allocations without teen-safety and jurisdiction-specific review.",true,
MORT-LR-0249,GitHub,Terms of Service,https://docs.github.com/en/free-pro-team@latest/github/site-policy/github-terms-of-service,docs.github.com,2026-07-19,"April 27, 2026",United States,workforce_employment_platforms,Workforce and employment platforms,"worker, applicant, employer, platform operator",account_and_eligibility | safety_and_conduct | payments_and_fees | disputes_and_appeals | privacy_and_retention | location | identity_and_verification | liability_and_insurance | minors_and_guardians | moderation_and_enforcement,reviewed_direct_and_tracked,current Open Terms Archive text version mapped to the official first-party source,200,https://docs.github.com/en/site-policy/github-terms/github-terms-of-service,text/markdown,80082751961e4241d6afa159cf915ed43f45e685bd2b5744d49ba530333b258c,https://raw.githubusercontent.com/OpenTermsArchive/contrib-versions/main/GitHub/Terms%20of%20Service.md,https://raw.githubusercontent.com/OpenTermsArchive/contrib-declarations/main/declarations/GitHub.json,,,"GitHub's Terms of Service addresses account and eligibility, safety and conduct, payments and fees, disputes and appeals for workforce and employment platforms. MORT can use the observed pattern as comparative input, but must draft its own teen-safe language and obtain jurisdiction-specific attorney review.","Uses stated conduct, risk, restriction, reporting, or safety controls; MORT must retain emergency escalation and victim-centered treatment.","Addresses payment, fees, refunds, wages, or transaction duties; MORT must still state that its current flow records preferences and obligations without processing funds.","Provides a complaint, dispute, mediation, arbitration, or appeal pattern; MORT must preserve private review and avoid promising court outcomes.","Contains child, youth, age, parent, or guardian treatment that requires comparison with MORT's 13-17 role and optional Guardian Mode.","Addresses personal information, privacy rights, retention, or deletion; MORT must apply minimization to location, evidence, documents, and youth data.",Addresses location or address data; MORT should release exact job locations only after authorization and record the release state.,"Discusses identity, screening, background checks, or biometrics; MORT must label each signal precisely and avoid calling nonauthoritative checks identity proof.","Contains liability, warranty, indemnity, or insurance allocation that cannot be transferred to MORT without attorney review and nonwaivable-right analysis.",not observed in reviewed source,not observed in reviewed source,present in reviewed source,"Warn that classification is fact-specific, preserve wage and work records, and condition official remedy links on jurisdiction and relationship.","Do not import adult-only eligibility assumptions, broad waivers, conclusive contractor labels, forced-dispute terms, or liability allocations without teen-safety and jurisdiction-specific review.",true,
MORT-LR-0250,GitHub,Copyright Claims Policy,https://docs.github.com/en/free-pro-team@latest/github/site-policy/dmca-takedown-policy,docs.github.com,2026-07-19,not visible in reviewed source,multi-jurisdiction or source-specific,workforce_employment_platforms,Workforce and employment platforms,"worker, applicant, employer, platform operator",account_and_eligibility | safety_and_conduct | disputes_and_appeals | privacy_and_retention | location | liability_and_insurance | minors_and_guardians | moderation_and_enforcement,reviewed_direct_and_tracked,current Open Terms Archive text version mapped to the official first-party source,200,https://docs.github.com/en/site-policy/content-removal-policies/dmca-takedown-policy,text/markdown,e848958a7e2ed286e3f877b40c633ec04a2ad0393641905fb5c7909c0c22a756,https://raw.githubusercontent.com/OpenTermsArchive/contrib-versions/main/GitHub/Copyright%20Claims%20Policy.md,https://raw.githubusercontent.com/OpenTermsArchive/contrib-declarations/main/declarations/GitHub.json,,,"GitHub's Copyright Claims Policy addresses account and eligibility, safety and conduct, disputes and appeals, privacy and retention for workforce and employment platforms. MORT can use the observed pattern as comparative input, but must draft its own teen-safe language and obtain jurisdiction-specific attorney review.","Uses stated conduct, risk, restriction, reporting, or safety controls; MORT must retain emergency escalation and victim-centered treatment.",No material payment process was observed in this document.,"Provides a complaint, dispute, mediation, arbitration, or appeal pattern; MORT must preserve private review and avoid promising court outcomes.","Contains child, youth, age, parent, or guardian treatment that requires comparison with MORT's 13-17 role and optional Guardian Mode.","Addresses personal information, privacy rights, retention, or deletion; MORT must apply minimization to location, evidence, documents, and youth data.",Addresses location or address data; MORT should release exact job locations only after authorization and record the release state.,No material identity-verification process was observed in this document.,"Contains liability, warranty, indemnity, or insurance allocation that cannot be transferred to MORT without attorney review and nonwaivable-right analysis.",not observed in reviewed source,not observed in reviewed source,not observed in reviewed source,"Warn that classification is fact-specific, preserve wage and work records, and condition official remedy links on jurisdiction and relationship.","Do not import adult-only eligibility assumptions, broad waivers, conclusive contractor labels, forced-dispute terms, or liability allocations without teen-safety and jurisdiction-specific review.",true,
MORT-LR-0251,GitLab,Privacy Policy,https://about.gitlab.com/privacy,about.gitlab.com,2026-07-19,"September 11, 2025",United States,workforce_employment_platforms,Workforce and employment platforms,"worker, applicant, employer, platform operator",account_and_eligibility | safety_and_conduct | payments_and_fees | disputes_and_appeals | privacy_and_retention | location | identity_and_verification | minors_and_guardians | moderation_and_enforcement,reviewed_direct_and_tracked,current Open Terms Archive text version mapped to the official first-party source,200,https://about.gitlab.com/privacy/,text/markdown,d4dc5f30e6aae88f0e73d2f1cd5572eb994c8c0a6e9565d02ce047bbf22d9913,https://raw.githubusercontent.com/OpenTermsArchive/contrib-versions/main/GitLab/Privacy%20Policy.md,https://raw.githubusercontent.com/OpenTermsArchive/contrib-declarations/main/declarations/GitLab.json,,,"GitLab's Privacy Policy addresses account and eligibility, safety and conduct, payments and fees, disputes and appeals for workforce and employment platforms. MORT can use the observed pattern as comparative input, but must draft its own teen-safe language and obtain jurisdiction-specific attorney review.","Uses stated conduct, risk, restriction, reporting, or safety controls; MORT must retain emergency escalation and victim-centered treatment.","Addresses payment, fees, refunds, wages, or transaction duties; MORT must still state that its current flow records preferences and obligations without processing funds.","Provides a complaint, dispute, mediation, arbitration, or appeal pattern; MORT must preserve private review and avoid promising court outcomes.","Contains child, youth, age, parent, or guardian treatment that requires comparison with MORT's 13-17 role and optional Guardian Mode.","Addresses personal information, privacy rights, retention, or deletion; MORT must apply minimization to location, evidence, documents, and youth data.",Addresses location or address data; MORT should release exact job locations only after authorization and record the release state.,"Discusses identity, screening, background checks, or biometrics; MORT must label each signal precisely and avoid calling nonauthoritative checks identity proof.",No detailed liability or insurance allocation was observed in this document.,not observed in reviewed source,not observed in reviewed source,not observed in reviewed source,"Warn that classification is fact-specific, preserve wage and work records, and condition official remedy links on jurisdiction and relationship.","Do not import adult-only eligibility assumptions, broad waivers, conclusive contractor labels, forced-dispute terms, or liability allocations without teen-safety and jurisdiction-specific review.",true,
MORT-LR-0252,GitLab,Vulnerability Disclosure Policy,https://about.gitlab.com/security/disclosure,about.gitlab.com,2026-07-19,not visible in reviewed source,United States,workforce_employment_platforms,Workforce and employment platforms,"worker, applicant, employer, platform operator",privacy_and_retention,reviewed_direct_and_tracked,current Open Terms Archive text version mapped to the official first-party source,200,https://about.gitlab.com/security/disclosure/,text/markdown,43750d33418c19f39f955fafaf3078d824cf20f66a73bf97f1b0f5e030f7a4b7,https://raw.githubusercontent.com/OpenTermsArchive/contrib-versions/main/GitLab/Vulnerability%20Disclosure%20Policy.md,https://raw.githubusercontent.com/OpenTermsArchive/contrib-declarations/main/declarations/GitLab.json,,,"GitLab's Vulnerability Disclosure Policy addresses privacy and retention for workforce and employment platforms. MORT can use the observed pattern as comparative input, but must draft its own teen-safe language and obtain jurisdiction-specific attorney review.","No detailed safety framework was observed in this document; MORT needs a separate, explicit safety policy.",No material payment process was observed in this document.,No detailed dispute path was observed in this document.,No material minor-user treatment was observed; this gap makes the source unsuitable as a complete model for MORT.,"Addresses personal information, privacy rights, retention, or deletion; MORT must apply minimization to location, evidence, documents, and youth data.",No material location treatment was observed in this document.,No material identity-verification process was observed in this document.,No detailed liability or insurance allocation was observed in this document.,not observed in reviewed source,not observed in reviewed source,not observed in reviewed source,"Warn that classification is fact-specific, preserve wage and work records, and condition official remedy links on jurisdiction and relationship.","Do not import adult-only eligibility assumptions, broad waivers, conclusive contractor labels, forced-dispute terms, or liability allocations without teen-safety and jurisdiction-specific review.",true,
MORT-LR-0253,GitLab,Terms of Service,https://about.gitlab.com/handbook/legal/policies/website-terms-of-use,about.gitlab.com,2026-07-19,28 April 2022,United States,workforce_employment_platforms,Workforce and employment platforms,"worker, applicant, employer, platform operator",account_and_eligibility | safety_and_conduct | payments_and_fees | privacy_and_retention | liability_and_insurance | moderation_and_enforcement,reviewed_direct_and_tracked,current Open Terms Archive text version mapped to the official first-party source,200,https://handbook.gitlab.com/handbook/legal/policies/website-terms-of-use/,text/markdown,8ed0b231379b1ea951e527a665aff3c6fe692d7e68f4f9cc42f9567a50d5551e,https://raw.githubusercontent.com/OpenTermsArchive/contrib-versions/main/GitLab/Terms%20of%20Service.md,https://raw.githubusercontent.com/OpenTermsArchive/contrib-declarations/main/declarations/GitLab.json,,,"GitLab's Terms of Service addresses account and eligibility, safety and conduct, payments and fees, privacy and retention for workforce and employment platforms. MORT can use the observed pattern as comparative input, but must draft its own teen-safe language and obtain jurisdiction-specific attorney review.","Uses stated conduct, risk, restriction, reporting, or safety controls; MORT must retain emergency escalation and victim-centered treatment.","Addresses payment, fees, refunds, wages, or transaction duties; MORT must still state that its current flow records preferences and obligations without processing funds.",No detailed dispute path was observed in this document.,No material minor-user treatment was observed; this gap makes the source unsuitable as a complete model for MORT.,"Addresses personal information, privacy rights, retention, or deletion; MORT must apply minimization to location, evidence, documents, and youth data.",No material location treatment was observed in this document.,No material identity-verification process was observed in this document.,"Contains liability, warranty, indemnity, or insurance allocation that cannot be transferred to MORT without attorney review and nonwaivable-right analysis.",not observed in reviewed source,not observed in reviewed source,present in reviewed source,"Warn that classification is fact-specific, preserve wage and work records, and condition official remedy links on jurisdiction and relationship.","Do not import adult-only eligibility assumptions, broad waivers, conclusive contractor labels, forced-dispute terms, or liability allocations without teen-safety and jurisdiction-specific review.",true,
MORT-LR-0254,Y Combinator,Terms of Service,https://www.ycombinator.com/legal,www.ycombinator.com,2026-07-19,not visible in reviewed source,multi-jurisdiction or source-specific,workforce_employment_platforms,Workforce and employment platforms,"worker, applicant, employer, platform operator",account_and_eligibility | safety_and_conduct | payments_and_fees | disputes_and_appeals | privacy_and_retention | location | liability_and_insurance | minors_and_guardians | moderation_and_enforcement,reviewed_direct_and_tracked,current Open Terms Archive text version mapped to the official first-party source,200,https://www.ycombinator.com/legal/,text/markdown,7fcb8914ac289f1d1a8ce7675c49e415ecd4f8e7a909c331a495bd5d84897291,https://raw.githubusercontent.com/OpenTermsArchive/contrib-versions/main/Y%20Combinator/Terms%20of%20Service.md,https://raw.githubusercontent.com/OpenTermsArchive/contrib-declarations/main/declarations/Y%20Combinator.json,,,"Y Combinator's Terms of Service addresses account and eligibility, safety and conduct, payments and fees, disputes and appeals for workforce and employment platforms. MORT can use the observed pattern as comparative input, but must draft its own teen-safe language and obtain jurisdiction-specific attorney review.","Uses stated conduct, risk, restriction, reporting, or safety controls; MORT must retain emergency escalation and victim-centered treatment.","Addresses payment, fees, refunds, wages, or transaction duties; MORT must still state that its current flow records preferences and obligations without processing funds.","Provides a complaint, dispute, mediation, arbitration, or appeal pattern; MORT must preserve private review and avoid promising court outcomes.","Contains child, youth, age, parent, or guardian treatment that requires comparison with MORT's 13-17 role and optional Guardian Mode.","Addresses personal information, privacy rights, retention, or deletion; MORT must apply minimization to location, evidence, documents, and youth data.",Addresses location or address data; MORT should release exact job locations only after authorization and record the release state.,No material identity-verification process was observed in this document.,"Contains liability, warranty, indemnity, or insurance allocation that cannot be transferred to MORT without attorney review and nonwaivable-right analysis.",present in reviewed source,present in reviewed source,present in reviewed source,"Warn that classification is fact-specific, preserve wage and work records, and condition official remedy links on jurisdiction and relationship.","Do not import adult-only eligibility assumptions, broad waivers, conclusive contractor labels, forced-dispute terms, or liability allocations without teen-safety and jurisdiction-specific review.",true,
MORT-LR-0255,Stack Overflow,Acceptable Use Policy,https://stackoverflow.com/legal/acceptable-use-policy,stackoverflow.com,2026-07-19,not visible in reviewed source,multi-jurisdiction or source-specific,workforce_employment_platforms,Workforce and employment platforms,"worker, applicant, employer, platform operator",account_and_eligibility | safety_and_conduct | disputes_and_appeals | privacy_and_retention | location | identity_and_verification | minors_and_guardians | moderation_and_enforcement,reviewed_direct_and_tracked,current Open Terms Archive text version mapped to the official first-party source,200,https://stackoverflow.com/legal/acceptable-use-policy,text/markdown,2bafaaae5e43302f08fe73e3443a74142a0c3c3c4c0e47d327c237e62883bf53,https://raw.githubusercontent.com/OpenTermsArchive/contrib-versions/main/Stack%20Overflow/Acceptable%20Use%20Policy.md,https://raw.githubusercontent.com/OpenTermsArchive/contrib-declarations/main/declarations/Stack%20Overflow.json,,,"Stack Overflow's Acceptable Use Policy addresses account and eligibility, safety and conduct, disputes and appeals, privacy and retention for workforce and employment platforms. MORT can use the observed pattern as comparative input, but must draft its own teen-safe language and obtain jurisdiction-specific attorney review.","Uses stated conduct, risk, restriction, reporting, or safety controls; MORT must retain emergency escalation and victim-centered treatment.",No material payment process was observed in this document.,"Provides a complaint, dispute, mediation, arbitration, or appeal pattern; MORT must preserve private review and avoid promising court outcomes.","Contains child, youth, age, parent, or guardian treatment that requires comparison with MORT's 13-17 role and optional Guardian Mode.","Addresses personal information, privacy rights, retention, or deletion; MORT must apply minimization to location, evidence, documents, and youth data.",Addresses location or address data; MORT should release exact job locations only after authorization and record the release state.,"Discusses identity, screening, background checks, or biometrics; MORT must label each signal precisely and avoid calling nonauthoritative checks identity proof.",No detailed liability or insurance allocation was observed in this document.,not observed in reviewed source,not observed in reviewed source,not observed in reviewed source,"Warn that classification is fact-specific, preserve wage and work records, and condition official remedy links on jurisdiction and relationship.","Do not import adult-only eligibility assumptions, broad waivers, conclusive contractor labels, forced-dispute terms, or liability allocations without teen-safety and jurisdiction-specific review.",true,
MORT-LR-0256,O'Reilly,Terms of Service,https://www.oreilly.com/terms,www.oreilly.com,2026-07-19,"December 19, 2019",United States,workforce_employment_platforms,Workforce and employment platforms,"worker, applicant, employer, platform operator",account_and_eligibility | safety_and_conduct | payments_and_fees | disputes_and_appeals | privacy_and_retention | location | identity_and_verification | liability_and_insurance | minors_and_guardians | moderation_and_enforcement,reviewed_direct_and_tracked,current Open Terms Archive text version mapped to the official first-party source,200,https://www.oreilly.com/terms/,text/markdown,eaa284a1f50d2f8ecae384f2406a311547553d6db46e1278dd862e4549e43958,https://raw.githubusercontent.com/OpenTermsArchive/contrib-versions/main/O'Reilly/Terms%20of%20Service.md,https://raw.githubusercontent.com/OpenTermsArchive/contrib-declarations/main/declarations/O'Reilly.json,,,"O'Reilly's Terms of Service addresses account and eligibility, safety and conduct, payments and fees, disputes and appeals for workforce and employment platforms. MORT can use the observed pattern as comparative input, but must draft its own teen-safe language and obtain jurisdiction-specific attorney review.","Uses stated conduct, risk, restriction, reporting, or safety controls; MORT must retain emergency escalation and victim-centered treatment.","Addresses payment, fees, refunds, wages, or transaction duties; MORT must still state that its current flow records preferences and obligations without processing funds.","Provides a complaint, dispute, mediation, arbitration, or appeal pattern; MORT must preserve private review and avoid promising court outcomes.","Contains child, youth, age, parent, or guardian treatment that requires comparison with MORT's 13-17 role and optional Guardian Mode.","Addresses personal information, privacy rights, retention, or deletion; MORT must apply minimization to location, evidence, documents, and youth data.",Addresses location or address data; MORT should release exact job locations only after authorization and record the release state.,"Discusses identity, screening, background checks, or biometrics; MORT must label each signal precisely and avoid calling nonauthoritative checks identity proof.","Contains liability, warranty, indemnity, or insurance allocation that cannot be transferred to MORT without attorney review and nonwaivable-right analysis.",not observed in reviewed source,not observed in reviewed source,present in reviewed source,"Warn that classification is fact-specific, preserve wage and work records, and condition official remedy links on jurisdiction and relationship.","Do not import adult-only eligibility assumptions, broad waivers, conclusive contractor labels, forced-dispute terms, or liability allocations without teen-safety and jurisdiction-specific review.",true,
MORT-LR-0257,PayPal,Privacy Policy,https://www.paypal.com/cz/webapps/mpp/ua/privacy-full?locale.x=en_CZ,www.paypal.com,2026-07-19,6 May 2026,European Union / EEA,payment_financial_platforms,Payment and financial platforms,"payer, payee, account holder, payment provider",account_and_eligibility | safety_and_conduct | payments_and_fees | disputes_and_appeals | privacy_and_retention | location | identity_and_verification | liability_and_insurance | minors_and_guardians | moderation_and_enforcement,reviewed_direct_and_tracked,current Open Terms Archive text version mapped to the official first-party source,200,https://www.paypal.com/cz/legalhub/paypal/privacy-full?locale.x=en_CZ,text/markdown,74f9e6d64299f35220bdb7a761bac46b6cf8460ac98910593aebf708499c248b,https://raw.githubusercontent.com/OpenTermsArchive/contrib-versions/main/PayPal/Privacy%20Policy.md,https://raw.githubusercontent.com/OpenTermsArchive/contrib-declarations/main/declarations/PayPal.json,,,"PayPal's Privacy Policy addresses account and eligibility, safety and conduct, payments and fees, disputes and appeals for payment and financial platforms. MORT can use the observed pattern as comparative input, but must draft its own teen-safe language and obtain jurisdiction-specific attorney review.","Uses stated conduct, risk, restriction, reporting, or safety controls; MORT must retain emergency escalation and victim-centered treatment.","Addresses payment, fees, refunds, wages, or transaction duties; MORT must still state that its current flow records preferences and obligations without processing funds.","Provides a complaint, dispute, mediation, arbitration, or appeal pattern; MORT must preserve private review and avoid promising court outcomes.","Contains child, youth, age, parent, or guardian treatment that requires comparison with MORT's 13-17 role and optional Guardian Mode.","Addresses personal information, privacy rights, retention, or deletion; MORT must apply minimization to location, evidence, documents, and youth data.",Addresses location or address data; MORT should release exact job locations only after authorization and record the release state.,"Discusses identity, screening, background checks, or biometrics; MORT must label each signal precisely and avoid calling nonauthoritative checks identity proof.","Contains liability, warranty, indemnity, or insurance allocation that cannot be transferred to MORT without attorney review and nonwaivable-right analysis.",not observed in reviewed source,not observed in reviewed source,not observed in reviewed source,"State precisely whether money is processed, distinguish preference from receipt, preserve transaction evidence, and provide private dispute and error-resolution paths.","Do not import adult-only eligibility assumptions, broad waivers, conclusive contractor labels, forced-dispute terms, or liability allocations without teen-safety and jurisdiction-specific review.",true,
MORT-LR-0258,PayPal,Terms of Service,https://www.paypal.com/cz/webapps/mpp/ua/useragreement-full?locale.x=en_CZ,www.paypal.com,2026-07-19,22 January 2026,multi-jurisdiction or source-specific,payment_financial_platforms,Payment and financial platforms,"payer, payee, account holder, payment provider",account_and_eligibility | safety_and_conduct | payments_and_fees | disputes_and_appeals | privacy_and_retention | location | liability_and_insurance | moderation_and_enforcement,reviewed_direct_and_tracked,current Open Terms Archive text version mapped to the official first-party source,200,https://www.paypal.com/cz/legalhub/paypal/useragreement-full?locale.x=en_CZ,text/markdown,7978aac0000278db065e4c1dfcdee979e9bca42dcde3c9d3bffe4653734097c3,https://raw.githubusercontent.com/OpenTermsArchive/contrib-versions/main/PayPal/Terms%20of%20Service.md,https://raw.githubusercontent.com/OpenTermsArchive/contrib-declarations/main/declarations/PayPal.json,,,"PayPal's Terms of Service addresses account and eligibility, safety and conduct, payments and fees, disputes and appeals for payment and financial platforms. MORT can use the observed pattern as comparative input, but must draft its own teen-safe language and obtain jurisdiction-specific attorney review.","Uses stated conduct, risk, restriction, reporting, or safety controls; MORT must retain emergency escalation and victim-centered treatment.","Addresses payment, fees, refunds, wages, or transaction duties; MORT must still state that its current flow records preferences and obligations without processing funds.","Provides a complaint, dispute, mediation, arbitration, or appeal pattern; MORT must preserve private review and avoid promising court outcomes.",No material minor-user treatment was observed; this gap makes the source unsuitable as a complete model for MORT.,"Addresses personal information, privacy rights, retention, or deletion; MORT must apply minimization to location, evidence, documents, and youth data.",Addresses location or address data; MORT should release exact job locations only after authorization and record the release state.,No material identity-verification process was observed in this document.,"Contains liability, warranty, indemnity, or insurance allocation that cannot be transferred to MORT without attorney review and nonwaivable-right analysis.",not observed in reviewed source,not observed in reviewed source,present in reviewed source,"State precisely whether money is processed, distinguish preference from receipt, preserve transaction evidence, and provide private dispute and error-resolution paths.","Do not import adult-only eligibility assumptions, broad waivers, conclusive contractor labels, forced-dispute terms, or liability allocations without teen-safety and jurisdiction-specific review.",true,
MORT-LR-0259,Wise,Terms of Service,https://wise.com/eu/legal/terms-of-use,wise.com,2026-07-19,not visible in reviewed source,European Union / EEA,payment_financial_platforms,Payment and financial platforms,"payer, payee, account holder, payment provider",account_and_eligibility | safety_and_conduct | payments_and_fees | disputes_and_appeals | privacy_and_retention | location | identity_and_verification | liability_and_insurance | minors_and_guardians | moderation_and_enforcement,reviewed_direct_and_tracked,current Open Terms Archive text version mapped to the official first-party source,200,https://wise.com/eu/legal/terms-of-use,text/markdown,bf61c25b2888399fc8d9998978f151d43398d94dda3baddb56e4bff5ae504fa3,https://raw.githubusercontent.com/OpenTermsArchive/contrib-versions/main/Wise/Terms%20of%20Service.md,https://raw.githubusercontent.com/OpenTermsArchive/contrib-declarations/main/declarations/Wise.json,,,"Wise's Terms of Service addresses account and eligibility, safety and conduct, payments and fees, disputes and appeals for payment and financial platforms. MORT can use the observed pattern as comparative input, but must draft its own teen-safe language and obtain jurisdiction-specific attorney review.","Uses stated conduct, risk, restriction, reporting, or safety controls; MORT must retain emergency escalation and victim-centered treatment.","Addresses payment, fees, refunds, wages, or transaction duties; MORT must still state that its current flow records preferences and obligations without processing funds.","Provides a complaint, dispute, mediation, arbitration, or appeal pattern; MORT must preserve private review and avoid promising court outcomes.","Contains child, youth, age, parent, or guardian treatment that requires comparison with MORT's 13-17 role and optional Guardian Mode.","Addresses personal information, privacy rights, retention, or deletion; MORT must apply minimization to location, evidence, documents, and youth data.",Addresses location or address data; MORT should release exact job locations only after authorization and record the release state.,"Discusses identity, screening, background checks, or biometrics; MORT must label each signal precisely and avoid calling nonauthoritative checks identity proof.","Contains liability, warranty, indemnity, or insurance allocation that cannot be transferred to MORT without attorney review and nonwaivable-right analysis.",not observed in reviewed source,not observed in reviewed source,not observed in reviewed source,"State precisely whether money is processed, distinguish preference from receipt, preserve transaction evidence, and provide private dispute and error-resolution paths.","Do not import adult-only eligibility assumptions, broad waivers, conclusive contractor labels, forced-dispute terms, or liability allocations without teen-safety and jurisdiction-specific review.",true,
MORT-LR-0260,Google Pay,Terms of Service,https://payments.google.com/payments/apis-secure/u/0/get_legal_document?ldo=0&ldt=buyertos&ldr=GB,payments.google.com,2026-07-19,not visible in reviewed source,multi-jurisdiction or source-specific,payment_financial_platforms,Payment and financial platforms,"payer, payee, account holder, payment provider",account_and_eligibility | payments_and_fees | disputes_and_appeals | privacy_and_retention | location | minors_and_guardians,reviewed_direct_and_tracked,current Open Terms Archive text version mapped to the official first-party source,200,https://payments.google.com/payments/apis-secure/get_legal_document?ldo=0&ldt=buyertos&ldr=GB,text/markdown,fabb653690fd9953bb8504b1a6bf3d372b647c936a50c0a82fcc9cff3f652ede,https://raw.githubusercontent.com/OpenTermsArchive/contrib-versions/main/Google%20Pay/Terms%20of%20Service.md,https://raw.githubusercontent.com/OpenTermsArchive/contrib-declarations/main/declarations/Google%20Pay.json,,,"Google Pay's Terms of Service addresses account and eligibility, payments and fees, disputes and appeals, privacy and retention for payment and financial platforms. MORT can use the observed pattern as comparative input, but must draft its own teen-safe language and obtain jurisdiction-specific attorney review.","No detailed safety framework was observed in this document; MORT needs a separate, explicit safety policy.","Addresses payment, fees, refunds, wages, or transaction duties; MORT must still state that its current flow records preferences and obligations without processing funds.","Provides a complaint, dispute, mediation, arbitration, or appeal pattern; MORT must preserve private review and avoid promising court outcomes.","Contains child, youth, age, parent, or guardian treatment that requires comparison with MORT's 13-17 role and optional Guardian Mode.","Addresses personal information, privacy rights, retention, or deletion; MORT must apply minimization to location, evidence, documents, and youth data.",Addresses location or address data; MORT should release exact job locations only after authorization and record the release state.,No material identity-verification process was observed in this document.,No detailed liability or insurance allocation was observed in this document.,not observed in reviewed source,not observed in reviewed source,not observed in reviewed source,"State precisely whether money is processed, distinguish preference from receipt, preserve transaction evidence, and provide private dispute and error-resolution paths.","Do not import adult-only eligibility assumptions, broad waivers, conclusive contractor labels, forced-dispute terms, or liability allocations without teen-safety and jurisdiction-specific review.",true,
MORT-LR-0261,Google Pay,Privacy Policy,https://payments.google.com/payments/apis-secure/get_legal_document?ldo=0&ldt=privacynotice&ldl=en,payments.google.com,2026-07-19,not visible in reviewed source,United Kingdom,payment_financial_platforms,Payment and financial platforms,"payer, payee, account holder, payment provider",account_and_eligibility | safety_and_conduct | payments_and_fees | privacy_and_retention | location | identity_and_verification | liability_and_insurance | minors_and_guardians | moderation_and_enforcement,reviewed_direct_and_tracked,current Open Terms Archive text version mapped to the official first-party source,200,https://payments.google.com/payments/apis-secure/get_legal_document?ldo=0&ldt=privacynotice&ldl=en,text/markdown,044bed6f9d2ca8a7296dd5f80f6864d30cdb3ac471cef62d7a352093efad3d0e,https://raw.githubusercontent.com/OpenTermsArchive/contrib-versions/main/Google%20Pay/Privacy%20Policy.md,https://raw.githubusercontent.com/OpenTermsArchive/contrib-declarations/main/declarations/Google%20Pay.json,,,"Google Pay's Privacy Policy addresses account and eligibility, safety and conduct, payments and fees, privacy and retention for payment and financial platforms. MORT can use the observed pattern as comparative input, but must draft its own teen-safe language and obtain jurisdiction-specific attorney review.","Uses stated conduct, risk, restriction, reporting, or safety controls; MORT must retain emergency escalation and victim-centered treatment.","Addresses payment, fees, refunds, wages, or transaction duties; MORT must still state that its current flow records preferences and obligations without processing funds.",No detailed dispute path was observed in this document.,"Contains child, youth, age, parent, or guardian treatment that requires comparison with MORT's 13-17 role and optional Guardian Mode.","Addresses personal information, privacy rights, retention, or deletion; MORT must apply minimization to location, evidence, documents, and youth data.",Addresses location or address data; MORT should release exact job locations only after authorization and record the release state.,"Discusses identity, screening, background checks, or biometrics; MORT must label each signal precisely and avoid calling nonauthoritative checks identity proof.","Contains liability, warranty, indemnity, or insurance allocation that cannot be transferred to MORT without attorney review and nonwaivable-right analysis.",not observed in reviewed source,not observed in reviewed source,not observed in reviewed source,"State precisely whether money is processed, distinguish preference from receipt, preserve transaction evidence, and provide private dispute and error-resolution paths.","Do not import adult-only eligibility assumptions, broad waivers, conclusive contractor labels, forced-dispute terms, or liability allocations without teen-safety and jurisdiction-specific review.",true,
MORT-LR-0262,Facebook Payments,Terms of Service,https://www.facebook.com/payments_terms,www.facebook.com,2026-07-19,"April 30, 2026",multi-jurisdiction or source-specific,payment_financial_platforms,Payment and financial platforms,"payer, payee, account holder, payment provider",account_and_eligibility | safety_and_conduct | payments_and_fees | disputes_and_appeals | privacy_and_retention | location | identity_and_verification | liability_and_insurance | minors_and_guardians | moderation_and_enforcement,reviewed_direct_and_tracked,current Open Terms Archive text version mapped to the official first-party source,200,https://www.facebook.com/payments_terms,text/markdown,c95ad276f156afb1ebcef532b952fccfa7263f48abf05d9c851e14985da96fba,https://raw.githubusercontent.com/OpenTermsArchive/contrib-versions/main/Facebook%20Payments/Terms%20of%20Service.md,https://raw.githubusercontent.com/OpenTermsArchive/contrib-declarations/main/declarations/Facebook%20Payments.json,,,"Facebook Payments's Terms of Service addresses account and eligibility, safety and conduct, payments and fees, disputes and appeals for payment and financial platforms. MORT can use the observed pattern as comparative input, but must draft its own teen-safe language and obtain jurisdiction-specific attorney review.","Uses stated conduct, risk, restriction, reporting, or safety controls; MORT must retain emergency escalation and victim-centered treatment.","Addresses payment, fees, refunds, wages, or transaction duties; MORT must still state that its current flow records preferences and obligations without processing funds.","Provides a complaint, dispute, mediation, arbitration, or appeal pattern; MORT must preserve private review and avoid promising court outcomes.","Contains child, youth, age, parent, or guardian treatment that requires comparison with MORT's 13-17 role and optional Guardian Mode.","Addresses personal information, privacy rights, retention, or deletion; MORT must apply minimization to location, evidence, documents, and youth data.",Addresses location or address data; MORT should release exact job locations only after authorization and record the release state.,"Discusses identity, screening, background checks, or biometrics; MORT must label each signal precisely and avoid calling nonauthoritative checks identity proof.","Contains liability, warranty, indemnity, or insurance allocation that cannot be transferred to MORT without attorney review and nonwaivable-right analysis.",not observed in reviewed source,not observed in reviewed source,not observed in reviewed source,"State precisely whether money is processed, distinguish preference from receipt, preserve transaction evidence, and provide private dispute and error-resolution paths.","Do not import adult-only eligibility assumptions, broad waivers, conclusive contractor labels, forced-dispute terms, or liability allocations without teen-safety and jurisdiction-specific review.",true,
MORT-LR-0263,Facebook Payments,Developer Terms,https://developers.facebook.com/policy/credits,developers.facebook.com,2026-07-19,"August 31, 2020",United States,payment_financial_platforms,Payment and financial platforms,"payer, payee, account holder, payment provider",account_and_eligibility | safety_and_conduct | payments_and_fees | disputes_and_appeals | privacy_and_retention | location | liability_and_insurance | minors_and_guardians | moderation_and_enforcement,reviewed_direct_and_tracked,current Open Terms Archive text version mapped to the official first-party source,200,https://developers.facebook.com/policy/credits,text/markdown,1ea60397c7c738f113fd930a345a3735d5cca70262d8d22885e882e7c8d86fc2,https://raw.githubusercontent.com/OpenTermsArchive/contrib-versions/main/Facebook%20Payments/Developer%20Terms.md,https://raw.githubusercontent.com/OpenTermsArchive/contrib-declarations/main/declarations/Facebook%20Payments.json,,,"Facebook Payments's Developer Terms addresses account and eligibility, safety and conduct, payments and fees, disputes and appeals for payment and financial platforms. MORT can use the observed pattern as comparative input, but must draft its own teen-safe language and obtain jurisdiction-specific attorney review.","Uses stated conduct, risk, restriction, reporting, or safety controls; MORT must retain emergency escalation and victim-centered treatment.","Addresses payment, fees, refunds, wages, or transaction duties; MORT must still state that its current flow records preferences and obligations without processing funds.","Provides a complaint, dispute, mediation, arbitration, or appeal pattern; MORT must preserve private review and avoid promising court outcomes.","Contains child, youth, age, parent, or guardian treatment that requires comparison with MORT's 13-17 role and optional Guardian Mode.","Addresses personal information, privacy rights, retention, or deletion; MORT must apply minimization to location, evidence, documents, and youth data.",Addresses location or address data; MORT should release exact job locations only after authorization and record the release state.,No material identity-verification process was observed in this document.,"Contains liability, warranty, indemnity, or insurance allocation that cannot be transferred to MORT without attorney review and nonwaivable-right analysis.",not observed in reviewed source,not observed in reviewed source,present in reviewed source,"State precisely whether money is processed, distinguish preference from receipt, preserve transaction evidence, and provide private dispute and error-resolution paths.","Do not import adult-only eligibility assumptions, broad waivers, conclusive contractor labels, forced-dispute terms, or liability allocations without teen-safety and jurisdiction-specific review.",true,
MORT-LR-0264,Flutterwave,Privacy Policy,https://flutterwave.com/us/terms,flutterwave.com,2026-07-19,not visible in reviewed source,United States,payment_financial_platforms,Payment and financial platforms,"payer, payee, account holder, payment provider",account_and_eligibility | safety_and_conduct | payments_and_fees | disputes_and_appeals | privacy_and_retention | location | liability_and_insurance | minors_and_guardians | moderation_and_enforcement,reviewed_direct_and_tracked,current Open Terms Archive text version mapped to the official first-party source,200,https://flutterwave.com/us/terms,text/markdown,ca8c0fc13efd9bae531205e64cd2d1470cac745daaee8ec29e92711b4ac70570,https://raw.githubusercontent.com/OpenTermsArchive/contrib-versions/main/Flutterwave/Privacy%20Policy.md,https://raw.githubusercontent.com/OpenTermsArchive/contrib-declarations/main/declarations/Flutterwave.json,,,"Flutterwave's Privacy Policy addresses account and eligibility, safety and conduct, payments and fees, disputes and appeals for payment and financial platforms. MORT can use the observed pattern as comparative input, but must draft its own teen-safe language and obtain jurisdiction-specific attorney review.","Uses stated conduct, risk, restriction, reporting, or safety controls; MORT must retain emergency escalation and victim-centered treatment.","Addresses payment, fees, refunds, wages, or transaction duties; MORT must still state that its current flow records preferences and obligations without processing funds.","Provides a complaint, dispute, mediation, arbitration, or appeal pattern; MORT must preserve private review and avoid promising court outcomes.","Contains child, youth, age, parent, or guardian treatment that requires comparison with MORT's 13-17 role and optional Guardian Mode.","Addresses personal information, privacy rights, retention, or deletion; MORT must apply minimization to location, evidence, documents, and youth data.",Addresses location or address data; MORT should release exact job locations only after authorization and record the release state.,No material identity-verification process was observed in this document.,"Contains liability, warranty, indemnity, or insurance allocation that cannot be transferred to MORT without attorney review and nonwaivable-right analysis.",not observed in reviewed source,not observed in reviewed source,present in reviewed source,"State precisely whether money is processed, distinguish preference from receipt, preserve transaction evidence, and provide private dispute and error-resolution paths.","Do not import adult-only eligibility assumptions, broad waivers, conclusive contractor labels, forced-dispute terms, or liability allocations without teen-safety and jurisdiction-specific review.",true,
MORT-LR-0265,Epassi,Terms of Service,https://www.epassi.fi/terms-of-use,www.epassi.fi,2026-07-19,not visible in reviewed source,United States; United Kingdom; European Union / EEA,payment_financial_platforms,Payment and financial platforms,"payer, payee, account holder, payment provider",account_and_eligibility | safety_and_conduct | payments_and_fees | disputes_and_appeals | privacy_and_retention | location | identity_and_verification | liability_and_insurance | minors_and_guardians | moderation_and_enforcement,reviewed_direct_and_tracked,current Open Terms Archive text version mapped to the official first-party source,200,https://www.epassi.fi/terms-of-use,text/markdown,b67c07eebfc224dd38008a576c68ae25f54b17a566f70a1a50a19d027c37b7c2,https://raw.githubusercontent.com/OpenTermsArchive/contrib-versions/main/Epassi/Terms%20of%20Service.md,https://raw.githubusercontent.com/OpenTermsArchive/contrib-declarations/main/declarations/Epassi.json,,,"Epassi's Terms of Service addresses account and eligibility, safety and conduct, payments and fees, disputes and appeals for payment and financial platforms. MORT can use the observed pattern as comparative input, but must draft its own teen-safe language and obtain jurisdiction-specific attorney review.","Uses stated conduct, risk, restriction, reporting, or safety controls; MORT must retain emergency escalation and victim-centered treatment.","Addresses payment, fees, refunds, wages, or transaction duties; MORT must still state that its current flow records preferences and obligations without processing funds.","Provides a complaint, dispute, mediation, arbitration, or appeal pattern; MORT must preserve private review and avoid promising court outcomes.","Contains child, youth, age, parent, or guardian treatment that requires comparison with MORT's 13-17 role and optional Guardian Mode.","Addresses personal information, privacy rights, retention, or deletion; MORT must apply minimization to location, evidence, documents, and youth data.",Addresses location or address data; MORT should release exact job locations only after authorization and record the release state.,"Discusses identity, screening, background checks, or biometrics; MORT must label each signal precisely and avoid calling nonauthoritative checks identity proof.","Contains liability, warranty, indemnity, or insurance allocation that cannot be transferred to MORT without attorney review and nonwaivable-right analysis.",not observed in reviewed source,not observed in reviewed source,not observed in reviewed source,"State precisely whether money is processed, distinguish preference from receipt, preserve transaction evidence, and provide private dispute and error-resolution paths.","Do not import adult-only eligibility assumptions, broad waivers, conclusive contractor labels, forced-dispute terms, or liability allocations without teen-safety and jurisdiction-specific review.",true,
MORT-LR-0266,Epassi,Privacy Policy,https://www.epassi.fi/privacy-policy,www.epassi.fi,2026-07-19,not visible in reviewed source,European Union / EEA,payment_financial_platforms,Payment and financial platforms,"payer, payee, account holder, payment provider",account_and_eligibility | payments_and_fees | disputes_and_appeals | privacy_and_retention | location | identity_and_verification | moderation_and_enforcement,reviewed_direct_and_tracked,current Open Terms Archive text version mapped to the official first-party source,200,https://www.epassi.fi/privacy-policy,text/markdown,49790fcd858e03e24fdfcad17c9cf091131fcab5775e7b5a6a88bd1d8ab406b0,https://raw.githubusercontent.com/OpenTermsArchive/contrib-versions/main/Epassi/Privacy%20Policy.md,https://raw.githubusercontent.com/OpenTermsArchive/contrib-declarations/main/declarations/Epassi.json,,,"Epassi's Privacy Policy addresses account and eligibility, payments and fees, disputes and appeals, privacy and retention for payment and financial platforms. MORT can use the observed pattern as comparative input, but must draft its own teen-safe language and obtain jurisdiction-specific attorney review.","No detailed safety framework was observed in this document; MORT needs a separate, explicit safety policy.","Addresses payment, fees, refunds, wages, or transaction duties; MORT must still state that its current flow records preferences and obligations without processing funds.","Provides a complaint, dispute, mediation, arbitration, or appeal pattern; MORT must preserve private review and avoid promising court outcomes.",No material minor-user treatment was observed; this gap makes the source unsuitable as a complete model for MORT.,"Addresses personal information, privacy rights, retention, or deletion; MORT must apply minimization to location, evidence, documents, and youth data.",Addresses location or address data; MORT should release exact job locations only after authorization and record the release state.,"Discusses identity, screening, background checks, or biometrics; MORT must label each signal precisely and avoid calling nonauthoritative checks identity proof.",No detailed liability or insurance allocation was observed in this document.,not observed in reviewed source,not observed in reviewed source,not observed in reviewed source,"State precisely whether money is processed, distinguish preference from receipt, preserve transaction evidence, and provide private dispute and error-resolution paths.","Do not import adult-only eligibility assumptions, broad waivers, conclusive contractor labels, forced-dispute terms, or liability allocations without teen-safety and jurisdiction-specific review.",true,
MORT-LR-0267,OPay,Privacy Policy,https://www.opayweb.com/privacy-policy,www.opayweb.com,2026-07-19,not visible in reviewed source,multi-jurisdiction or source-specific,payment_financial_platforms,Payment and financial platforms,"payer, payee, account holder, payment provider",account_and_eligibility | safety_and_conduct | payments_and_fees | disputes_and_appeals | privacy_and_retention | location | identity_and_verification | minors_and_guardians | moderation_and_enforcement,reviewed_direct_and_tracked,current Open Terms Archive text version mapped to the official first-party source,200,https://www.opayweb.com/privacy-policy/,text/markdown,ded4fb0104006ec6251c167164482cffb02594eefdf25dc04ebfc0c3922f63a1,https://raw.githubusercontent.com/OpenTermsArchive/contrib-versions/main/OPay/Privacy%20Policy.md,https://raw.githubusercontent.com/OpenTermsArchive/contrib-declarations/main/declarations/OPay.json,,,"OPay's Privacy Policy addresses account and eligibility, safety and conduct, payments and fees, disputes and appeals for payment and financial platforms. MORT can use the observed pattern as comparative input, but must draft its own teen-safe language and obtain jurisdiction-specific attorney review.","Uses stated conduct, risk, restriction, reporting, or safety controls; MORT must retain emergency escalation and victim-centered treatment.","Addresses payment, fees, refunds, wages, or transaction duties; MORT must still state that its current flow records preferences and obligations without processing funds.","Provides a complaint, dispute, mediation, arbitration, or appeal pattern; MORT must preserve private review and avoid promising court outcomes.","Contains child, youth, age, parent, or guardian treatment that requires comparison with MORT's 13-17 role and optional Guardian Mode.","Addresses personal information, privacy rights, retention, or deletion; MORT must apply minimization to location, evidence, documents, and youth data.",Addresses location or address data; MORT should release exact job locations only after authorization and record the release state.,"Discusses identity, screening, background checks, or biometrics; MORT must label each signal precisely and avoid calling nonauthoritative checks identity proof.",No detailed liability or insurance allocation was observed in this document.,not observed in reviewed source,not observed in reviewed source,not observed in reviewed source,"State precisely whether money is processed, distinguish preference from receipt, preserve transaction evidence, and provide private dispute and error-resolution paths.","Do not import adult-only eligibility assumptions, broad waivers, conclusive contractor labels, forced-dispute terms, or liability allocations without teen-safety and jurisdiction-specific review.",true,
MORT-LR-0268,Vanco Payment Solutions,Terms of Service,https://www.vancopayments.com/terms-and-conditions,www.vancopayments.com,2026-07-19,not visible in reviewed source,United States,payment_financial_platforms,Payment and financial platforms,"payer, payee, account holder, payment provider",account_and_eligibility | safety_and_conduct | payments_and_fees | disputes_and_appeals | privacy_and_retention | location | liability_and_insurance | minors_and_guardians | moderation_and_enforcement,reviewed_direct_and_tracked,current Open Terms Archive text version mapped to the official first-party source,200,https://www.vancopayments.com/terms-and-conditions,text/markdown,f9bb79d11922fda245c1b9efeb7011199807196743a01616241ceb75a0ad7452,https://raw.githubusercontent.com/OpenTermsArchive/contrib-versions/main/Vanco%20Payment%20Solutions/Terms%20of%20Service.md,https://raw.githubusercontent.com/OpenTermsArchive/contrib-declarations/main/declarations/Vanco%20Payment%20Solutions.json,,,"Vanco Payment Solutions's Terms of Service addresses account and eligibility, safety and conduct, payments and fees, disputes and appeals for payment and financial platforms. MORT can use the observed pattern as comparative input, but must draft its own teen-safe language and obtain jurisdiction-specific attorney review.","Uses stated conduct, risk, restriction, reporting, or safety controls; MORT must retain emergency escalation and victim-centered treatment.","Addresses payment, fees, refunds, wages, or transaction duties; MORT must still state that its current flow records preferences and obligations without processing funds.","Provides a complaint, dispute, mediation, arbitration, or appeal pattern; MORT must preserve private review and avoid promising court outcomes.","Contains child, youth, age, parent, or guardian treatment that requires comparison with MORT's 13-17 role and optional Guardian Mode.","Addresses personal information, privacy rights, retention, or deletion; MORT must apply minimization to location, evidence, documents, and youth data.",Addresses location or address data; MORT should release exact job locations only after authorization and record the release state.,No material identity-verification process was observed in this document.,"Contains liability, warranty, indemnity, or insurance allocation that cannot be transferred to MORT without attorney review and nonwaivable-right analysis.",present in reviewed source,not observed in reviewed source,present in reviewed source,"State precisely whether money is processed, distinguish preference from receipt, preserve transaction evidence, and provide private dispute and error-resolution paths.","Do not import adult-only eligibility assumptions, broad waivers, conclusive contractor labels, forced-dispute terms, or liability allocations without teen-safety and jurisdiction-specific review.",true,
MORT-LR-0269,Vanco Payment Solutions,Privacy Policy,https://www.vancopayments.com/privacy,www.vancopayments.com,2026-07-19,"March 31, 2021",multi-jurisdiction or source-specific,payment_financial_platforms,Payment and financial platforms,"payer, payee, account holder, payment provider",account_and_eligibility | payments_and_fees | privacy_and_retention | location | identity_and_verification | liability_and_insurance | minors_and_guardians,reviewed_direct_and_tracked,current Open Terms Archive text version mapped to the official first-party source,200,https://www.vancopayments.com/privacy,text/markdown,65fdbb9f5bce4a3612441641c2281bd08445ae9fe66179584f778022358c0b97,https://raw.githubusercontent.com/OpenTermsArchive/contrib-versions/main/Vanco%20Payment%20Solutions/Privacy%20Policy.md,https://raw.githubusercontent.com/OpenTermsArchive/contrib-declarations/main/declarations/Vanco%20Payment%20Solutions.json,,,"Vanco Payment Solutions's Privacy Policy addresses account and eligibility, payments and fees, privacy and retention, location for payment and financial platforms. MORT can use the observed pattern as comparative input, but must draft its own teen-safe language and obtain jurisdiction-specific attorney review.","No detailed safety framework was observed in this document; MORT needs a separate, explicit safety policy.","Addresses payment, fees, refunds, wages, or transaction duties; MORT must still state that its current flow records preferences and obligations without processing funds.",No detailed dispute path was observed in this document.,"Contains child, youth, age, parent, or guardian treatment that requires comparison with MORT's 13-17 role and optional Guardian Mode.","Addresses personal information, privacy rights, retention, or deletion; MORT must apply minimization to location, evidence, documents, and youth data.",Addresses location or address data; MORT should release exact job locations only after authorization and record the release state.,"Discusses identity, screening, background checks, or biometrics; MORT must label each signal precisely and avoid calling nonauthoritative checks identity proof.","Contains liability, warranty, indemnity, or insurance allocation that cannot be transferred to MORT without attorney review and nonwaivable-right analysis.",not observed in reviewed source,not observed in reviewed source,not observed in reviewed source,"State precisely whether money is processed, distinguish preference from receipt, preserve transaction evidence, and provide private dispute and error-resolution paths.","Do not import adult-only eligibility assumptions, broad waivers, conclusive contractor labels, forced-dispute terms, or liability allocations without teen-safety and jurisdiction-specific review.",true,
MORT-LR-0270,HSBC,Privacy Policy,https://www.hsbc.com/privacy-notice,www.hsbc.com,2026-07-19,9 February 2024,United Kingdom; European Union / EEA,payment_financial_platforms,Payment and financial platforms,"payer, payee, account holder, payment provider",account_and_eligibility | payments_and_fees | privacy_and_retention | location,reviewed_direct_and_tracked,current Open Terms Archive text version mapped to the official first-party source,200,https://www.hsbc.com/privacy-notice,text/markdown,895d482c30c29597cae058e8b6885b84cf4b5f2ded256dc6823f8a21466f55b6,https://raw.githubusercontent.com/OpenTermsArchive/contrib-versions/main/HSBC/Privacy%20Policy.md,https://raw.githubusercontent.com/OpenTermsArchive/contrib-declarations/main/declarations/HSBC.json,,,"HSBC's Privacy Policy addresses account and eligibility, payments and fees, privacy and retention, location for payment and financial platforms. MORT can use the observed pattern as comparative input, but must draft its own teen-safe language and obtain jurisdiction-specific attorney review.","No detailed safety framework was observed in this document; MORT needs a separate, explicit safety policy.","Addresses payment, fees, refunds, wages, or transaction duties; MORT must still state that its current flow records preferences and obligations without processing funds.",No detailed dispute path was observed in this document.,No material minor-user treatment was observed; this gap makes the source unsuitable as a complete model for MORT.,"Addresses personal information, privacy rights, retention, or deletion; MORT must apply minimization to location, evidence, documents, and youth data.",Addresses location or address data; MORT should release exact job locations only after authorization and record the release state.,No material identity-verification process was observed in this document.,No detailed liability or insurance allocation was observed in this document.,not observed in reviewed source,not observed in reviewed source,not observed in reviewed source,"State precisely whether money is processed, distinguish preference from receipt, preserve transaction evidence, and provide private dispute and error-resolution paths.","Do not import adult-only eligibility assumptions, broad waivers, conclusive contractor labels, forced-dispute terms, or liability allocations without teen-safety and jurisdiction-specific review.",true,
MORT-LR-0271,HSBC,Terms of Service,https://www.hsbc.com/terms-and-conditions,www.hsbc.com,2026-07-19,not visible in reviewed source,United Kingdom; Canada,payment_financial_platforms,Payment and financial platforms,"payer, payee, account holder, payment provider",account_and_eligibility | safety_and_conduct | payments_and_fees | disputes_and_appeals | privacy_and_retention | location | liability_and_insurance | minors_and_guardians | moderation_and_enforcement,reviewed_direct_and_tracked,current Open Terms Archive text version mapped to the official first-party source,200,https://www.hsbc.com/terms-and-conditions,text/markdown,866560a2f4ecf5ed7007ae5a6cee67968be6fe7ccc780600412780b5735d180d,https://raw.githubusercontent.com/OpenTermsArchive/contrib-versions/main/HSBC/Terms%20of%20Service.md,https://raw.githubusercontent.com/OpenTermsArchive/contrib-declarations/main/declarations/HSBC.json,,,"HSBC's Terms of Service addresses account and eligibility, safety and conduct, payments and fees, disputes and appeals for payment and financial platforms. MORT can use the observed pattern as comparative input, but must draft its own teen-safe language and obtain jurisdiction-specific attorney review.","Uses stated conduct, risk, restriction, reporting, or safety controls; MORT must retain emergency escalation and victim-centered treatment.","Addresses payment, fees, refunds, wages, or transaction duties; MORT must still state that its current flow records preferences and obligations without processing funds.","Provides a complaint, dispute, mediation, arbitration, or appeal pattern; MORT must preserve private review and avoid promising court outcomes.","Contains child, youth, age, parent, or guardian treatment that requires comparison with MORT's 13-17 role and optional Guardian Mode.","Addresses personal information, privacy rights, retention, or deletion; MORT must apply minimization to location, evidence, documents, and youth data.",Addresses location or address data; MORT should release exact job locations only after authorization and record the release state.,No material identity-verification process was observed in this document.,"Contains liability, warranty, indemnity, or insurance allocation that cannot be transferred to MORT without attorney review and nonwaivable-right analysis.",not observed in reviewed source,not observed in reviewed source,not observed in reviewed source,"State precisely whether money is processed, distinguish preference from receipt, preserve transaction evidence, and provide private dispute and error-resolution paths.","Do not import adult-only eligibility assumptions, broad waivers, conclusive contractor labels, forced-dispute terms, or liability allocations without teen-safety and jurisdiction-specific review.",true,
MORT-LR-0272,Coinbase,Privacy Policy,https://www.coinbase.com/legal/privacy,www.coinbase.com,2026-07-19,"November 20, 2025",United Kingdom,payment_financial_platforms,Payment and financial platforms,"payer, payee, account holder, payment provider",account_and_eligibility | safety_and_conduct | payments_and_fees | disputes_and_appeals | privacy_and_retention | location | identity_and_verification | liability_and_insurance | minors_and_guardians | moderation_and_enforcement,reviewed_tracked_snapshot,current Open Terms Archive text version mapped to the official first-party source,403,https://www.coinbase.com/legal/privacy,text/markdown,5c418a19d2e8267e2863717ef15d72b2cf027875fef6561f32118ac27a581bc7,https://raw.githubusercontent.com/OpenTermsArchive/contrib-versions/main/Coinbase/Privacy%20Policy.md,https://raw.githubusercontent.com/OpenTermsArchive/contrib-declarations/main/declarations/Coinbase.json,,,"Coinbase's Privacy Policy addresses account and eligibility, safety and conduct, payments and fees, disputes and appeals for payment and financial platforms. MORT can use the observed pattern as comparative input, but must draft its own teen-safe language and obtain jurisdiction-specific attorney review.","Uses stated conduct, risk, restriction, reporting, or safety controls; MORT must retain emergency escalation and victim-centered treatment.","Addresses payment, fees, refunds, wages, or transaction duties; MORT must still state that its current flow records preferences and obligations without processing funds.","Provides a complaint, dispute, mediation, arbitration, or appeal pattern; MORT must preserve private review and avoid promising court outcomes.","Contains child, youth, age, parent, or guardian treatment that requires comparison with MORT's 13-17 role and optional Guardian Mode.","Addresses personal information, privacy rights, retention, or deletion; MORT must apply minimization to location, evidence, documents, and youth data.",Addresses location or address data; MORT should release exact job locations only after authorization and record the release state.,"Discusses identity, screening, background checks, or biometrics; MORT must label each signal precisely and avoid calling nonauthoritative checks identity proof.","Contains liability, warranty, indemnity, or insurance allocation that cannot be transferred to MORT without attorney review and nonwaivable-right analysis.",present in reviewed source,not observed in reviewed source,not observed in reviewed source,"State precisely whether money is processed, distinguish preference from receipt, preserve transaction evidence, and provide private dispute and error-resolution paths.","Do not import adult-only eligibility assumptions, broad waivers, conclusive contractor labels, forced-dispute terms, or liability allocations without teen-safety and jurisdiction-specific review.",true,
MORT-LR-0273,Coinbase,Trackers Policy,https://www.coinbase.com/legal/cookie,www.coinbase.com,2026-07-19,not visible in reviewed source,European Union / EEA; Canada,payment_financial_platforms,Payment and financial platforms,"payer, payee, account holder, payment provider",privacy_and_retention,reviewed_tracked_snapshot,current Open Terms Archive text version mapped to the official first-party source,403,https://www.coinbase.com/legal/cookie,text/markdown,9f1780ed5688b44b0c75f5cc2eb5c25a10cf6e55f109684477aaaba42c65c73a,https://raw.githubusercontent.com/OpenTermsArchive/contrib-versions/main/Coinbase/Trackers%20Policy.md,https://raw.githubusercontent.com/OpenTermsArchive/contrib-declarations/main/declarations/Coinbase.json,,,"Coinbase's Trackers Policy addresses privacy and retention for payment and financial platforms. MORT can use the observed pattern as comparative input, but must draft its own teen-safe language and obtain jurisdiction-specific attorney review.","No detailed safety framework was observed in this document; MORT needs a separate, explicit safety policy.",No material payment process was observed in this document.,No detailed dispute path was observed in this document.,No material minor-user treatment was observed; this gap makes the source unsuitable as a complete model for MORT.,"Addresses personal information, privacy rights, retention, or deletion; MORT must apply minimization to location, evidence, documents, and youth data.",No material location treatment was observed in this document.,No material identity-verification process was observed in this document.,No detailed liability or insurance allocation was observed in this document.,not observed in reviewed source,not observed in reviewed source,not observed in reviewed source,"State precisely whether money is processed, distinguish preference from receipt, preserve transaction evidence, and provide private dispute and error-resolution paths.","Do not import adult-only eligibility assumptions, broad waivers, conclusive contractor labels, forced-dispute terms, or liability allocations without teen-safety and jurisdiction-specific review.",true,
MORT-LR-0274,Coinbase,Terms of Service,https://www.coinbase.com/legal/user_agreement/ireland_europe,www.coinbase.com,2026-07-19,not visible in reviewed source,multi-jurisdiction or source-specific,payment_financial_platforms,Payment and financial platforms,"payer, payee, account holder, payment provider",account_and_eligibility | safety_and_conduct | payments_and_fees | disputes_and_appeals | privacy_and_retention | location | identity_and_verification | liability_and_insurance | moderation_and_enforcement,reviewed_tracked_snapshot,current Open Terms Archive text version mapped to the official first-party source,403,https://www.coinbase.com/legal/user_agreement/ireland_europe,text/markdown,e7019c5a45993f6ceb6fca11297424b8dd59fe17239ddd736bf59a15ec99eb85,https://raw.githubusercontent.com/OpenTermsArchive/contrib-versions/main/Coinbase/Terms%20of%20Service.md,https://raw.githubusercontent.com/OpenTermsArchive/contrib-declarations/main/declarations/Coinbase.json,,,"Coinbase's Terms of Service addresses account and eligibility, safety and conduct, payments and fees, disputes and appeals for payment and financial platforms. MORT can use the observed pattern as comparative input, but must draft its own teen-safe language and obtain jurisdiction-specific attorney review.","Uses stated conduct, risk, restriction, reporting, or safety controls; MORT must retain emergency escalation and victim-centered treatment.","Addresses payment, fees, refunds, wages, or transaction duties; MORT must still state that its current flow records preferences and obligations without processing funds.","Provides a complaint, dispute, mediation, arbitration, or appeal pattern; MORT must preserve private review and avoid promising court outcomes.",No material minor-user treatment was observed; this gap makes the source unsuitable as a complete model for MORT.,"Addresses personal information, privacy rights, retention, or deletion; MORT must apply minimization to location, evidence, documents, and youth data.",Addresses location or address data; MORT should release exact job locations only after authorization and record the release state.,"Discusses identity, screening, background checks, or biometrics; MORT must label each signal precisely and avoid calling nonauthoritative checks identity proof.","Contains liability, warranty, indemnity, or insurance allocation that cannot be transferred to MORT without attorney review and nonwaivable-right analysis.",not observed in reviewed source,not observed in reviewed source,present in reviewed source,"State precisely whether money is processed, distinguish preference from receipt, preserve transaction evidence, and provide private dispute and error-resolution paths.","Do not import adult-only eligibility assumptions, broad waivers, conclusive contractor labels, forced-dispute terms, or liability allocations without teen-safety and jurisdiction-specific review.",true,
MORT-LR-0275,Binance,Terms of Service,https://www.binance.com/en/terms,www.binance.com,2026-07-19,10 October 2025,multi-jurisdiction or source-specific,payment_financial_platforms,Payment and financial platforms,"payer, payee, account holder, payment provider",account_and_eligibility | privacy_and_retention,reviewed_direct_and_tracked,current Open Terms Archive text version mapped to the official first-party source,202,https://www.binance.com/en/terms,text/markdown,255fcace9433ee93a663f6d01fd2df9d1967caa2dfe72fc82507e67c4ea268dc,https://raw.githubusercontent.com/OpenTermsArchive/contrib-versions/main/Binance/Terms%20of%20Service.md,https://raw.githubusercontent.com/OpenTermsArchive/contrib-declarations/main/declarations/Binance.json,,,"Binance's Terms of Service addresses account and eligibility, privacy and retention for payment and financial platforms. MORT can use the observed pattern as comparative input, but must draft its own teen-safe language and obtain jurisdiction-specific attorney review.","No detailed safety framework was observed in this document; MORT needs a separate, explicit safety policy.",No material payment process was observed in this document.,No detailed dispute path was observed in this document.,No material minor-user treatment was observed; this gap makes the source unsuitable as a complete model for MORT.,"Addresses personal information, privacy rights, retention, or deletion; MORT must apply minimization to location, evidence, documents, and youth data.",No material location treatment was observed in this document.,No material identity-verification process was observed in this document.,No detailed liability or insurance allocation was observed in this document.,not observed in reviewed source,not observed in reviewed source,not observed in reviewed source,"State precisely whether money is processed, distinguish preference from receipt, preserve transaction evidence, and provide private dispute and error-resolution paths.","Do not import adult-only eligibility assumptions, broad waivers, conclusive contractor labels, forced-dispute terms, or liability allocations without teen-safety and jurisdiction-specific review.",true,
MORT-LR-0276,Binance,Privacy Policy,https://www.binance.com/en/privacy,www.binance.com,2026-07-19,02 December 2025,United Kingdom; European Union / EEA,payment_financial_platforms,Payment and financial platforms,"payer, payee, account holder, payment provider",account_and_eligibility | safety_and_conduct | payments_and_fees | disputes_and_appeals | privacy_and_retention | location | identity_and_verification | minors_and_guardians | moderation_and_enforcement,reviewed_direct_and_tracked,current Open Terms Archive text version mapped to the official first-party source,202,https://www.binance.com/en/privacy,text/markdown,9ee1adde9bae27094d737d25c7d150651c99dddbc01bf277ce5a741e4c8bee58,https://raw.githubusercontent.com/OpenTermsArchive/contrib-versions/main/Binance/Privacy%20Policy.md,https://raw.githubusercontent.com/OpenTermsArchive/contrib-declarations/main/declarations/Binance.json,,,"Binance's Privacy Policy addresses account and eligibility, safety and conduct, payments and fees, disputes and appeals for payment and financial platforms. MORT can use the observed pattern as comparative input, but must draft its own teen-safe language and obtain jurisdiction-specific attorney review.","Uses stated conduct, risk, restriction, reporting, or safety controls; MORT must retain emergency escalation and victim-centered treatment.","Addresses payment, fees, refunds, wages, or transaction duties; MORT must still state that its current flow records preferences and obligations without processing funds.","Provides a complaint, dispute, mediation, arbitration, or appeal pattern; MORT must preserve private review and avoid promising court outcomes.","Contains child, youth, age, parent, or guardian treatment that requires comparison with MORT's 13-17 role and optional Guardian Mode.","Addresses personal information, privacy rights, retention, or deletion; MORT must apply minimization to location, evidence, documents, and youth data.",Addresses location or address data; MORT should release exact job locations only after authorization and record the release state.,"Discusses identity, screening, background checks, or biometrics; MORT must label each signal precisely and avoid calling nonauthoritative checks identity proof.",No detailed liability or insurance allocation was observed in this document.,not observed in reviewed source,not observed in reviewed source,not observed in reviewed source,"State precisely whether money is processed, distinguish preference from receipt, preserve transaction evidence, and provide private dispute and error-resolution paths.","Do not import adult-only eligibility assumptions, broad waivers, conclusive contractor labels, forced-dispute terms, or liability allocations without teen-safety and jurisdiction-specific review.",true,
MORT-LR-0277,Airbnb,Privacy Policy,https://www.airbnb.co.uk/help/article/3175,www.airbnb.co.uk,2026-07-19,not visible in reviewed source,United States; United Kingdom; Canada; Australia,housing_hospitality_platforms,Housing and hospitality platforms,"guest, host, property operator, platform operator",privacy_and_retention,reviewed_direct_and_tracked,current Open Terms Archive text version mapped to the official first-party source,200,https://www.airbnb.co.uk/help/article/3175,text/markdown,d590289909907640d114b6d77e4d469bcdc6d5270cf3c5861af18333e99509db,https://raw.githubusercontent.com/OpenTermsArchive/contrib-versions/main/Airbnb/Privacy%20Policy.md,https://raw.githubusercontent.com/OpenTermsArchive/contrib-declarations/main/declarations/Airbnb.json,,,"Airbnb's Privacy Policy addresses privacy and retention for housing and hospitality platforms. MORT can use the observed pattern as comparative input, but must draft its own teen-safe language and obtain jurisdiction-specific attorney review.","No detailed safety framework was observed in this document; MORT needs a separate, explicit safety policy.",No material payment process was observed in this document.,No detailed dispute path was observed in this document.,No material minor-user treatment was observed; this gap makes the source unsuitable as a complete model for MORT.,"Addresses personal information, privacy rights, retention, or deletion; MORT must apply minimization to location, evidence, documents, and youth data.",No material location treatment was observed in this document.,No material identity-verification process was observed in this document.,No detailed liability or insurance allocation was observed in this document.,not observed in reviewed source,not observed in reviewed source,not observed in reviewed source,"Use scoped location release, host and guest duties, cancellation terms, property-risk disclosure, and balanced limitations that preserve nonwaivable rights.","Do not import adult-only eligibility assumptions, broad waivers, conclusive contractor labels, forced-dispute terms, or liability allocations without teen-safety and jurisdiction-specific review.",true,
MORT-LR-0278,Airbnb,Terms of Service,https://www.airbnb.co.uk/help/article/2908/terms-of-service,www.airbnb.co.uk,2026-07-19,10 February 2022,United States; United Kingdom; European Union / EEA,housing_hospitality_platforms,Housing and hospitality platforms,"guest, host, property operator, platform operator",account_and_eligibility | safety_and_conduct | payments_and_fees | disputes_and_appeals | privacy_and_retention | location | identity_and_verification | liability_and_insurance | minors_and_guardians | moderation_and_enforcement,reviewed_direct_and_tracked,current Open Terms Archive text version mapped to the official first-party source,200,https://www.airbnb.co.uk/help/article/2908,text/markdown,16ac7bf8ea35a350b1d5545b53fa1f2a9505532c9ac5788d2338bf0bf9cffd2f,https://raw.githubusercontent.com/OpenTermsArchive/contrib-versions/main/Airbnb/Terms%20of%20Service.md,https://raw.githubusercontent.com/OpenTermsArchive/contrib-declarations/main/declarations/Airbnb.json,,,"Airbnb's Terms of Service addresses account and eligibility, safety and conduct, payments and fees, disputes and appeals for housing and hospitality platforms. MORT can use the observed pattern as comparative input, but must draft its own teen-safe language and obtain jurisdiction-specific attorney review.","Uses stated conduct, risk, restriction, reporting, or safety controls; MORT must retain emergency escalation and victim-centered treatment.","Addresses payment, fees, refunds, wages, or transaction duties; MORT must still state that its current flow records preferences and obligations without processing funds.","Provides a complaint, dispute, mediation, arbitration, or appeal pattern; MORT must preserve private review and avoid promising court outcomes.","Contains child, youth, age, parent, or guardian treatment that requires comparison with MORT's 13-17 role and optional Guardian Mode.","Addresses personal information, privacy rights, retention, or deletion; MORT must apply minimization to location, evidence, documents, and youth data.",Addresses location or address data; MORT should release exact job locations only after authorization and record the release state.,"Discusses identity, screening, background checks, or biometrics; MORT must label each signal precisely and avoid calling nonauthoritative checks identity proof.","Contains liability, warranty, indemnity, or insurance allocation that cannot be transferred to MORT without attorney review and nonwaivable-right analysis.",present in reviewed source,present in reviewed source,present in reviewed source,"Use scoped location release, host and guest duties, cancellation terms, property-risk disclosure, and balanced limitations that preserve nonwaivable rights.","Do not import adult-only eligibility assumptions, broad waivers, conclusive contractor labels, forced-dispute terms, or liability allocations without teen-safety and jurisdiction-specific review.",true,
MORT-LR-0279,Airbnb,Trackers Policy,https://www.airbnb.co.uk/help/article/2866/airbnb-cookie-policy,www.airbnb.co.uk,2026-07-19,not visible in reviewed source,United States; United Kingdom; Canada; Australia,housing_hospitality_platforms,Housing and hospitality platforms,"guest, host, property operator, platform operator",privacy_and_retention,reviewed_direct_and_tracked,current Open Terms Archive text version mapped to the official first-party source,200,https://www.airbnb.co.uk/help/article/2866,text/markdown,d590289909907640d114b6d77e4d469bcdc6d5270cf3c5861af18333e99509db,https://raw.githubusercontent.com/OpenTermsArchive/contrib-versions/main/Airbnb/Trackers%20Policy.md,https://raw.githubusercontent.com/OpenTermsArchive/contrib-declarations/main/declarations/Airbnb.json,,,"Airbnb's Trackers Policy addresses privacy and retention for housing and hospitality platforms. MORT can use the observed pattern as comparative input, but must draft its own teen-safe language and obtain jurisdiction-specific attorney review.","No detailed safety framework was observed in this document; MORT needs a separate, explicit safety policy.",No material payment process was observed in this document.,No detailed dispute path was observed in this document.,No material minor-user treatment was observed; this gap makes the source unsuitable as a complete model for MORT.,"Addresses personal information, privacy rights, retention, or deletion; MORT must apply minimization to location, evidence, documents, and youth data.",No material location treatment was observed in this document.,No material identity-verification process was observed in this document.,No detailed liability or insurance allocation was observed in this document.,not observed in reviewed source,not observed in reviewed source,not observed in reviewed source,"Use scoped location release, host and guest duties, cancellation terms, property-risk disclosure, and balanced limitations that preserve nonwaivable rights.","Do not import adult-only eligibility assumptions, broad waivers, conclusive contractor labels, forced-dispute terms, or liability allocations without teen-safety and jurisdiction-specific review.",true,
MORT-LR-0280,Booking.com,Terms of Service,https://www.booking.com/content/terms.en-gb.html,www.booking.com,2026-07-19,not visible in reviewed source,multi-jurisdiction or source-specific,housing_hospitality_platforms,Housing and hospitality platforms,"guest, host, property operator, platform operator",account_and_eligibility | safety_and_conduct | payments_and_fees | disputes_and_appeals | privacy_and_retention | location | liability_and_insurance | minors_and_guardians | moderation_and_enforcement,reviewed_direct_and_tracked,current Open Terms Archive text version mapped to the official first-party source,200,https://www.booking.com/content/terms.en-gb.html,text/markdown,4f681a107d799a9ca400d79a247e71e5d53bace6e502da404f4c633ddd08be07,https://raw.githubusercontent.com/OpenTermsArchive/contrib-versions/main/Booking.com/Terms%20of%20Service.md,https://raw.githubusercontent.com/OpenTermsArchive/contrib-declarations/main/declarations/Booking.com.json,,,"Booking.com's Terms of Service addresses account and eligibility, safety and conduct, payments and fees, disputes and appeals for housing and hospitality platforms. MORT can use the observed pattern as comparative input, but must draft its own teen-safe language and obtain jurisdiction-specific attorney review.","Uses stated conduct, risk, restriction, reporting, or safety controls; MORT must retain emergency escalation and victim-centered treatment.","Addresses payment, fees, refunds, wages, or transaction duties; MORT must still state that its current flow records preferences and obligations without processing funds.","Provides a complaint, dispute, mediation, arbitration, or appeal pattern; MORT must preserve private review and avoid promising court outcomes.","Contains child, youth, age, parent, or guardian treatment that requires comparison with MORT's 13-17 role and optional Guardian Mode.","Addresses personal information, privacy rights, retention, or deletion; MORT must apply minimization to location, evidence, documents, and youth data.",Addresses location or address data; MORT should release exact job locations only after authorization and record the release state.,No material identity-verification process was observed in this document.,"Contains liability, warranty, indemnity, or insurance allocation that cannot be transferred to MORT without attorney review and nonwaivable-right analysis.",not observed in reviewed source,not observed in reviewed source,not observed in reviewed source,"Use scoped location release, host and guest duties, cancellation terms, property-risk disclosure, and balanced limitations that preserve nonwaivable rights.","Do not import adult-only eligibility assumptions, broad waivers, conclusive contractor labels, forced-dispute terms, or liability allocations without teen-safety and jurisdiction-specific review.",true,
MORT-LR-0281,Booking.com,Privacy Policy,https://www.booking.com/content/privacy.en-gb.html,www.booking.com,2026-07-19,not visible in reviewed source,multi-jurisdiction or source-specific,housing_hospitality_platforms,Housing and hospitality platforms,"guest, host, property operator, platform operator",account_and_eligibility | safety_and_conduct | payments_and_fees | disputes_and_appeals | privacy_and_retention | location | identity_and_verification | liability_and_insurance | minors_and_guardians | moderation_and_enforcement,reviewed_direct_and_tracked,current Open Terms Archive text version mapped to the official first-party source,200,https://www.booking.com/content/privacy.en-gb.html,text/markdown,302029b17eadde6b2fd1238c25da90e8292f5ab8fdba1e21496696a9b81adccc,https://raw.githubusercontent.com/OpenTermsArchive/contrib-versions/main/Booking.com/Privacy%20Policy.md,https://raw.githubusercontent.com/OpenTermsArchive/contrib-declarations/main/declarations/Booking.com.json,,,"Booking.com's Privacy Policy addresses account and eligibility, safety and conduct, payments and fees, disputes and appeals for housing and hospitality platforms. MORT can use the observed pattern as comparative input, but must draft its own teen-safe language and obtain jurisdiction-specific attorney review.","Uses stated conduct, risk, restriction, reporting, or safety controls; MORT must retain emergency escalation and victim-centered treatment.","Addresses payment, fees, refunds, wages, or transaction duties; MORT must still state that its current flow records preferences and obligations without processing funds.","Provides a complaint, dispute, mediation, arbitration, or appeal pattern; MORT must preserve private review and avoid promising court outcomes.","Contains child, youth, age, parent, or guardian treatment that requires comparison with MORT's 13-17 role and optional Guardian Mode.","Addresses personal information, privacy rights, retention, or deletion; MORT must apply minimization to location, evidence, documents, and youth data.",Addresses location or address data; MORT should release exact job locations only after authorization and record the release state.,"Discusses identity, screening, background checks, or biometrics; MORT must label each signal precisely and avoid calling nonauthoritative checks identity proof.","Contains liability, warranty, indemnity, or insurance allocation that cannot be transferred to MORT without attorney review and nonwaivable-right analysis.",not observed in reviewed source,not observed in reviewed source,not observed in reviewed source,"Use scoped location release, host and guest duties, cancellation terms, property-risk disclosure, and balanced limitations that preserve nonwaivable rights.","Do not import adult-only eligibility assumptions, broad waivers, conclusive contractor labels, forced-dispute terms, or liability allocations without teen-safety and jurisdiction-specific review.",true,
MORT-LR-0282,Couchsurfing,Privacy Policy,https://about.couchsurfing.com/about/privacy-policy,about.couchsurfing.com,2026-07-19,not visible in reviewed source,United States; United Kingdom; European Union / EEA,housing_hospitality_platforms,Housing and hospitality platforms,"guest, host, property operator, platform operator",account_and_eligibility | safety_and_conduct | payments_and_fees | disputes_and_appeals | privacy_and_retention | location | identity_and_verification | liability_and_insurance | minors_and_guardians | moderation_and_enforcement,reviewed_direct_and_tracked,current Open Terms Archive text version mapped to the official first-party source,200,https://about.couchsurfing.com/about/privacy-policy/,text/markdown,4e0b1d8984d0ac70edab20c2804d8de367a0c4c67a56a39caaccc550e0fb8b0c,https://raw.githubusercontent.com/OpenTermsArchive/contrib-versions/main/Couchsurfing/Privacy%20Policy.md,https://raw.githubusercontent.com/OpenTermsArchive/contrib-declarations/main/declarations/Couchsurfing.json,,,"Couchsurfing's Privacy Policy addresses account and eligibility, safety and conduct, payments and fees, disputes and appeals for housing and hospitality platforms. MORT can use the observed pattern as comparative input, but must draft its own teen-safe language and obtain jurisdiction-specific attorney review.","Uses stated conduct, risk, restriction, reporting, or safety controls; MORT must retain emergency escalation and victim-centered treatment.","Addresses payment, fees, refunds, wages, or transaction duties; MORT must still state that its current flow records preferences and obligations without processing funds.","Provides a complaint, dispute, mediation, arbitration, or appeal pattern; MORT must preserve private review and avoid promising court outcomes.","Contains child, youth, age, parent, or guardian treatment that requires comparison with MORT's 13-17 role and optional Guardian Mode.","Addresses personal information, privacy rights, retention, or deletion; MORT must apply minimization to location, evidence, documents, and youth data.",Addresses location or address data; MORT should release exact job locations only after authorization and record the release state.,"Discusses identity, screening, background checks, or biometrics; MORT must label each signal precisely and avoid calling nonauthoritative checks identity proof.","Contains liability, warranty, indemnity, or insurance allocation that cannot be transferred to MORT without attorney review and nonwaivable-right analysis.",present in reviewed source,not observed in reviewed source,not observed in reviewed source,"Use scoped location release, host and guest duties, cancellation terms, property-risk disclosure, and balanced limitations that preserve nonwaivable rights.","Do not import adult-only eligibility assumptions, broad waivers, conclusive contractor labels, forced-dispute terms, or liability allocations without teen-safety and jurisdiction-specific review.",true,
MORT-LR-0283,Couchsurfing,Terms of Service,https://about.couchsurfing.com/about/terms-of-use,about.couchsurfing.com,2026-07-19,"June 20, 2023",multi-jurisdiction or source-specific,housing_hospitality_platforms,Housing and hospitality platforms,"guest, host, property operator, platform operator",account_and_eligibility | safety_and_conduct | payments_and_fees | disputes_and_appeals | privacy_and_retention | location | identity_and_verification | liability_and_insurance | minors_and_guardians | moderation_and_enforcement,reviewed_direct_and_tracked,current Open Terms Archive text version mapped to the official first-party source,200,https://about.couchsurfing.com/about/terms-of-use/,text/markdown,3e8eb8b780b82c18464089bb2da0f2c4fa05359a922a63d71adfae1fd7a9ed80,https://raw.githubusercontent.com/OpenTermsArchive/contrib-versions/main/Couchsurfing/Terms%20of%20Service.md,https://raw.githubusercontent.com/OpenTermsArchive/contrib-declarations/main/declarations/Couchsurfing.json,,,"Couchsurfing's Terms of Service addresses account and eligibility, safety and conduct, payments and fees, disputes and appeals for housing and hospitality platforms. MORT can use the observed pattern as comparative input, but must draft its own teen-safe language and obtain jurisdiction-specific attorney review.","Uses stated conduct, risk, restriction, reporting, or safety controls; MORT must retain emergency escalation and victim-centered treatment.","Addresses payment, fees, refunds, wages, or transaction duties; MORT must still state that its current flow records preferences and obligations without processing funds.","Provides a complaint, dispute, mediation, arbitration, or appeal pattern; MORT must preserve private review and avoid promising court outcomes.","Contains child, youth, age, parent, or guardian treatment that requires comparison with MORT's 13-17 role and optional Guardian Mode.","Addresses personal information, privacy rights, retention, or deletion; MORT must apply minimization to location, evidence, documents, and youth data.",Addresses location or address data; MORT should release exact job locations only after authorization and record the release state.,"Discusses identity, screening, background checks, or biometrics; MORT must label each signal precisely and avoid calling nonauthoritative checks identity proof.","Contains liability, warranty, indemnity, or insurance allocation that cannot be transferred to MORT without attorney review and nonwaivable-right analysis.",present in reviewed source,present in reviewed source,present in reviewed source,"Use scoped location release, host and guest duties, cancellation terms, property-risk disclosure, and balanced limitations that preserve nonwaivable rights.","Do not import adult-only eligibility assumptions, broad waivers, conclusive contractor labels, forced-dispute terms, or liability allocations without teen-safety and jurisdiction-specific review.",true,
MORT-LR-0284,Zillow,Terms of Service,https://www.zillowgroup.com/terms-of-use,www.zillowgroup.com,2026-07-19,not visible in reviewed source,multi-jurisdiction or source-specific,housing_hospitality_platforms,Housing and hospitality platforms,"guest, host, property operator, platform operator",account_and_eligibility | safety_and_conduct | payments_and_fees | disputes_and_appeals | privacy_and_retention | location | identity_and_verification | liability_and_insurance | minors_and_guardians | moderation_and_enforcement,reviewed_tracked_snapshot,current Open Terms Archive text version mapped to the official first-party source,403,https://www.zillow.com/z/corp/terms/,text/markdown,cbb072718047fa2f7b2a886d5840a1bb782fb41fcd46eb21284911eeccfb9f3c,https://raw.githubusercontent.com/OpenTermsArchive/contrib-versions/main/Zillow/Terms%20of%20Service.md,https://raw.githubusercontent.com/OpenTermsArchive/contrib-declarations/main/declarations/Zillow.json,,,"Zillow's Terms of Service addresses account and eligibility, safety and conduct, payments and fees, disputes and appeals for housing and hospitality platforms. MORT can use the observed pattern as comparative input, but must draft its own teen-safe language and obtain jurisdiction-specific attorney review.","Uses stated conduct, risk, restriction, reporting, or safety controls; MORT must retain emergency escalation and victim-centered treatment.","Addresses payment, fees, refunds, wages, or transaction duties; MORT must still state that its current flow records preferences and obligations without processing funds.","Provides a complaint, dispute, mediation, arbitration, or appeal pattern; MORT must preserve private review and avoid promising court outcomes.","Contains child, youth, age, parent, or guardian treatment that requires comparison with MORT's 13-17 role and optional Guardian Mode.","Addresses personal information, privacy rights, retention, or deletion; MORT must apply minimization to location, evidence, documents, and youth data.",Addresses location or address data; MORT should release exact job locations only after authorization and record the release state.,"Discusses identity, screening, background checks, or biometrics; MORT must label each signal precisely and avoid calling nonauthoritative checks identity proof.","Contains liability, warranty, indemnity, or insurance allocation that cannot be transferred to MORT without attorney review and nonwaivable-right analysis.",not observed in reviewed source,not observed in reviewed source,present in reviewed source,"Use scoped location release, host and guest duties, cancellation terms, property-risk disclosure, and balanced limitations that preserve nonwaivable rights.","Do not import adult-only eligibility assumptions, broad waivers, conclusive contractor labels, forced-dispute terms, or liability allocations without teen-safety and jurisdiction-specific review.",true,
MORT-LR-0285,Zillow,Privacy Policy,https://www.zillowgroup.com/zg-privacy-policy,www.zillowgroup.com,2026-07-19,not visible in reviewed source,United States,housing_hospitality_platforms,Housing and hospitality platforms,"guest, host, property operator, platform operator",account_and_eligibility | safety_and_conduct | payments_and_fees | disputes_and_appeals | privacy_and_retention | location | identity_and_verification | minors_and_guardians | moderation_and_enforcement,reviewed_tracked_snapshot,current Open Terms Archive text version mapped to the official first-party source,403,https://www.zillow.com/corporate/zg-privacy-notice/,text/markdown,6c2cf3760ff6513e910c04cc3f250498dc70a12b9a22c343d0ae000d51e1d19b,https://raw.githubusercontent.com/OpenTermsArchive/contrib-versions/main/Zillow/Privacy%20Policy.md,https://raw.githubusercontent.com/OpenTermsArchive/contrib-declarations/main/declarations/Zillow.json,,,"Zillow's Privacy Policy addresses account and eligibility, safety and conduct, payments and fees, disputes and appeals for housing and hospitality platforms. MORT can use the observed pattern as comparative input, but must draft its own teen-safe language and obtain jurisdiction-specific attorney review.","Uses stated conduct, risk, restriction, reporting, or safety controls; MORT must retain emergency escalation and victim-centered treatment.","Addresses payment, fees, refunds, wages, or transaction duties; MORT must still state that its current flow records preferences and obligations without processing funds.","Provides a complaint, dispute, mediation, arbitration, or appeal pattern; MORT must preserve private review and avoid promising court outcomes.","Contains child, youth, age, parent, or guardian treatment that requires comparison with MORT's 13-17 role and optional Guardian Mode.","Addresses personal information, privacy rights, retention, or deletion; MORT must apply minimization to location, evidence, documents, and youth data.",Addresses location or address data; MORT should release exact job locations only after authorization and record the release state.,"Discusses identity, screening, background checks, or biometrics; MORT must label each signal precisely and avoid calling nonauthoritative checks identity proof.",No detailed liability or insurance allocation was observed in this document.,not observed in reviewed source,not observed in reviewed source,not observed in reviewed source,"Use scoped location release, host and guest duties, cancellation terms, property-risk disclosure, and balanced limitations that preserve nonwaivable rights.","Do not import adult-only eligibility assumptions, broad waivers, conclusive contractor labels, forced-dispute terms, or liability allocations without teen-safety and jurisdiction-specific review.",true,
MORT-LR-0286,eBay,Terms of Service,https://www.ebay.com/help/policies/member-behaviour-policies/user-agreement?id=4259,www.ebay.com,2026-07-19,not visible in reviewed source,United States; United Kingdom; European Union / EEA; Canada,seller_resale_marketplaces,Seller and resale marketplaces,"seller, buyer, marketplace operator",account_and_eligibility | safety_and_conduct | payments_and_fees | disputes_and_appeals | privacy_and_retention | location | liability_and_insurance | minors_and_guardians | moderation_and_enforcement,reviewed_direct_and_tracked,current Open Terms Archive text version mapped to the official first-party source,200,https://www.ebay.com/splashui/captcha?ap=1&appName=orch&ru=https%3A%2F%2Fwww.ebay.com%2Fhelp%2Fpolicies%2Fmember-behaviour-policies%2Fuser-agreement%3Fid%3D4259&iid=ca841045-4249-4d14-b098-efc76a8f2a70&iim=oMjMuMTs&iia=NXEyLjIyJp&iiz=iUGNC43Ng**xqk,text/markdown,19a1961338f5ff848249cdefd7e0cb12241d3c068520b67c55eefd9544326d3b,https://raw.githubusercontent.com/OpenTermsArchive/contrib-versions/main/eBay/Terms%20of%20Service.md,https://raw.githubusercontent.com/OpenTermsArchive/contrib-declarations/main/declarations/eBay.json,,,"eBay's Terms of Service addresses account and eligibility, safety and conduct, payments and fees, disputes and appeals for seller and resale marketplaces. MORT can use the observed pattern as comparative input, but must draft its own teen-safe language and obtain jurisdiction-specific attorney review.","Uses stated conduct, risk, restriction, reporting, or safety controls; MORT must retain emergency escalation and victim-centered treatment.","Addresses payment, fees, refunds, wages, or transaction duties; MORT must still state that its current flow records preferences and obligations without processing funds.","Provides a complaint, dispute, mediation, arbitration, or appeal pattern; MORT must preserve private review and avoid promising court outcomes.","Contains child, youth, age, parent, or guardian treatment that requires comparison with MORT's 13-17 role and optional Guardian Mode.","Addresses personal information, privacy rights, retention, or deletion; MORT must apply minimization to location, evidence, documents, and youth data.",Addresses location or address data; MORT should release exact job locations only after authorization and record the release state.,No material identity-verification process was observed in this document.,"Contains liability, warranty, indemnity, or insurance allocation that cannot be transferred to MORT without attorney review and nonwaivable-right analysis.",present in reviewed source,present in reviewed source,present in reviewed source,"Use seller accountability, fraud reporting, evidence retention, private restrictions, and clear buyer remedies without publishing unproven accusations.","Do not import adult-only eligibility assumptions, broad waivers, conclusive contractor labels, forced-dispute terms, or liability allocations without teen-safety and jurisdiction-specific review.",true,
MORT-LR-0287,Vinted,Terms of Service,https://www.vinted.com/terms_and_conditions,www.vinted.com,2026-07-19,not visible in reviewed source,United States,seller_resale_marketplaces,Seller and resale marketplaces,"seller, buyer, marketplace operator",account_and_eligibility | safety_and_conduct | payments_and_fees | disputes_and_appeals | privacy_and_retention | location | identity_and_verification | liability_and_insurance | minors_and_guardians | moderation_and_enforcement,reviewed_direct_and_tracked,current Open Terms Archive text version mapped to the official first-party source,200,https://www.vinted.com/terms_and_conditions,text/markdown,2a3f1039b863675861c69422d62fa742ad9a307825d133672c55efe65f16fee4,https://raw.githubusercontent.com/OpenTermsArchive/contrib-versions/main/Vinted/Terms%20of%20Service.md,https://raw.githubusercontent.com/OpenTermsArchive/contrib-declarations/main/declarations/Vinted.json,,,"Vinted's Terms of Service addresses account and eligibility, safety and conduct, payments and fees, disputes and appeals for seller and resale marketplaces. MORT can use the observed pattern as comparative input, but must draft its own teen-safe language and obtain jurisdiction-specific attorney review.","Uses stated conduct, risk, restriction, reporting, or safety controls; MORT must retain emergency escalation and victim-centered treatment.","Addresses payment, fees, refunds, wages, or transaction duties; MORT must still state that its current flow records preferences and obligations without processing funds.","Provides a complaint, dispute, mediation, arbitration, or appeal pattern; MORT must preserve private review and avoid promising court outcomes.","Contains child, youth, age, parent, or guardian treatment that requires comparison with MORT's 13-17 role and optional Guardian Mode.","Addresses personal information, privacy rights, retention, or deletion; MORT must apply minimization to location, evidence, documents, and youth data.",Addresses location or address data; MORT should release exact job locations only after authorization and record the release state.,"Discusses identity, screening, background checks, or biometrics; MORT must label each signal precisely and avoid calling nonauthoritative checks identity proof.","Contains liability, warranty, indemnity, or insurance allocation that cannot be transferred to MORT without attorney review and nonwaivable-right analysis.",not observed in reviewed source,present in reviewed source,present in reviewed source,"Use seller accountability, fraud reporting, evidence retention, private restrictions, and clear buyer remedies without publishing unproven accusations.","Do not import adult-only eligibility assumptions, broad waivers, conclusive contractor labels, forced-dispute terms, or liability allocations without teen-safety and jurisdiction-specific review.",true,
MORT-LR-0288,Vinted,Privacy Policy,https://www.vinted.com/privacy-policy,www.vinted.com,2026-07-19,not visible in reviewed source,United States; European Union / EEA,seller_resale_marketplaces,Seller and resale marketplaces,"seller, buyer, marketplace operator",account_and_eligibility | safety_and_conduct | payments_and_fees | disputes_and_appeals | privacy_and_retention | location | identity_and_verification | liability_and_insurance | minors_and_guardians | moderation_and_enforcement,reviewed_direct_and_tracked,current Open Terms Archive text version mapped to the official first-party source,200,https://www.vinted.com/privacy-policy,text/markdown,d1edd40e2979ad2e58aec6189b05d2cbb45135e9ac7aa435ed746a206322c9cb,https://raw.githubusercontent.com/OpenTermsArchive/contrib-versions/main/Vinted/Privacy%20Policy.md,https://raw.githubusercontent.com/OpenTermsArchive/contrib-declarations/main/declarations/Vinted.json,,,"Vinted's Privacy Policy addresses account and eligibility, safety and conduct, payments and fees, disputes and appeals for seller and resale marketplaces. MORT can use the observed pattern as comparative input, but must draft its own teen-safe language and obtain jurisdiction-specific attorney review.","Uses stated conduct, risk, restriction, reporting, or safety controls; MORT must retain emergency escalation and victim-centered treatment.","Addresses payment, fees, refunds, wages, or transaction duties; MORT must still state that its current flow records preferences and obligations without processing funds.","Provides a complaint, dispute, mediation, arbitration, or appeal pattern; MORT must preserve private review and avoid promising court outcomes.","Contains child, youth, age, parent, or guardian treatment that requires comparison with MORT's 13-17 role and optional Guardian Mode.","Addresses personal information, privacy rights, retention, or deletion; MORT must apply minimization to location, evidence, documents, and youth data.",Addresses location or address data; MORT should release exact job locations only after authorization and record the release state.,"Discusses identity, screening, background checks, or biometrics; MORT must label each signal precisely and avoid calling nonauthoritative checks identity proof.","Contains liability, warranty, indemnity, or insurance allocation that cannot be transferred to MORT without attorney review and nonwaivable-right analysis.",not observed in reviewed source,not observed in reviewed source,not observed in reviewed source,"Use seller accountability, fraud reporting, evidence retention, private restrictions, and clear buyer remedies without publishing unproven accusations.","Do not import adult-only eligibility assumptions, broad waivers, conclusive contractor labels, forced-dispute terms, or liability allocations without teen-safety and jurisdiction-specific review.",true,
MORT-LR-0289,Cdiscount,Commercial Terms,https://clients.cdiscount.com/simple/cgv.aspx,clients.cdiscount.com,2026-07-19,not visible in reviewed source,multi-jurisdiction or source-specific,seller_resale_marketplaces,Seller and resale marketplaces,"seller, buyer, marketplace operator",account_and_eligibility | payments_and_fees | location | liability_and_insurance | minors_and_guardians | moderation_and_enforcement,reviewed_direct_and_tracked,current Open Terms Archive text version mapped to the official first-party source,200,https://clients.cdiscount.com/simple/cgv.aspx,text/markdown,509a406efef7d23d2881719651caac740d145af4ba4c3fe1c5ca7571c1dc8a42,https://raw.githubusercontent.com/OpenTermsArchive/contrib-versions/main/Cdiscount/Commercial%20Terms.md,https://raw.githubusercontent.com/OpenTermsArchive/contrib-declarations/main/declarations/Cdiscount.json,,,"Cdiscount's Commercial Terms addresses account and eligibility, payments and fees, location, liability and insurance for seller and resale marketplaces. MORT can use the observed pattern as comparative input, but must draft its own teen-safe language and obtain jurisdiction-specific attorney review.","No detailed safety framework was observed in this document; MORT needs a separate, explicit safety policy.","Addresses payment, fees, refunds, wages, or transaction duties; MORT must still state that its current flow records preferences and obligations without processing funds.",No detailed dispute path was observed in this document.,"Contains child, youth, age, parent, or guardian treatment that requires comparison with MORT's 13-17 role and optional Guardian Mode.",No detailed privacy or retention treatment was observed in this document.,Addresses location or address data; MORT should release exact job locations only after authorization and record the release state.,No material identity-verification process was observed in this document.,"Contains liability, warranty, indemnity, or insurance allocation that cannot be transferred to MORT without attorney review and nonwaivable-right analysis.",not observed in reviewed source,not observed in reviewed source,not observed in reviewed source,"Use seller accountability, fraud reporting, evidence retention, private restrictions, and clear buyer remedies without publishing unproven accusations.","Do not import adult-only eligibility assumptions, broad waivers, conclusive contractor labels, forced-dispute terms, or liability allocations without teen-safety and jurisdiction-specific review.",true,
MORT-LR-0290,Cdiscount,Terms of Service,https://i2.cdscdn.com/resources/imagesok/cgu/mkp/cgu_acheteurs_mp_cdiscount.pdf,i2.cdscdn.com,2026-07-19,not visible in reviewed source,multi-jurisdiction or source-specific,seller_resale_marketplaces,Seller and resale marketplaces,"seller, buyer, marketplace operator",safety_and_conduct | payments_and_fees | moderation_and_enforcement,reviewed_direct_and_tracked,current Open Terms Archive text version mapped to the official first-party source,200,http://i2.cdscdn.com/noimage.gif,text/markdown,9e369db943ed8faa2716d3e04f36a4f8bf39776b08bb10e36aa84c4914cc0aba,https://raw.githubusercontent.com/OpenTermsArchive/contrib-versions/main/Cdiscount/Terms%20of%20Service.md,https://raw.githubusercontent.com/OpenTermsArchive/contrib-declarations/main/declarations/Cdiscount.json,,,"Cdiscount's Terms of Service addresses safety and conduct, payments and fees, moderation and enforcement for seller and resale marketplaces. MORT can use the observed pattern as comparative input, but must draft its own teen-safe language and obtain jurisdiction-specific attorney review.","Uses stated conduct, risk, restriction, reporting, or safety controls; MORT must retain emergency escalation and victim-centered treatment.","Addresses payment, fees, refunds, wages, or transaction duties; MORT must still state that its current flow records preferences and obligations without processing funds.",No detailed dispute path was observed in this document.,No material minor-user treatment was observed; this gap makes the source unsuitable as a complete model for MORT.,No detailed privacy or retention treatment was observed in this document.,No material location treatment was observed in this document.,No material identity-verification process was observed in this document.,No detailed liability or insurance allocation was observed in this document.,not observed in reviewed source,not observed in reviewed source,not observed in reviewed source,"Use seller accountability, fraud reporting, evidence retention, private restrictions, and clear buyer remedies without publishing unproven accusations.","Do not import adult-only eligibility assumptions, broad waivers, conclusive contractor labels, forced-dispute terms, or liability allocations without teen-safety and jurisdiction-specific review.",true,
MORT-LR-0291,Cdiscount,Trackers Policy,https://www.cdiscount.com/vie-privee-et-cookies.html,www.cdiscount.com,2026-07-19,not visible in reviewed source,multi-jurisdiction or source-specific,seller_resale_marketplaces,Seller and resale marketplaces,"seller, buyer, marketplace operator",payments_and_fees | privacy_and_retention | liability_and_insurance,reviewed_direct_and_tracked,current Open Terms Archive text version mapped to the official first-party source,200,https://www.cdiscount.com/vie-privee-et-cookies.html,text/markdown,4293df24e5146c80e5ba806493dddfa03ae0a094df87ca64d97d2f26b79b6ecf,https://raw.githubusercontent.com/OpenTermsArchive/contrib-versions/main/Cdiscount/Trackers%20Policy.md,https://raw.githubusercontent.com/OpenTermsArchive/contrib-declarations/main/declarations/Cdiscount.json,,,"Cdiscount's Trackers Policy addresses payments and fees, privacy and retention, liability and insurance for seller and resale marketplaces. MORT can use the observed pattern as comparative input, but must draft its own teen-safe language and obtain jurisdiction-specific attorney review.","No detailed safety framework was observed in this document; MORT needs a separate, explicit safety policy.","Addresses payment, fees, refunds, wages, or transaction duties; MORT must still state that its current flow records preferences and obligations without processing funds.",No detailed dispute path was observed in this document.,No material minor-user treatment was observed; this gap makes the source unsuitable as a complete model for MORT.,"Addresses personal information, privacy rights, retention, or deletion; MORT must apply minimization to location, evidence, documents, and youth data.",No material location treatment was observed in this document.,No material identity-verification process was observed in this document.,"Contains liability, warranty, indemnity, or insurance allocation that cannot be transferred to MORT without attorney review and nonwaivable-right analysis.",not observed in reviewed source,not observed in reviewed source,not observed in reviewed source,"Use seller accountability, fraud reporting, evidence retention, private restrictions, and clear buyer remedies without publishing unproven accusations.","Do not import adult-only eligibility assumptions, broad waivers, conclusive contractor labels, forced-dispute terms, or liability allocations without teen-safety and jurisdiction-specific review.",true,
MORT-LR-0292,Alibaba.com,Privacy Policy,https://rulechannel.alibaba.com/icbu?type=detail&ruleId=2034&cId=1306,rulechannel.alibaba.com,2026-07-19,"June 18, 2026",United States; United Kingdom; European Union / EEA,seller_resale_marketplaces,Seller and resale marketplaces,"seller, buyer, marketplace operator",account_and_eligibility | safety_and_conduct | payments_and_fees | disputes_and_appeals | privacy_and_retention | location | identity_and_verification | minors_and_guardians | moderation_and_enforcement,reviewed_direct_and_tracked,current Open Terms Archive text version mapped to the official first-party source,200,https://rulechannel.alibaba.com/icbu?type=detail&ruleId=2034&cId=1306,text/markdown,df4d5022fd0ffedf71d165311d240bfda500d2e02ea02f15f9c2590537f58154,https://raw.githubusercontent.com/OpenTermsArchive/contrib-versions/main/Alibaba.com/Privacy%20Policy.md,https://raw.githubusercontent.com/OpenTermsArchive/contrib-declarations/main/declarations/Alibaba.com.json,,,"Alibaba.com's Privacy Policy addresses account and eligibility, safety and conduct, payments and fees, disputes and appeals for seller and resale marketplaces. MORT can use the observed pattern as comparative input, but must draft its own teen-safe language and obtain jurisdiction-specific attorney review.","Uses stated conduct, risk, restriction, reporting, or safety controls; MORT must retain emergency escalation and victim-centered treatment.","Addresses payment, fees, refunds, wages, or transaction duties; MORT must still state that its current flow records preferences and obligations without processing funds.","Provides a complaint, dispute, mediation, arbitration, or appeal pattern; MORT must preserve private review and avoid promising court outcomes.","Contains child, youth, age, parent, or guardian treatment that requires comparison with MORT's 13-17 role and optional Guardian Mode.","Addresses personal information, privacy rights, retention, or deletion; MORT must apply minimization to location, evidence, documents, and youth data.",Addresses location or address data; MORT should release exact job locations only after authorization and record the release state.,"Discusses identity, screening, background checks, or biometrics; MORT must label each signal precisely and avoid calling nonauthoritative checks identity proof.",No detailed liability or insurance allocation was observed in this document.,present in reviewed source,not observed in reviewed source,not observed in reviewed source,"Use seller accountability, fraud reporting, evidence retention, private restrictions, and clear buyer remedies without publishing unproven accusations.","Do not import adult-only eligibility assumptions, broad waivers, conclusive contractor labels, forced-dispute terms, or liability allocations without teen-safety and jurisdiction-specific review.",true,
MORT-LR-0293,Alibaba.com,Copyright Claims Policy,https://rule.alibaba.com/rule/detail/6391.htm,rule.alibaba.com,2026-07-19,not visible in reviewed source,multi-jurisdiction or source-specific,seller_resale_marketplaces,Seller and resale marketplaces,"seller, buyer, marketplace operator",account_and_eligibility | disputes_and_appeals,reviewed_direct_and_tracked,current Open Terms Archive text version mapped to the official first-party source,200,https://rulechannel.alibaba.com/icbu?type=detail&ruleId=6391&cId=1294,text/markdown,b4562cd79ffca1f5940afc823679bfe6d7af11c4515d20801e25c3e4d052ae14,https://raw.githubusercontent.com/OpenTermsArchive/contrib-versions/main/Alibaba.com/Copyright%20Claims%20Policy.md,https://raw.githubusercontent.com/OpenTermsArchive/contrib-declarations/main/declarations/Alibaba.com.json,,,"Alibaba.com's Copyright Claims Policy addresses account and eligibility, disputes and appeals for seller and resale marketplaces. MORT can use the observed pattern as comparative input, but must draft its own teen-safe language and obtain jurisdiction-specific attorney review.","No detailed safety framework was observed in this document; MORT needs a separate, explicit safety policy.",No material payment process was observed in this document.,"Provides a complaint, dispute, mediation, arbitration, or appeal pattern; MORT must preserve private review and avoid promising court outcomes.",No material minor-user treatment was observed; this gap makes the source unsuitable as a complete model for MORT.,No detailed privacy or retention treatment was observed in this document.,No material location treatment was observed in this document.,No material identity-verification process was observed in this document.,No detailed liability or insurance allocation was observed in this document.,not observed in reviewed source,not observed in reviewed source,not observed in reviewed source,"Use seller accountability, fraud reporting, evidence retention, private restrictions, and clear buyer remedies without publishing unproven accusations.","Do not import adult-only eligibility assumptions, broad waivers, conclusive contractor labels, forced-dispute terms, or liability allocations without teen-safety and jurisdiction-specific review.",true,
MORT-LR-0294,Alibaba.com,Terms of Service,https://rulechannel.alibaba.com/icbu?type=detail&ruleId=2041&cId=1307,rulechannel.alibaba.com,2026-07-19,11 March 2026,European Union / EEA,seller_resale_marketplaces,Seller and resale marketplaces,"seller, buyer, marketplace operator",account_and_eligibility | safety_and_conduct | payments_and_fees | disputes_and_appeals | privacy_and_retention | location | identity_and_verification | liability_and_insurance | minors_and_guardians | moderation_and_enforcement,reviewed_direct_and_tracked,current Open Terms Archive text version mapped to the official first-party source,200,https://rulechannel.alibaba.com/icbu?type=detail&ruleId=2041&cId=1307,text/markdown,dd08b0d3e5cba84addb862b8e3bc4b1568344363983de22611dc915ccc96e17b,https://raw.githubusercontent.com/OpenTermsArchive/contrib-versions/main/Alibaba.com/Terms%20of%20Service.md,https://raw.githubusercontent.com/OpenTermsArchive/contrib-declarations/main/declarations/Alibaba.com.json,,,"Alibaba.com's Terms of Service addresses account and eligibility, safety and conduct, payments and fees, disputes and appeals for seller and resale marketplaces. MORT can use the observed pattern as comparative input, but must draft its own teen-safe language and obtain jurisdiction-specific attorney review.","Uses stated conduct, risk, restriction, reporting, or safety controls; MORT must retain emergency escalation and victim-centered treatment.","Addresses payment, fees, refunds, wages, or transaction duties; MORT must still state that its current flow records preferences and obligations without processing funds.","Provides a complaint, dispute, mediation, arbitration, or appeal pattern; MORT must preserve private review and avoid promising court outcomes.","Contains child, youth, age, parent, or guardian treatment that requires comparison with MORT's 13-17 role and optional Guardian Mode.","Addresses personal information, privacy rights, retention, or deletion; MORT must apply minimization to location, evidence, documents, and youth data.",Addresses location or address data; MORT should release exact job locations only after authorization and record the release state.,"Discusses identity, screening, background checks, or biometrics; MORT must label each signal precisely and avoid calling nonauthoritative checks identity proof.","Contains liability, warranty, indemnity, or insurance allocation that cannot be transferred to MORT without attorney review and nonwaivable-right analysis.",present in reviewed source,present in reviewed source,present in reviewed source,"Use seller accountability, fraud reporting, evidence retention, private restrictions, and clear buyer remedies without publishing unproven accusations.","Do not import adult-only eligibility assumptions, broad waivers, conclusive contractor labels, forced-dispute terms, or liability allocations without teen-safety and jurisdiction-specific review.",true,
MORT-LR-0295,Amazon Seller Central,Marketplace Sellers Conditions,https://sellercentral.amazon.com/help/hub/reference/external/G1791,sellercentral.amazon.com,2026-07-19,not visible in reviewed source,United States; Canada,seller_resale_marketplaces,Seller and resale marketplaces,"seller, buyer, marketplace operator",account_and_eligibility | safety_and_conduct | payments_and_fees | disputes_and_appeals | privacy_and_retention | location | identity_and_verification | liability_and_insurance | minors_and_guardians | moderation_and_enforcement,reviewed_direct_and_tracked,current Open Terms Archive text version mapped to the official first-party source,200,https://sellercentral.amazon.com/help/hub/reference/external/G1791,text/markdown,e327f5c65257846f87fa9261bb8f65ab550bc19b2fa28f6c3c41c44d98783c31,https://raw.githubusercontent.com/OpenTermsArchive/contrib-versions/main/Amazon%20Seller%20Central/Marketplace%20Sellers%20Conditions.md,https://raw.githubusercontent.com/OpenTermsArchive/contrib-declarations/main/declarations/Amazon%20Seller%20Central.json,,,"Amazon Seller Central's Marketplace Sellers Conditions addresses account and eligibility, safety and conduct, payments and fees, disputes and appeals for seller and resale marketplaces. MORT can use the observed pattern as comparative input, but must draft its own teen-safe language and obtain jurisdiction-specific attorney review.","Uses stated conduct, risk, restriction, reporting, or safety controls; MORT must retain emergency escalation and victim-centered treatment.","Addresses payment, fees, refunds, wages, or transaction duties; MORT must still state that its current flow records preferences and obligations without processing funds.","Provides a complaint, dispute, mediation, arbitration, or appeal pattern; MORT must preserve private review and avoid promising court outcomes.","Contains child, youth, age, parent, or guardian treatment that requires comparison with MORT's 13-17 role and optional Guardian Mode.","Addresses personal information, privacy rights, retention, or deletion; MORT must apply minimization to location, evidence, documents, and youth data.",Addresses location or address data; MORT should release exact job locations only after authorization and record the release state.,"Discusses identity, screening, background checks, or biometrics; MORT must label each signal precisely and avoid calling nonauthoritative checks identity proof.","Contains liability, warranty, indemnity, or insurance allocation that cannot be transferred to MORT without attorney review and nonwaivable-right analysis.",present in reviewed source,present in reviewed source,present in reviewed source,"Use seller accountability, fraud reporting, evidence retention, private restrictions, and clear buyer remedies without publishing unproven accusations.","Do not import adult-only eligibility assumptions, broad waivers, conclusive contractor labels, forced-dispute terms, or liability allocations without teen-safety and jurisdiction-specific review.",true,
MORT-LR-0296,OpenSea,Terms of Service,https://opensea.io/tos,opensea.io,2026-07-19,"February 13, 2025",United States,seller_resale_marketplaces,Seller and resale marketplaces,"seller, buyer, marketplace operator",account_and_eligibility | safety_and_conduct | payments_and_fees | disputes_and_appeals | privacy_and_retention | location | identity_and_verification | liability_and_insurance | minors_and_guardians | moderation_and_enforcement,reviewed_direct_and_tracked,current Open Terms Archive text version mapped to the official first-party source,200,https://opensea.io/tos,text/markdown,59e4d46b0811861ab935a814656ce6a6a346b7745dcfe2fa1bc6c31e1a368312,https://raw.githubusercontent.com/OpenTermsArchive/contrib-versions/main/OpenSea/Terms%20of%20Service.md,https://raw.githubusercontent.com/OpenTermsArchive/contrib-declarations/main/declarations/OpenSea.json,,,"OpenSea's Terms of Service addresses account and eligibility, safety and conduct, payments and fees, disputes and appeals for seller and resale marketplaces. MORT can use the observed pattern as comparative input, but must draft its own teen-safe language and obtain jurisdiction-specific attorney review.","Uses stated conduct, risk, restriction, reporting, or safety controls; MORT must retain emergency escalation and victim-centered treatment.","Addresses payment, fees, refunds, wages, or transaction duties; MORT must still state that its current flow records preferences and obligations without processing funds.","Provides a complaint, dispute, mediation, arbitration, or appeal pattern; MORT must preserve private review and avoid promising court outcomes.","Contains child, youth, age, parent, or guardian treatment that requires comparison with MORT's 13-17 role and optional Guardian Mode.","Addresses personal information, privacy rights, retention, or deletion; MORT must apply minimization to location, evidence, documents, and youth data.",Addresses location or address data; MORT should release exact job locations only after authorization and record the release state.,"Discusses identity, screening, background checks, or biometrics; MORT must label each signal precisely and avoid calling nonauthoritative checks identity proof.","Contains liability, warranty, indemnity, or insurance allocation that cannot be transferred to MORT without attorney review and nonwaivable-right analysis.",present in reviewed source,present in reviewed source,present in reviewed source,"Use seller accountability, fraud reporting, evidence retention, private restrictions, and clear buyer remedies without publishing unproven accusations.","Do not import adult-only eligibility assumptions, broad waivers, conclusive contractor labels, forced-dispute terms, or liability allocations without teen-safety and jurisdiction-specific review.",true,
MORT-LR-0297,OpenSea,Privacy Policy,https://opensea.io/privacy,opensea.io,2026-07-19,"December 1, 2023",European Union / EEA,seller_resale_marketplaces,Seller and resale marketplaces,"seller, buyer, marketplace operator",account_and_eligibility | safety_and_conduct | payments_and_fees | disputes_and_appeals | privacy_and_retention | location | identity_and_verification | minors_and_guardians | moderation_and_enforcement,reviewed_direct_and_tracked,current Open Terms Archive text version mapped to the official first-party source,200,https://opensea.io/privacy,text/markdown,988aab6f626b231e1c2c31467567d54a42374d8b9f049c7c775d140516a72538,https://raw.githubusercontent.com/OpenTermsArchive/contrib-versions/main/OpenSea/Privacy%20Policy.md,https://raw.githubusercontent.com/OpenTermsArchive/contrib-declarations/main/declarations/OpenSea.json,,,"OpenSea's Privacy Policy addresses account and eligibility, safety and conduct, payments and fees, disputes and appeals for seller and resale marketplaces. MORT can use the observed pattern as comparative input, but must draft its own teen-safe language and obtain jurisdiction-specific attorney review.","Uses stated conduct, risk, restriction, reporting, or safety controls; MORT must retain emergency escalation and victim-centered treatment.","Addresses payment, fees, refunds, wages, or transaction duties; MORT must still state that its current flow records preferences and obligations without processing funds.","Provides a complaint, dispute, mediation, arbitration, or appeal pattern; MORT must preserve private review and avoid promising court outcomes.","Contains child, youth, age, parent, or guardian treatment that requires comparison with MORT's 13-17 role and optional Guardian Mode.","Addresses personal information, privacy rights, retention, or deletion; MORT must apply minimization to location, evidence, documents, and youth data.",Addresses location or address data; MORT should release exact job locations only after authorization and record the release state.,"Discusses identity, screening, background checks, or biometrics; MORT must label each signal precisely and avoid calling nonauthoritative checks identity proof.",No detailed liability or insurance allocation was observed in this document.,not observed in reviewed source,not observed in reviewed source,not observed in reviewed source,"Use seller accountability, fraud reporting, evidence retention, private restrictions, and clear buyer remedies without publishing unproven accusations.","Do not import adult-only eligibility assumptions, broad waivers, conclusive contractor labels, forced-dispute terms, or liability allocations without teen-safety and jurisdiction-specific review.",true,
MORT-LR-0298,Rakuten,Terms of Service,https://fr.shopping.rakuten.com/newhelp/conditions-generales,fr.shopping.rakuten.com,2026-07-19,not visible in reviewed source,multi-jurisdiction or source-specific,seller_resale_marketplaces,Seller and resale marketplaces,"seller, buyer, marketplace operator",payments_and_fees | disputes_and_appeals | location | liability_and_insurance | moderation_and_enforcement,reviewed_tracked_snapshot,current Open Terms Archive text version mapped to the official first-party source,403,https://fr.shopping.rakuten.com/newhelp/conditions-generales/,text/markdown,b58fce0cee89cc72b3fdd9a1d3b6f6e8af93c3b1fae3eb3062d86373baadb74d,https://raw.githubusercontent.com/OpenTermsArchive/contrib-versions/main/Rakuten/Terms%20of%20Service.md,https://raw.githubusercontent.com/OpenTermsArchive/contrib-declarations/main/declarations/Rakuten.json,,,"Rakuten's Terms of Service addresses payments and fees, disputes and appeals, location, liability and insurance for seller and resale marketplaces. MORT can use the observed pattern as comparative input, but must draft its own teen-safe language and obtain jurisdiction-specific attorney review.","No detailed safety framework was observed in this document; MORT needs a separate, explicit safety policy.","Addresses payment, fees, refunds, wages, or transaction duties; MORT must still state that its current flow records preferences and obligations without processing funds.","Provides a complaint, dispute, mediation, arbitration, or appeal pattern; MORT must preserve private review and avoid promising court outcomes.",No material minor-user treatment was observed; this gap makes the source unsuitable as a complete model for MORT.,No detailed privacy or retention treatment was observed in this document.,Addresses location or address data; MORT should release exact job locations only after authorization and record the release state.,No material identity-verification process was observed in this document.,"Contains liability, warranty, indemnity, or insurance allocation that cannot be transferred to MORT without attorney review and nonwaivable-right analysis.",not observed in reviewed source,not observed in reviewed source,not observed in reviewed source,"Use seller accountability, fraud reporting, evidence retention, private restrictions, and clear buyer remedies without publishing unproven accusations.","Do not import adult-only eligibility assumptions, broad waivers, conclusive contractor labels, forced-dispute terms, or liability allocations without teen-safety and jurisdiction-specific review.",true,
MORT-LR-0299,Rakuten,Privacy Policy,https://fr.shopping.rakuten.com/newhelp/vie-privee-et-cookies,fr.shopping.rakuten.com,2026-07-19,not visible in reviewed source,multi-jurisdiction or source-specific,seller_resale_marketplaces,Seller and resale marketplaces,"seller, buyer, marketplace operator",payments_and_fees | privacy_and_retention,reviewed_tracked_snapshot,current Open Terms Archive text version mapped to the official first-party source,403,https://fr.shopping.rakuten.com/newhelp/vie-privee-et-cookies/,text/markdown,11d5b4081db8dc67eb2b50d2af9d5d04a1526ab07084b1f91ec6298a303c5b14,https://raw.githubusercontent.com/OpenTermsArchive/contrib-versions/main/Rakuten/Privacy%20Policy.md,https://raw.githubusercontent.com/OpenTermsArchive/contrib-declarations/main/declarations/Rakuten.json,,,"Rakuten's Privacy Policy addresses payments and fees, privacy and retention for seller and resale marketplaces. MORT can use the observed pattern as comparative input, but must draft its own teen-safe language and obtain jurisdiction-specific attorney review.","No detailed safety framework was observed in this document; MORT needs a separate, explicit safety policy.","Addresses payment, fees, refunds, wages, or transaction duties; MORT must still state that its current flow records preferences and obligations without processing funds.",No detailed dispute path was observed in this document.,No material minor-user treatment was observed; this gap makes the source unsuitable as a complete model for MORT.,"Addresses personal information, privacy rights, retention, or deletion; MORT must apply minimization to location, evidence, documents, and youth data.",No material location treatment was observed in this document.,No material identity-verification process was observed in this document.,No detailed liability or insurance allocation was observed in this document.,not observed in reviewed source,not observed in reviewed source,not observed in reviewed source,"Use seller accountability, fraud reporting, evidence retention, private restrictions, and clear buyer remedies without publishing unproven accusations.","Do not import adult-only eligibility assumptions, broad waivers, conclusive contractor labels, forced-dispute terms, or liability allocations without teen-safety and jurisdiction-specific review.",true,
MORT-LR-0300,Veepee,Commercial Terms,https://www.veepee.fr/cgv/fr-FR/Conditions_Generales_de_Vente.pdf?CountryCode=FR,www.veepee.fr,2026-07-19,not visible in reviewed source,multi-jurisdiction or source-specific,seller_resale_marketplaces,Seller and resale marketplaces,"seller, buyer, marketplace operator",payments_and_fees | location | minors_and_guardians | moderation_and_enforcement,reviewed_direct_and_tracked,current Open Terms Archive text version mapped to the official first-party source,200,https://www.veepee.fr/cgv/fr-FR/Conditions_Generales_de_Vente.pdf?CountryCode=FR,text/markdown,9d64e140e46c4414a66dc687c54c82190d0ae04d488602e7fa7b27ddbab751d2,https://raw.githubusercontent.com/OpenTermsArchive/contrib-versions/main/Veepee/Commercial%20Terms.md,https://raw.githubusercontent.com/OpenTermsArchive/contrib-declarations/main/declarations/Veepee.json,,,"Veepee's Commercial Terms addresses payments and fees, location, minors and guardians, moderation and enforcement for seller and resale marketplaces. MORT can use the observed pattern as comparative input, but must draft its own teen-safe language and obtain jurisdiction-specific attorney review.","No detailed safety framework was observed in this document; MORT needs a separate, explicit safety policy.","Addresses payment, fees, refunds, wages, or transaction duties; MORT must still state that its current flow records preferences and obligations without processing funds.",No detailed dispute path was observed in this document.,"Contains child, youth, age, parent, or guardian treatment that requires comparison with MORT's 13-17 role and optional Guardian Mode.",No detailed privacy or retention treatment was observed in this document.,Addresses location or address data; MORT should release exact job locations only after authorization and record the release state.,No material identity-verification process was observed in this document.,No detailed liability or insurance allocation was observed in this document.,not observed in reviewed source,not observed in reviewed source,not observed in reviewed source,"Use seller accountability, fraud reporting, evidence retention, private restrictions, and clear buyer remedies without publishing unproven accusations.","Do not import adult-only eligibility assumptions, broad waivers, conclusive contractor labels, forced-dispute terms, or liability allocations without teen-safety and jurisdiction-specific review.",true,
